{
	"credit": "Made with Blockbench",
	"textures": {
		"3": "block/black_concrete",
		"4": "block/white_concrete",
		"5": "block/white_stained_glass",
		"6": "block/bell_side",
		"7": "block/glass",
		"8": "block/58do",
		"particle": "block/acacia_log"
	},
	"elements": [
		{
			"from": [7, 0, 7],
			"to": [8, 0.2, 8],
			"faces": {
				"north": {"uv": [0.4, 0.7, 15.8, 15.3], "texture": "#7"},
				"east": {"uv": [0.4, 0.7, 15.8, 15.3], "texture": "#7"},
				"south": {"uv": [0.4, 0.7, 15.8, 15.3], "texture": "#7"},
				"west": {"uv": [0.4, 0.7, 15.8, 15.3], "texture": "#7"},
				"up": {"uv": [0.4, 0.7, 15.8, 15.3], "texture": "#7"},
				"down": {"uv": [0.4, 0.7, 15.8, 15.3], "texture": "#7"}
			}
		},
		{
			"from": [7, 0, 6],
			"to": [8, 0.2, 7],
			"faces": {
				"north": {"uv": [0.4, 0.7, 15.8, 15.3], "texture": "#7"},
				"east": {"uv": [0.4, 0.7, 15.8, 15.3], "texture": "#7"},
				"south": {"uv": [0.4, 0.7, 15.8, 15.3], "texture": "#7"},
				"west": {"uv": [0.4, 0.7, 15.8, 15.3], "texture": "#7"},
				"up": {"uv": [0.4, 0.7, 15.8, 15.3], "texture": "#7"},
				"down": {"uv": [0.4, 0.7, 15.8, 15.3], "texture": "#7"}
			}
		},
		{
			"from": [7, 0, 8],
			"to": [8, 0.2, 9],
			"faces": {
				"north": {"uv": [0.4, 0.7, 15.8, 15.3], "texture": "#7"},
				"east": {"uv": [0.4, 0.7, 15.8, 15.3], "texture": "#7"},
				"south": {"uv": [0.4, 0.7, 15.8, 15.3], "texture": "#7"},
				"west": {"uv": [0.4, 0.7, 15.8, 15.3], "texture": "#7"},
				"up": {"uv": [0.4, 0.7, 15.8, 15.3], "texture": "#7"},
				"down": {"uv": [0.4, 0.7, 15.8, 15.3], "texture": "#7"}
			}
		},
		{
			"from": [6.6, 0.2, 8.9],
			"to": [8.4, 0.8, 9.2],
			"faces": {
				"north": {"uv": [1.6, 2, 15.8, 15.3], "texture": "#7"},
				"east": {"uv": [1.6, 2, 15.8, 15.3], "texture": "#7"},
				"south": {"uv": [1.6, 2, 15.8, 15.3], "texture": "#7"},
				"west": {"uv": [1.6, 2, 15.8, 15.3], "texture": "#7"},
				"up": {"uv": [1.6, 2, 15.8, 15.3], "texture": "#7"},
				"down": {"uv": [1.6, 2, 15.8, 15.3], "texture": "#7"}
			}
		},
		{
			"from": [6.6, 0.2, 5.8],
			"to": [8.4, 0.8, 6.1],
			"faces": {
				"north": {"uv": [1.6, 2, 15.8, 15.3], "texture": "#7"},
				"east": {"uv": [1.6, 2, 15.8, 15.3], "texture": "#7"},
				"south": {"uv": [1.6, 2, 15.8, 15.3], "texture": "#7"},
				"west": {"uv": [1.6, 2, 15.8, 15.3], "texture": "#7"},
				"up": {"uv": [1.6, 2, 15.8, 15.3], "texture": "#7"},
				"down": {"uv": [1.6, 2, 15.8, 15.3], "texture": "#7"}
			}
		},
		{
			"from": [5.75, 0.2, 6.65],
			"to": [6.05, 0.8, 8.35],
			"rotation": {"angle": 0, "axis": "y", "origin": [7.5, 0.3, 7.35]},
			"faces": {
				"north": {"uv": [1.6, 2, 15.8, 15.3], "rotation": 90, "texture": "#7"},
				"east": {"uv": [1.6, 2, 15.8, 15.3], "rotation": 90, "texture": "#7"},
				"south": {"uv": [1.6, 2, 15.8, 15.3], "rotation": 90, "texture": "#7"},
				"west": {"uv": [1.6, 2, 15.8, 15.3], "rotation": 90, "texture": "#7"},
				"up": {"uv": [1.6, 2, 15.8, 15.3], "rotation": 90, "texture": "#7"},
				"down": {"uv": [1.6, 2, 15.8, 15.3], "rotation": 90, "texture": "#7"}
			}
		},
		{
			"from": [8.5, 0.2, 8.25],
			"to": [8.9, 0.8, 8.55],
			"rotation": {"angle": 0, "axis": "y", "origin": [6.375, 0.3, 7.525]},
			"faces": {
				"north": {"uv": [1.6, 2, 15.8, 15.3], "rotation": 90, "texture": "#7"},
				"east": {"uv": [1.6, 2, 15.8, 15.3], "rotation": 90, "texture": "#7"},
				"south": {"uv": [1.6, 2, 15.8, 15.3], "rotation": 90, "texture": "#7"},
				"west": {"uv": [1.6, 2, 15.8, 15.3], "rotation": 90, "texture": "#7"},
				"up": {"uv": [1.6, 2, 15.8, 15.3], "rotation": 90, "texture": "#7"},
				"down": {"uv": [1.6, 2, 15.8, 15.3], "rotation": 90, "texture": "#7"}
			}
		},
		{
			"from": [8.3, 0.2, 8.55],
			"to": [8.6, 0.8, 8.95],
			"rotation": {"angle": 0, "axis": "y", "origin": [6.375, 0.3, 7.525]},
			"faces": {
				"north": {"uv": [1.6, 2, 15.8, 15.3], "rotation": 90, "texture": "#7"},
				"east": {"uv": [1.6, 2, 15.8, 15.3], "rotation": 90, "texture": "#7"},
				"south": {"uv": [1.6, 2, 15.8, 15.3], "rotation": 90, "texture": "#7"},
				"west": {"uv": [1.6, 2, 15.8, 15.3], "rotation": 90, "texture": "#7"},
				"up": {"uv": [1.6, 2, 15.8, 15.3], "rotation": 90, "texture": "#7"},
				"down": {"uv": [1.6, 2, 15.8, 15.3], "rotation": 90, "texture": "#7"}
			}
		},
		{
			"from": [8.5, 0.2, 6.5],
			"to": [8.9, 0.8, 6.8],
			"rotation": {"angle": 0, "axis": "y", "origin": [6.375, 0.3, 7.525]},
			"faces": {
				"north": {"uv": [1.6, 2, 15.8, 15.3], "texture": "#7"},
				"east": {"uv": [1.6, 2, 15.8, 15.3], "texture": "#7"},
				"south": {"uv": [1.6, 2, 15.8, 15.3], "texture": "#7"},
				"west": {"uv": [1.6, 2, 15.8, 15.3], "texture": "#7"},
				"up": {"uv": [1.6, 2, 15.8, 15.3], "texture": "#7"},
				"down": {"uv": [1.6, 2, 15.8, 15.3], "texture": "#7"}
			}
		},
		{
			"from": [8.3, 0.2, 6.1],
			"to": [8.6, 0.8, 6.5],
			"rotation": {"angle": 0, "axis": "y", "origin": [6.375, 0.3, 7.525]},
			"faces": {
				"north": {"uv": [1.6, 2, 15.8, 15.3], "texture": "#7"},
				"east": {"uv": [1.6, 2, 15.8, 15.3], "texture": "#7"},
				"south": {"uv": [1.6, 2, 15.8, 15.3], "texture": "#7"},
				"west": {"uv": [1.6, 2, 15.8, 15.3], "texture": "#7"},
				"up": {"uv": [1.6, 2, 15.8, 15.3], "texture": "#7"},
				"down": {"uv": [1.6, 2, 15.8, 15.3], "texture": "#7"}
			}
		},
		{
			"from": [6.35, 0.2, 8.55],
			"to": [6.65, 0.8, 8.95],
			"rotation": {"angle": 0, "axis": "y", "origin": [6.375, 0.3, 7.525]},
			"faces": {
				"north": {"uv": [1.6, 2, 15.8, 15.3], "rotation": 90, "texture": "#7"},
				"east": {"uv": [1.6, 2, 15.8, 15.3], "rotation": 90, "texture": "#7"},
				"south": {"uv": [1.6, 2, 15.8, 15.3], "rotation": 90, "texture": "#7"},
				"west": {"uv": [1.6, 2, 15.8, 15.3], "rotation": 90, "texture": "#7"},
				"up": {"uv": [1.6, 2, 15.8, 15.3], "rotation": 90, "texture": "#7"},
				"down": {"uv": [1.6, 2, 15.8, 15.3], "rotation": 90, "texture": "#7"}
			}
		},
		{
			"from": [6.05, 0.2, 8.25],
			"to": [6.45, 0.8, 8.55],
			"rotation": {"angle": 0, "axis": "y", "origin": [6.375, 0.3, 7.525]},
			"faces": {
				"north": {"uv": [1.6, 2, 15.8, 15.3], "rotation": 90, "texture": "#7"},
				"east": {"uv": [1.6, 2, 15.8, 15.3], "rotation": 90, "texture": "#7"},
				"south": {"uv": [1.6, 2, 15.8, 15.3], "rotation": 90, "texture": "#7"},
				"west": {"uv": [1.6, 2, 15.8, 15.3], "rotation": 90, "texture": "#7"},
				"up": {"uv": [1.6, 2, 15.8, 15.3], "rotation": 90, "texture": "#7"},
				"down": {"uv": [1.6, 2, 15.8, 15.3], "rotation": 90, "texture": "#7"}
			}
		},
		{
			"from": [6.35, 0.2, 6.1],
			"to": [6.65, 0.8, 6.5],
			"rotation": {"angle": 0, "axis": "y", "origin": [6.375, 0.3, 7.525]},
			"faces": {
				"north": {"uv": [1.6, 2, 15.8, 15.3], "rotation": 270, "texture": "#7"},
				"east": {"uv": [1.6, 2, 15.8, 15.3], "rotation": 270, "texture": "#7"},
				"south": {"uv": [1.6, 2, 15.8, 15.3], "rotation": 270, "texture": "#7"},
				"west": {"uv": [1.6, 2, 15.8, 15.3], "rotation": 270, "texture": "#7"},
				"up": {"uv": [1.6, 2, 15.8, 15.3], "rotation": 270, "texture": "#7"},
				"down": {"uv": [1.6, 2, 15.8, 15.3], "rotation": 270, "texture": "#7"}
			}
		},
		{
			"from": [6.05, 0.2, 6.5],
			"to": [6.45, 0.8, 6.8],
			"rotation": {"angle": 0, "axis": "y", "origin": [6.375, 0.3, 7.525]},
			"faces": {
				"north": {"uv": [1.6, 2, 15.8, 15.3], "rotation": 180, "texture": "#7"},
				"east": {"uv": [1.6, 2, 15.8, 15.3], "rotation": 180, "texture": "#7"},
				"south": {"uv": [1.6, 2, 15.8, 15.3], "rotation": 180, "texture": "#7"},
				"west": {"uv": [1.6, 2, 15.8, 15.3], "rotation": 180, "texture": "#7"},
				"up": {"uv": [1.6, 2, 15.8, 15.3], "rotation": 180, "texture": "#7"},
				"down": {"uv": [1.6, 2, 15.8, 15.3], "rotation": 180, "texture": "#7"}
			}
		},
		{
			"from": [8.95, 0.2, 6.55],
			"to": [9.25, 0.8, 8.35],
			"rotation": {"angle": 0, "axis": "y", "origin": [7.5, 0.3, 7.35]},
			"faces": {
				"north": {"uv": [1.6, 2, 15.8, 15.3], "rotation": 90, "texture": "#7"},
				"east": {"uv": [1.6, 2, 15.8, 15.3], "rotation": 90, "texture": "#7"},
				"south": {"uv": [1.6, 2, 15.8, 15.3], "rotation": 90, "texture": "#7"},
				"west": {"uv": [1.6, 2, 15.8, 15.3], "rotation": 90, "texture": "#7"},
				"up": {"uv": [1.6, 2, 15.8, 15.3], "rotation": 90, "texture": "#7"},
				"down": {"uv": [1.6, 2, 15.8, 15.3], "rotation": 90, "texture": "#7"}
			}
		},
		{
			"from": [8.3, 0.8, 6.1],
			"to": [8.6, 2, 6.5],
			"rotation": {"angle": 0, "axis": "y", "origin": [6.375, 0.3, 7.525]},
			"faces": {
				"north": {"uv": [0.2, 0, 15.8, 15.3], "texture": "#7"},
				"east": {"uv": [0.2, 0, 15.8, 15.3], "texture": "#7"},
				"south": {"uv": [0.2, 0, 15.8, 15.3], "texture": "#7"},
				"west": {"uv": [0.2, 0, 15.8, 15.3], "texture": "#7"},
				"up": {"uv": [0.2, 0, 15.8, 15.3], "texture": "#7"},
				"down": {"uv": [0.2, 0, 15.8, 15.3], "texture": "#7"}
			}
		},
		{
			"from": [8.5, 0.8, 6.5],
			"to": [8.9, 2, 6.8],
			"rotation": {"angle": 0, "axis": "y", "origin": [6.375, 0.3, 7.525]},
			"faces": {
				"north": {"uv": [0.2, 0, 15.8, 15.3], "texture": "#7"},
				"east": {"uv": [0.2, 0, 15.8, 15.3], "texture": "#7"},
				"south": {"uv": [0.2, 0, 15.8, 15.3], "texture": "#7"},
				"west": {"uv": [0.2, 0, 15.8, 15.3], "texture": "#7"},
				"up": {"uv": [0.2, 0, 15.8, 15.3], "texture": "#7"},
				"down": {"uv": [0.2, 0, 15.8, 15.3], "texture": "#7"}
			}
		},
		{
			"from": [8.5, 0.8, 8.25],
			"to": [8.9, 2, 8.55],
			"rotation": {"angle": 0, "axis": "y", "origin": [6.375, 0.3, 7.525]},
			"faces": {
				"north": {"uv": [0.2, 0, 15.8, 15.3], "rotation": 180, "texture": "#7"},
				"east": {"uv": [0.2, 0, 15.8, 15.3], "rotation": 180, "texture": "#7"},
				"south": {"uv": [0.2, 0, 15.8, 15.3], "rotation": 180, "texture": "#7"},
				"west": {"uv": [0.2, 0, 15.8, 15.3], "rotation": 180, "texture": "#7"},
				"up": {"uv": [0.2, 0, 15.8, 15.3], "rotation": 180, "texture": "#7"},
				"down": {"uv": [0.2, 0, 15.8, 15.3], "rotation": 180, "texture": "#7"}
			}
		},
		{
			"from": [8.3, 0.8, 8.55],
			"to": [8.6, 2, 8.95],
			"rotation": {"angle": 0, "axis": "y", "origin": [6.375, 0.3, 7.525]},
			"faces": {
				"north": {"uv": [0.2, 0, 15.8, 15.3], "rotation": 180, "texture": "#7"},
				"east": {"uv": [0.2, 0, 15.8, 15.3], "rotation": 180, "texture": "#7"},
				"south": {"uv": [0.2, 0, 15.8, 15.3], "rotation": 180, "texture": "#7"},
				"west": {"uv": [0.2, 0, 15.8, 15.3], "rotation": 180, "texture": "#7"},
				"up": {"uv": [0.2, 0, 15.8, 15.3], "rotation": 180, "texture": "#7"},
				"down": {"uv": [0.2, 0, 15.8, 15.3], "rotation": 180, "texture": "#7"}
			}
		},
		{
			"from": [6.35, 0.8, 6.1],
			"to": [6.65, 2, 6.5],
			"rotation": {"angle": 0, "axis": "y", "origin": [6.375, 0.3, 7.525]},
			"faces": {
				"north": {"uv": [0.2, 0, 15.8, 15.3], "rotation": 180, "texture": "#7"},
				"east": {"uv": [0.2, 0, 15.8, 15.3], "rotation": 180, "texture": "#7"},
				"south": {"uv": [0.2, 0, 15.8, 15.3], "rotation": 180, "texture": "#7"},
				"west": {"uv": [0.2, 0, 15.8, 15.3], "rotation": 180, "texture": "#7"},
				"up": {"uv": [0.2, 0, 15.8, 15.3], "rotation": 180, "texture": "#7"},
				"down": {"uv": [0.2, 0, 15.8, 15.3], "rotation": 180, "texture": "#7"}
			}
		},
		{
			"from": [6.05, 0.8, 6.5],
			"to": [6.45, 2, 6.8],
			"rotation": {"angle": 0, "axis": "y", "origin": [6.375, 0.3, 7.525]},
			"faces": {
				"north": {"uv": [0.2, 0, 15.8, 15.3], "rotation": 180, "texture": "#7"},
				"east": {"uv": [0.2, 0, 15.8, 15.3], "rotation": 180, "texture": "#7"},
				"south": {"uv": [0.2, 0, 15.8, 15.3], "rotation": 180, "texture": "#7"},
				"west": {"uv": [0.2, 0, 15.8, 15.3], "rotation": 180, "texture": "#7"},
				"up": {"uv": [0.2, 0, 15.8, 15.3], "rotation": 180, "texture": "#7"},
				"down": {"uv": [0.2, 0, 15.8, 15.3], "rotation": 180, "texture": "#7"}
			}
		},
		{
			"from": [6.6, 0.8, 5.8],
			"to": [8.4, 2, 6.2],
			"faces": {
				"north": {"uv": [0.2, 0, 15.8, 15.3], "texture": "#7"},
				"east": {"uv": [0.2, 0, 15.8, 15.3], "texture": "#7"},
				"south": {"uv": [0.2, 0, 15.8, 15.3], "texture": "#7"},
				"west": {"uv": [0.2, 0, 15.8, 15.3], "texture": "#7"},
				"up": {"uv": [0.2, 0, 15.8, 15.3], "texture": "#7"},
				"down": {"uv": [0.2, 0, 15.8, 15.3], "texture": "#7"}
			}
		},
		{
			"from": [8.85, 0.8, 6.55],
			"to": [9.25, 2, 8.35],
			"rotation": {"angle": 0, "axis": "y", "origin": [7.5, 0.3, 7.35]},
			"faces": {
				"north": {"uv": [0.2, 0, 15.8, 15.3], "texture": "#7"},
				"east": {"uv": [0.2, 0, 15.8, 15.3], "texture": "#7"},
				"south": {"uv": [0.2, 0, 15.8, 15.3], "texture": "#7"},
				"west": {"uv": [0.2, 0, 15.8, 15.3], "texture": "#7"},
				"up": {"uv": [0.2, 0, 15.8, 15.3], "texture": "#7"},
				"down": {"uv": [0.2, 0, 15.8, 15.3], "texture": "#7"}
			}
		},
		{
			"from": [6.6, 0.8, 8.8],
			"to": [8.4, 2, 9.2],
			"faces": {
				"north": {"uv": [0.2, 0, 15.8, 15.3], "texture": "#7"},
				"east": {"uv": [0.2, 0, 15.8, 15.3], "texture": "#7"},
				"south": {"uv": [0.2, 0, 15.8, 15.3], "texture": "#7"},
				"west": {"uv": [0.2, 0, 15.8, 15.3], "texture": "#7"},
				"up": {"uv": [0.2, 0, 15.8, 15.3], "texture": "#7"},
				"down": {"uv": [0.2, 0, 15.8, 15.3], "texture": "#7"}
			}
		},
		{
			"from": [6.35, 0.8, 8.55],
			"to": [6.65, 2, 8.95],
			"rotation": {"angle": 0, "axis": "y", "origin": [6.375, 0.3, 7.525]},
			"faces": {
				"north": {"uv": [0.2, 0, 15.8, 15.3], "texture": "#7"},
				"east": {"uv": [0.2, 0, 15.8, 15.3], "texture": "#7"},
				"south": {"uv": [0.2, 0, 15.8, 15.3], "texture": "#7"},
				"west": {"uv": [0.2, 0, 15.8, 15.3], "texture": "#7"},
				"up": {"uv": [0.2, 0, 15.8, 15.3], "texture": "#7"},
				"down": {"uv": [0.2, 0, 15.8, 15.3], "texture": "#7"}
			}
		},
		{
			"from": [6.05, 0.8, 8.25],
			"to": [6.45, 2, 8.55],
			"rotation": {"angle": 0, "axis": "y", "origin": [6.375, 0.3, 7.525]},
			"faces": {
				"north": {"uv": [0.2, 0, 15.8, 15.3], "texture": "#7"},
				"east": {"uv": [0.2, 0, 15.8, 15.3], "texture": "#7"},
				"south": {"uv": [0.2, 0, 15.8, 15.3], "texture": "#7"},
				"west": {"uv": [0.2, 0, 15.8, 15.3], "texture": "#7"},
				"up": {"uv": [0.2, 0, 15.8, 15.3], "texture": "#7"},
				"down": {"uv": [0.2, 0, 15.8, 15.3], "texture": "#7"}
			}
		},
		{
			"from": [5.75, 0.8, 6.65],
			"to": [6.25, 2, 8.35],
			"rotation": {"angle": 0, "axis": "y", "origin": [7.5, 0.3, 7.35]},
			"faces": {
				"north": {"uv": [0.2, 0, 15.8, 15.3], "texture": "#7"},
				"east": {"uv": [0.2, 0, 15.8, 15.3], "texture": "#7"},
				"south": {"uv": [0.2, 0, 15.8, 15.3], "texture": "#7"},
				"west": {"uv": [0.2, 0, 15.8, 15.3], "texture": "#7"},
				"up": {"uv": [0.2, 0, 15.8, 15.3], "texture": "#7"},
				"down": {"uv": [0.2, 0, 15.8, 15.3], "texture": "#7"}
			}
		},
		{
			"from": [8.3, 2, 6.1],
			"to": [8.6, 3.2, 6.5],
			"rotation": {"angle": 0, "axis": "y", "origin": [6.375, 0.3, 7.525]},
			"faces": {
				"north": {"uv": [0.2, 0, 15.8, 15.3], "texture": "#7"},
				"east": {"uv": [0.2, 0, 15.8, 15.3], "texture": "#7"},
				"south": {"uv": [0.2, 0, 15.8, 15.3], "texture": "#7"},
				"west": {"uv": [0.2, 0, 15.8, 15.3], "texture": "#7"},
				"up": {"uv": [0.2, 0, 15.8, 15.3], "texture": "#7"},
				"down": {"uv": [0.2, 0, 15.8, 15.3], "texture": "#7"}
			}
		},
		{
			"from": [8.5, 2, 6.5],
			"to": [8.9, 3.2, 6.8],
			"rotation": {"angle": 0, "axis": "y", "origin": [6.375, 0.3, 7.525]},
			"faces": {
				"north": {"uv": [0.2, 0, 15.8, 15.3], "texture": "#7"},
				"east": {"uv": [0.2, 0, 15.8, 15.3], "texture": "#7"},
				"south": {"uv": [0.2, 0, 15.8, 15.3], "texture": "#7"},
				"west": {"uv": [0.2, 0, 15.8, 15.3], "texture": "#7"},
				"up": {"uv": [0.2, 0, 15.8, 15.3], "texture": "#7"},
				"down": {"uv": [0.2, 0, 15.8, 15.3], "texture": "#7"}
			}
		},
		{
			"from": [8.5, 2, 8.25],
			"to": [8.9, 3.2, 8.55],
			"rotation": {"angle": 0, "axis": "y", "origin": [6.375, 0.3, 7.525]},
			"faces": {
				"north": {"uv": [0.2, 0, 15.8, 15.3], "rotation": 180, "texture": "#7"},
				"east": {"uv": [0.2, 0, 15.8, 15.3], "rotation": 180, "texture": "#7"},
				"south": {"uv": [0.2, 0, 15.8, 15.3], "rotation": 180, "texture": "#7"},
				"west": {"uv": [0.2, 0, 15.8, 15.3], "rotation": 180, "texture": "#7"},
				"up": {"uv": [0.2, 0, 15.8, 15.3], "rotation": 180, "texture": "#7"},
				"down": {"uv": [0.2, 0, 15.8, 15.3], "rotation": 180, "texture": "#7"}
			}
		},
		{
			"from": [8.3, 2, 8.55],
			"to": [8.6, 3.2, 8.95],
			"rotation": {"angle": 0, "axis": "y", "origin": [6.375, 0.3, 7.525]},
			"faces": {
				"north": {"uv": [0.2, 0, 15.8, 15.3], "rotation": 180, "texture": "#7"},
				"east": {"uv": [0.2, 0, 15.8, 15.3], "rotation": 180, "texture": "#7"},
				"south": {"uv": [0.2, 0, 15.8, 15.3], "rotation": 180, "texture": "#7"},
				"west": {"uv": [0.2, 0, 15.8, 15.3], "rotation": 180, "texture": "#7"},
				"up": {"uv": [0.2, 0, 15.8, 15.3], "rotation": 180, "texture": "#7"},
				"down": {"uv": [0.2, 0, 15.8, 15.3], "rotation": 180, "texture": "#7"}
			}
		},
		{
			"from": [6.35, 2, 6.1],
			"to": [6.65, 3.2, 6.5],
			"rotation": {"angle": 0, "axis": "y", "origin": [6.375, 0.3, 7.525]},
			"faces": {
				"north": {"uv": [0.2, 0, 15.8, 15.3], "rotation": 180, "texture": "#7"},
				"east": {"uv": [0.2, 0, 15.8, 15.3], "rotation": 180, "texture": "#7"},
				"south": {"uv": [0.2, 0, 15.8, 15.3], "rotation": 180, "texture": "#7"},
				"west": {"uv": [0.2, 0, 15.8, 15.3], "rotation": 180, "texture": "#7"},
				"up": {"uv": [0.2, 0, 15.8, 15.3], "rotation": 180, "texture": "#7"},
				"down": {"uv": [0.2, 0, 15.8, 15.3], "rotation": 180, "texture": "#7"}
			}
		},
		{
			"from": [6.05, 2, 6.5],
			"to": [6.45, 3.2, 6.8],
			"rotation": {"angle": 0, "axis": "y", "origin": [6.375, 0.3, 7.525]},
			"faces": {
				"north": {"uv": [0.2, 0, 15.8, 15.3], "rotation": 180, "texture": "#7"},
				"east": {"uv": [0.2, 0, 15.8, 15.3], "rotation": 180, "texture": "#7"},
				"south": {"uv": [0.2, 0, 15.8, 15.3], "rotation": 180, "texture": "#7"},
				"west": {"uv": [0.2, 0, 15.8, 15.3], "rotation": 180, "texture": "#7"},
				"up": {"uv": [0.2, 0, 15.8, 15.3], "rotation": 180, "texture": "#7"},
				"down": {"uv": [0.2, 0, 15.8, 15.3], "rotation": 180, "texture": "#7"}
			}
		},
		{
			"from": [6.6, 2, 5.8],
			"to": [8.4, 3.2, 6.2],
			"faces": {
				"north": {"uv": [0.2, 0, 15.8, 15.3], "texture": "#7"},
				"east": {"uv": [0.2, 0, 15.8, 15.3], "texture": "#7"},
				"south": {"uv": [0.2, 0, 15.8, 15.3], "texture": "#7"},
				"west": {"uv": [0.2, 0, 15.8, 15.3], "texture": "#7"},
				"up": {"uv": [0.2, 0, 15.8, 15.3], "texture": "#7"},
				"down": {"uv": [0.2, 0, 15.8, 15.3], "texture": "#7"}
			}
		},
		{
			"from": [8.85, 2, 6.55],
			"to": [9.25, 3.2, 8.35],
			"rotation": {"angle": 0, "axis": "y", "origin": [7.5, 0.3, 7.35]},
			"faces": {
				"north": {"uv": [0.2, 0, 15.8, 15.3], "texture": "#7"},
				"east": {"uv": [0.2, 0, 15.8, 15.3], "texture": "#7"},
				"south": {"uv": [0.2, 0, 15.8, 15.3], "texture": "#7"},
				"west": {"uv": [0.2, 0, 15.8, 15.3], "texture": "#7"},
				"up": {"uv": [0.2, 0, 15.8, 15.3], "texture": "#7"},
				"down": {"uv": [0.2, 0, 15.8, 15.3], "texture": "#7"}
			}
		},
		{
			"from": [6.6, 2, 8.8],
			"to": [8.4, 3.2, 9.2],
			"faces": {
				"north": {"uv": [0.2, 0, 15.8, 15.3], "texture": "#7"},
				"east": {"uv": [0.2, 0, 15.8, 15.3], "texture": "#7"},
				"south": {"uv": [0.2, 0, 15.8, 15.3], "texture": "#7"},
				"west": {"uv": [0.2, 0, 15.8, 15.3], "texture": "#7"},
				"up": {"uv": [0.2, 0, 15.8, 15.3], "texture": "#7"},
				"down": {"uv": [0.2, 0, 15.8, 15.3], "texture": "#7"}
			}
		},
		{
			"from": [6.35, 2, 8.55],
			"to": [6.65, 3.2, 8.95],
			"rotation": {"angle": 0, "axis": "y", "origin": [6.375, 0.3, 7.525]},
			"faces": {
				"north": {"uv": [0.2, 0, 15.8, 15.3], "texture": "#7"},
				"east": {"uv": [0.2, 0, 15.8, 15.3], "texture": "#7"},
				"south": {"uv": [0.2, 0, 15.8, 15.3], "texture": "#7"},
				"west": {"uv": [0.2, 0, 15.8, 15.3], "texture": "#7"},
				"up": {"uv": [0.2, 0, 15.8, 15.3], "texture": "#7"},
				"down": {"uv": [0.2, 0, 15.8, 15.3], "texture": "#7"}
			}
		},
		{
			"from": [6.05, 2, 8.25],
			"to": [6.45, 3.2, 8.55],
			"rotation": {"angle": 0, "axis": "y", "origin": [6.375, 0.3, 7.525]},
			"faces": {
				"north": {"uv": [0.2, 0, 15.8, 15.3], "texture": "#7"},
				"east": {"uv": [0.2, 0, 15.8, 15.3], "texture": "#7"},
				"south": {"uv": [0.2, 0, 15.8, 15.3], "texture": "#7"},
				"west": {"uv": [0.2, 0, 15.8, 15.3], "texture": "#7"},
				"up": {"uv": [0.2, 0, 15.8, 15.3], "texture": "#7"},
				"down": {"uv": [0.2, 0, 15.8, 15.3], "texture": "#7"}
			}
		},
		{
			"from": [5.75, 2, 6.65],
			"to": [6.25, 3.2, 8.35],
			"rotation": {"angle": 0, "axis": "y", "origin": [7.5, 0.3, 7.35]},
			"faces": {
				"north": {"uv": [0.2, 0, 15.8, 15.3], "texture": "#7"},
				"east": {"uv": [0.2, 0, 15.8, 15.3], "texture": "#7"},
				"south": {"uv": [0.2, 0, 15.8, 15.3], "texture": "#7"},
				"west": {"uv": [0.2, 0, 15.8, 15.3], "texture": "#7"},
				"up": {"uv": [0.2, 0, 15.8, 15.3], "texture": "#7"},
				"down": {"uv": [0.2, 0, 15.8, 15.3], "texture": "#7"}
			}
		},
		{
			"from": [8.3, 3.2, 6.1],
			"to": [8.6, 4.4, 6.5],
			"rotation": {"angle": 0, "axis": "y", "origin": [6.375, 0.3, 7.525]},
			"faces": {
				"north": {"uv": [0.2, 0, 15.8, 15.3], "texture": "#7"},
				"east": {"uv": [0.2, 0, 15.8, 15.3], "texture": "#7"},
				"south": {"uv": [0.2, 0, 15.8, 15.3], "texture": "#7"},
				"west": {"uv": [0.2, 0, 15.8, 15.3], "texture": "#7"},
				"up": {"uv": [0.2, 0, 15.8, 15.3], "texture": "#7"},
				"down": {"uv": [0.2, 0, 15.8, 15.3], "texture": "#7"}
			}
		},
		{
			"from": [8.5, 3.2, 6.5],
			"to": [8.9, 4.4, 6.8],
			"rotation": {"angle": 0, "axis": "y", "origin": [6.375, 0.3, 7.525]},
			"faces": {
				"north": {"uv": [0.2, 0, 15.8, 15.3], "texture": "#7"},
				"east": {"uv": [0.2, 0, 15.8, 15.3], "texture": "#7"},
				"south": {"uv": [0.2, 0, 15.8, 15.3], "texture": "#7"},
				"west": {"uv": [0.2, 0, 15.8, 15.3], "texture": "#7"},
				"up": {"uv": [0.2, 0, 15.8, 15.3], "texture": "#7"},
				"down": {"uv": [0.2, 0, 15.8, 15.3], "texture": "#7"}
			}
		},
		{
			"from": [8.5, 3.2, 8.25],
			"to": [8.9, 4.4, 8.55],
			"rotation": {"angle": 0, "axis": "y", "origin": [6.375, 0.3, 7.525]},
			"faces": {
				"north": {"uv": [0.2, 0, 15.8, 15.3], "rotation": 180, "texture": "#7"},
				"east": {"uv": [0.2, 0, 15.8, 15.3], "rotation": 180, "texture": "#7"},
				"south": {"uv": [0.2, 0, 15.8, 15.3], "rotation": 180, "texture": "#7"},
				"west": {"uv": [0.2, 0, 15.8, 15.3], "rotation": 180, "texture": "#7"},
				"up": {"uv": [0.2, 0, 15.8, 15.3], "rotation": 180, "texture": "#7"},
				"down": {"uv": [0.2, 0, 15.8, 15.3], "rotation": 180, "texture": "#7"}
			}
		},
		{
			"from": [8.3, 3.2, 8.55],
			"to": [8.6, 4.4, 8.95],
			"rotation": {"angle": 0, "axis": "y", "origin": [6.375, 0.3, 7.525]},
			"faces": {
				"north": {"uv": [0.2, 0, 15.8, 15.3], "rotation": 180, "texture": "#7"},
				"east": {"uv": [0.2, 0, 15.8, 15.3], "rotation": 180, "texture": "#7"},
				"south": {"uv": [0.2, 0, 15.8, 15.3], "rotation": 180, "texture": "#7"},
				"west": {"uv": [0.2, 0, 15.8, 15.3], "rotation": 180, "texture": "#7"},
				"up": {"uv": [0.2, 0, 15.8, 15.3], "rotation": 180, "texture": "#7"},
				"down": {"uv": [0.2, 0, 15.8, 15.3], "rotation": 180, "texture": "#7"}
			}
		},
		{
			"from": [6.35, 3.2, 6.1],
			"to": [6.65, 4.4, 6.5],
			"rotation": {"angle": 0, "axis": "y", "origin": [6.375, 0.3, 7.525]},
			"faces": {
				"north": {"uv": [0.2, 0, 15.8, 15.3], "rotation": 180, "texture": "#7"},
				"east": {"uv": [0.2, 0, 15.8, 15.3], "rotation": 180, "texture": "#7"},
				"south": {"uv": [0.2, 0, 15.8, 15.3], "rotation": 180, "texture": "#7"},
				"west": {"uv": [0.2, 0, 15.8, 15.3], "rotation": 180, "texture": "#7"},
				"up": {"uv": [0.2, 0, 15.8, 15.3], "rotation": 180, "texture": "#7"},
				"down": {"uv": [0.2, 0, 15.8, 15.3], "rotation": 180, "texture": "#7"}
			}
		},
		{
			"from": [6.05, 3.2, 6.5],
			"to": [6.45, 4.4, 6.8],
			"rotation": {"angle": 0, "axis": "y", "origin": [6.375, 0.3, 7.525]},
			"faces": {
				"north": {"uv": [0.2, 0, 15.8, 15.3], "rotation": 180, "texture": "#7"},
				"east": {"uv": [0.2, 0, 15.8, 15.3], "rotation": 180, "texture": "#7"},
				"south": {"uv": [0.2, 0, 15.8, 15.3], "rotation": 180, "texture": "#7"},
				"west": {"uv": [0.2, 0, 15.8, 15.3], "rotation": 180, "texture": "#7"},
				"up": {"uv": [0.2, 0, 15.8, 15.3], "rotation": 180, "texture": "#7"},
				"down": {"uv": [0.2, 0, 15.8, 15.3], "rotation": 180, "texture": "#7"}
			}
		},
		{
			"from": [6.6, 3.2, 5.8],
			"to": [8.4, 4.4, 6.2],
			"faces": {
				"north": {"uv": [0.2, 0, 15.8, 15.3], "texture": "#7"},
				"east": {"uv": [0.2, 0, 15.8, 15.3], "texture": "#7"},
				"south": {"uv": [0.2, 0, 15.8, 15.3], "texture": "#7"},
				"west": {"uv": [0.2, 0, 15.8, 15.3], "texture": "#7"},
				"up": {"uv": [0.2, 0, 15.8, 15.3], "texture": "#7"},
				"down": {"uv": [0.2, 0, 15.8, 15.3], "texture": "#7"}
			}
		},
		{
			"from": [6.6, 3.2, 8.8],
			"to": [8.4, 4.4, 9.2],
			"faces": {
				"north": {"uv": [0.2, 0, 15.8, 15.3], "texture": "#7"},
				"east": {"uv": [0.2, 0, 15.8, 15.3], "texture": "#7"},
				"south": {"uv": [0.2, 0, 15.8, 15.3], "texture": "#7"},
				"west": {"uv": [0.2, 0, 15.8, 15.3], "texture": "#7"},
				"up": {"uv": [0.2, 0, 15.8, 15.3], "texture": "#7"},
				"down": {"uv": [0.2, 0, 15.8, 15.3], "texture": "#7"}
			}
		},
		{
			"from": [6.35, 3.2, 8.55],
			"to": [6.65, 4.4, 8.95],
			"rotation": {"angle": 0, "axis": "y", "origin": [6.375, 0.3, 7.525]},
			"faces": {
				"north": {"uv": [0.2, 0, 15.8, 15.3], "texture": "#7"},
				"east": {"uv": [0.2, 0, 15.8, 15.3], "texture": "#7"},
				"south": {"uv": [0.2, 0, 15.8, 15.3], "texture": "#7"},
				"west": {"uv": [0.2, 0, 15.8, 15.3], "texture": "#7"},
				"up": {"uv": [0.2, 0, 15.8, 15.3], "texture": "#7"},
				"down": {"uv": [0.2, 0, 15.8, 15.3], "texture": "#7"}
			}
		},
		{
			"from": [6.05, 3.2, 8.25],
			"to": [6.45, 4.4, 8.55],
			"rotation": {"angle": 0, "axis": "y", "origin": [6.375, 0.3, 7.525]},
			"faces": {
				"north": {"uv": [0.2, 0, 15.8, 15.3], "texture": "#7"},
				"east": {"uv": [0.2, 0, 15.8, 15.3], "texture": "#7"},
				"south": {"uv": [0.2, 0, 15.8, 15.3], "texture": "#7"},
				"west": {"uv": [0.2, 0, 15.8, 15.3], "texture": "#7"},
				"up": {"uv": [0.2, 0, 15.8, 15.3], "texture": "#7"},
				"down": {"uv": [0.2, 0, 15.8, 15.3], "texture": "#7"}
			}
		},
		{
			"from": [5.75, 3.2, 6.65],
			"to": [6.25, 4.4, 8.35],
			"rotation": {"angle": 0, "axis": "y", "origin": [7.5, 0.3, 7.35]},
			"faces": {
				"north": {"uv": [0.2, 0, 15.8, 15.3], "texture": "#7"},
				"east": {"uv": [0.2, 0, 15.8, 15.3], "texture": "#7"},
				"south": {"uv": [0.2, 0, 15.8, 15.3], "texture": "#7"},
				"west": {"uv": [0.2, 0, 15.8, 15.3], "texture": "#7"},
				"up": {"uv": [0.2, 0, 15.8, 15.3], "texture": "#7"},
				"down": {"uv": [0.2, 0, 15.8, 15.3], "texture": "#7"}
			}
		},
		{
			"from": [6.6, 4.4, 5.8],
			"to": [8.4, 6.3, 6.2],
			"faces": {
				"north": {"uv": [0.2, 0, 15.8, 15.3], "texture": "#7"},
				"east": {"uv": [0.2, 0, 15.8, 15.3], "texture": "#4"},
				"south": {"uv": [0.2, 0, 15.8, 15.3], "texture": "#4"},
				"west": {"uv": [0.2, 0, 15.8, 15.3], "texture": "#7"},
				"up": {"uv": [0.2, 0, 15.8, 15.3], "texture": "#7"},
				"down": {"uv": [0.2, 0, 15.8, 15.3], "texture": "#7"}
			}
		},
		{
			"from": [6.35, 4.4, 6.1],
			"to": [6.65, 6, 6.5],
			"rotation": {"angle": 0, "axis": "y", "origin": [6.375, 0.3, 7.525]},
			"faces": {
				"north": {"uv": [0.2, 0, 15.8, 15.3], "rotation": 180, "texture": "#7"},
				"east": {"uv": [0.2, 0, 15.8, 15.3], "rotation": 180, "texture": "#7"},
				"south": {"uv": [0.2, 0, 15.8, 15.3], "rotation": 180, "texture": "#7"},
				"west": {"uv": [0.2, 0, 15.8, 15.3], "rotation": 180, "texture": "#7"},
				"up": {"uv": [0.2, 0, 15.8, 15.3], "rotation": 180, "texture": "#7"},
				"down": {"uv": [0.2, 0, 15.8, 15.3], "rotation": 180, "texture": "#7"}
			}
		},
		{
			"from": [6.05, 4.4, 6.5],
			"to": [6.45, 6, 6.8],
			"rotation": {"angle": 0, "axis": "y", "origin": [6.375, 0.3, 7.525]},
			"faces": {
				"north": {"uv": [0.2, 0, 15.8, 15.3], "rotation": 180, "texture": "#7"},
				"east": {"uv": [0.2, 0, 15.8, 15.3], "rotation": 180, "texture": "#7"},
				"south": {"uv": [0.2, 0, 15.8, 15.3], "rotation": 180, "texture": "#7"},
				"west": {"uv": [0.2, 0, 15.8, 15.3], "rotation": 180, "texture": "#7"},
				"up": {"uv": [0.2, 0, 15.8, 15.3], "rotation": 180, "texture": "#7"},
				"down": {"uv": [0.2, 0, 15.8, 15.3], "rotation": 180, "texture": "#7"}
			}
		},
		{
			"from": [5.75, 4.4, 6.65],
			"to": [6.25, 6, 8.35],
			"rotation": {"angle": 0, "axis": "y", "origin": [7.5, 0.3, 7.35]},
			"faces": {
				"north": {"uv": [0.2, 0, 15.8, 15.3], "texture": "#7"},
				"east": {"uv": [0.2, 0, 15.8, 15.3], "texture": "#7"},
				"south": {"uv": [0.2, 0, 15.8, 15.3], "texture": "#7"},
				"west": {"uv": [0.2, 0, 15.8, 15.3], "texture": "#7"},
				"up": {"uv": [0.2, 0, 15.8, 15.3], "texture": "#7"},
				"down": {"uv": [0.2, 0, 15.8, 15.3], "texture": "#7"}
			}
		},
		{
			"from": [6.05, 4.4, 8.25],
			"to": [6.45, 6, 8.55],
			"rotation": {"angle": 0, "axis": "y", "origin": [6.375, 0.3, 7.525]},
			"faces": {
				"north": {"uv": [0.2, 0, 15.8, 15.3], "texture": "#7"},
				"east": {"uv": [0.2, 0, 15.8, 15.3], "texture": "#7"},
				"south": {"uv": [0.2, 0, 15.8, 15.3], "texture": "#7"},
				"west": {"uv": [0.2, 0, 15.8, 15.3], "texture": "#7"},
				"up": {"uv": [0.2, 0, 15.8, 15.3], "texture": "#7"},
				"down": {"uv": [0.2, 0, 15.8, 15.3], "texture": "#7"}
			}
		},
		{
			"from": [6.35, 4.4, 8.55],
			"to": [6.65, 6, 8.95],
			"rotation": {"angle": 0, "axis": "y", "origin": [6.375, 0.3, 7.525]},
			"faces": {
				"north": {"uv": [0.2, 0, 15.8, 15.3], "texture": "#7"},
				"east": {"uv": [0.2, 0, 15.8, 15.3], "texture": "#7"},
				"south": {"uv": [0.2, 0, 15.8, 15.3], "texture": "#7"},
				"west": {"uv": [0.2, 0, 15.8, 15.3], "texture": "#7"},
				"up": {"uv": [0.2, 0, 15.8, 15.3], "texture": "#7"},
				"down": {"uv": [0.2, 0, 15.8, 15.3], "texture": "#7"}
			}
		},
		{
			"from": [6.6, 4.4, 8.8],
			"to": [8.4, 6.4, 9.2],
			"faces": {
				"north": {"uv": [0.2, 0, 15.8, 15.3], "texture": "#7"},
				"east": {"uv": [0.2, 0, 15.8, 15.3], "texture": "#4"},
				"south": {"uv": [0.2, 0, 15.8, 15.3], "texture": "#7"},
				"west": {"uv": [0.2, 0, 15.8, 15.3], "texture": "#7"},
				"up": {"uv": [0.2, 0, 15.8, 15.3], "texture": "#7"},
				"down": {"uv": [0.2, 0, 15.8, 15.3], "texture": "#7"}
			}
		},
		{
			"from": [8.3, 4.4, 8.55],
			"to": [8.6, 6.6, 8.95],
			"rotation": {"angle": 0, "axis": "y", "origin": [6.375, 0.3, 7.525]},
			"faces": {
				"north": {"uv": [0.2, 0, 15.8, 15.3], "rotation": 180, "texture": "#7"},
				"east": {"uv": [0.2, 0, 15.8, 15.3], "rotation": 180, "texture": "#4"},
				"south": {"uv": [0.2, 0, 15.8, 15.3], "rotation": 180, "texture": "#4"},
				"west": {"uv": [0.2, 0, 15.8, 15.3], "rotation": 180, "texture": "#7"},
				"up": {"uv": [0.2, 0, 15.8, 15.3], "rotation": 180, "texture": "#7"},
				"down": {"uv": [0.2, 0, 15.8, 15.3], "rotation": 180, "texture": "#7"}
			}
		},
		{
			"from": [8.5, 4.4, 8.25],
			"to": [8.9, 6.6, 8.55],
			"rotation": {"angle": 0, "axis": "y", "origin": [6.375, 0.3, 7.525]},
			"faces": {
				"north": {"uv": [0.2, 0, 15.8, 15.3], "rotation": 180, "texture": "#7"},
				"east": {"uv": [0.2, 0, 15.8, 15.3], "rotation": 180, "texture": "#4"},
				"south": {"uv": [0.2, 0, 15.8, 15.3], "rotation": 180, "texture": "#4"},
				"west": {"uv": [0.2, 0, 15.8, 15.3], "rotation": 180, "texture": "#7"},
				"up": {"uv": [0.2, 0, 15.8, 15.3], "rotation": 180, "texture": "#7"},
				"down": {"uv": [0.2, 0, 15.8, 15.3], "rotation": 180, "texture": "#7"}
			}
		},
		{
			"from": [8.85, 4.4, 6.55],
			"to": [9.25, 6.9, 8.35],
			"rotation": {"angle": 0, "axis": "y", "origin": [7.5, 0.3, 7.35]},
			"faces": {
				"north": {"uv": [0.2, 0, 15.8, 15.3], "texture": "#4"},
				"east": {"uv": [6.08981, 8.09057, 9.82264, 13.14151], "texture": "#8"},
				"south": {"uv": [0.2, 0, 15.8, 15.3], "texture": "#4"},
				"west": {"uv": [0.2, 0, 15.8, 15.3], "texture": "#7"},
				"up": {"uv": [0.2, 0, 15.8, 15.3], "texture": "#7"},
				"down": {"uv": [0.2, 0, 15.8, 15.3], "texture": "#7"}
			}
		},
		{
			"from": [8.5, 4.4, 6.3],
			"to": [8.9, 6.5, 6.8],
			"rotation": {"angle": 0, "axis": "y", "origin": [6.375, 0.3, 7.525]},
			"faces": {
				"north": {"uv": [0.2, 0, 15.8, 15.3], "texture": "#4"},
				"east": {"uv": [0.2, 0, 15.8, 15.3], "texture": "#4"},
				"south": {"uv": [0.2, 0, 15.8, 15.3], "texture": "#7"},
				"west": {"uv": [0.2, 0, 15.8, 15.3], "texture": "#7"},
				"up": {"uv": [0.2, 0, 15.8, 15.3], "texture": "#7"},
				"down": {"uv": [0.2, 0, 15.8, 15.3], "texture": "#7"}
			}
		},
		{
			"from": [8.3, 4.4, 6.1],
			"to": [8.6, 6.5, 6.5],
			"rotation": {"angle": 0, "axis": "y", "origin": [6.375, 0.3, 7.525]},
			"faces": {
				"north": {"uv": [0.2, 0, 15.8, 15.3], "texture": "#4"},
				"east": {"uv": [0.2, 0, 15.8, 15.3], "texture": "#4"},
				"south": {"uv": [0.2, 0, 15.8, 15.3], "texture": "#4"},
				"west": {"uv": [0.2, 0, 15.8, 15.3], "texture": "#7"},
				"up": {"uv": [0.2, 0, 15.8, 15.3], "texture": "#7"},
				"down": {"uv": [0.2, 0, 15.8, 15.3], "texture": "#7"}
			}
		},
		{
			"from": [6.6, 6, 5.8],
			"to": [8.4, 7.6, 6.2],
			"faces": {
				"north": {"uv": [0.2, 0, 15.8, 15.3], "texture": "#7"},
				"east": {"uv": [0.2, 0, 15.8, 15.3], "texture": "#7"},
				"south": {"uv": [0.2, 0, 15.8, 15.3], "texture": "#7"},
				"west": {"uv": [0.2, 0, 15.8, 15.3], "texture": "#7"},
				"up": {"uv": [0.2, 0, 15.8, 15.3], "texture": "#7"},
				"down": {"uv": [0.2, 0, 15.8, 15.3], "texture": "#7"}
			}
		},
		{
			"from": [8.5, 6, 6.5],
			"to": [8.9, 7.6, 6.8],
			"rotation": {"angle": 0, "axis": "y", "origin": [6.375, 0.3, 7.525]},
			"faces": {
				"north": {"uv": [0.2, 0, 15.8, 15.3], "texture": "#7"},
				"east": {"uv": [0.2, 0, 15.8, 15.3], "texture": "#7"},
				"south": {"uv": [0.2, 0, 15.8, 15.3], "texture": "#7"},
				"west": {"uv": [0.2, 0, 15.8, 15.3], "texture": "#7"},
				"up": {"uv": [0.2, 0, 15.8, 15.3], "texture": "#7"},
				"down": {"uv": [0.2, 0, 15.8, 15.3], "texture": "#7"}
			}
		},
		{
			"from": [8.3, 6, 6.1],
			"to": [8.6, 7.6, 6.5],
			"rotation": {"angle": 0, "axis": "y", "origin": [6.375, 0.3, 7.525]},
			"faces": {
				"north": {"uv": [0.2, 0, 15.8, 15.3], "texture": "#7"},
				"east": {"uv": [0.2, 0, 15.8, 15.3], "texture": "#7"},
				"south": {"uv": [0.2, 0, 15.8, 15.3], "texture": "#7"},
				"west": {"uv": [0.2, 0, 15.8, 15.3], "texture": "#7"},
				"up": {"uv": [0.2, 0, 15.8, 15.3], "texture": "#7"},
				"down": {"uv": [0.2, 0, 15.8, 15.3], "texture": "#7"}
			}
		},
		{
			"from": [6.6, 6, 8.8],
			"to": [8.4, 7.6, 9.2],
			"faces": {
				"north": {"uv": [0.2, 0, 15.8, 15.3], "texture": "#7"},
				"east": {"uv": [0.2, 0, 15.8, 15.3], "texture": "#7"},
				"south": {"uv": [0.2, 0, 15.8, 15.3], "texture": "#7"},
				"west": {"uv": [0.2, 0, 15.8, 15.3], "texture": "#7"},
				"up": {"uv": [0.2, 0, 15.8, 15.3], "texture": "#7"},
				"down": {"uv": [0.2, 0, 15.8, 15.3], "texture": "#7"}
			}
		},
		{
			"from": [8.5, 6, 8.25],
			"to": [8.9, 7.6, 8.55],
			"rotation": {"angle": 0, "axis": "y", "origin": [6.375, 0.3, 7.525]},
			"faces": {
				"north": {"uv": [0.2, 0, 15.8, 15.3], "rotation": 180, "texture": "#7"},
				"east": {"uv": [0.2, 0, 15.8, 15.3], "rotation": 180, "texture": "#7"},
				"south": {"uv": [0.2, 0, 15.8, 15.3], "rotation": 180, "texture": "#7"},
				"west": {"uv": [0.2, 0, 15.8, 15.3], "rotation": 180, "texture": "#7"},
				"up": {"uv": [0.2, 0, 15.8, 15.3], "rotation": 180, "texture": "#7"},
				"down": {"uv": [0.2, 0, 15.8, 15.3], "rotation": 180, "texture": "#7"}
			}
		},
		{
			"from": [8.3, 6, 8.55],
			"to": [8.6, 7.6, 8.95],
			"rotation": {"angle": 0, "axis": "y", "origin": [6.375, 0.3, 7.525]},
			"faces": {
				"north": {"uv": [0.2, 0, 15.8, 15.3], "rotation": 180, "texture": "#7"},
				"east": {"uv": [0.2, 0, 15.8, 15.3], "rotation": 180, "texture": "#7"},
				"south": {"uv": [0.2, 0, 15.8, 15.3], "rotation": 180, "texture": "#7"},
				"west": {"uv": [0.2, 0, 15.8, 15.3], "rotation": 180, "texture": "#7"},
				"up": {"uv": [0.2, 0, 15.8, 15.3], "rotation": 180, "texture": "#7"},
				"down": {"uv": [0.2, 0, 15.8, 15.3], "rotation": 180, "texture": "#7"}
			}
		},
		{
			"from": [5.75, 6, 6.65],
			"to": [6.25, 7.6, 8.35],
			"rotation": {"angle": 0, "axis": "y", "origin": [7.5, 0.3, 7.35]},
			"faces": {
				"north": {"uv": [0.2, 0, 15.8, 15.3], "texture": "#7"},
				"east": {"uv": [0.2, 0, 15.8, 15.3], "texture": "#7"},
				"south": {"uv": [0.2, 0, 15.8, 15.3], "texture": "#7"},
				"west": {"uv": [0.2, 0, 15.8, 15.3], "texture": "#7"},
				"up": {"uv": [0.2, 0, 15.8, 15.3], "texture": "#7"},
				"down": {"uv": [0.2, 0, 15.8, 15.3], "texture": "#7"}
			}
		},
		{
			"from": [6.05, 6, 8.25],
			"to": [6.45, 7.6, 8.55],
			"rotation": {"angle": 0, "axis": "y", "origin": [6.375, 0.3, 7.525]},
			"faces": {
				"north": {"uv": [0.2, 0, 15.8, 15.3], "texture": "#7"},
				"east": {"uv": [0.2, 0, 15.8, 15.3], "texture": "#7"},
				"south": {"uv": [0.2, 0, 15.8, 15.3], "texture": "#7"},
				"west": {"uv": [0.2, 0, 15.8, 15.3], "texture": "#7"},
				"up": {"uv": [0.2, 0, 15.8, 15.3], "texture": "#7"},
				"down": {"uv": [0.2, 0, 15.8, 15.3], "texture": "#7"}
			}
		},
		{
			"from": [6.35, 6, 8.55],
			"to": [6.65, 7.6, 8.95],
			"rotation": {"angle": 0, "axis": "y", "origin": [6.375, 0.3, 7.525]},
			"faces": {
				"north": {"uv": [0.2, 0, 15.8, 15.3], "texture": "#7"},
				"east": {"uv": [0.2, 0, 15.8, 15.3], "texture": "#7"},
				"south": {"uv": [0.2, 0, 15.8, 15.3], "texture": "#7"},
				"west": {"uv": [0.2, 0, 15.8, 15.3], "texture": "#7"},
				"up": {"uv": [0.2, 0, 15.8, 15.3], "texture": "#7"},
				"down": {"uv": [0.2, 0, 15.8, 15.3], "texture": "#7"}
			}
		},
		{
			"from": [6.05, 6, 6.5],
			"to": [6.45, 7.6, 6.8],
			"rotation": {"angle": 0, "axis": "y", "origin": [6.375, 0.3, 7.525]},
			"faces": {
				"north": {"uv": [0.2, 0, 15.8, 15.3], "rotation": 180, "texture": "#7"},
				"east": {"uv": [0.2, 0, 15.8, 15.3], "rotation": 180, "texture": "#7"},
				"south": {"uv": [0.2, 0, 15.8, 15.3], "rotation": 180, "texture": "#7"},
				"west": {"uv": [0.2, 0, 15.8, 15.3], "rotation": 180, "texture": "#7"},
				"up": {"uv": [0.2, 0, 15.8, 15.3], "rotation": 180, "texture": "#7"},
				"down": {"uv": [0.2, 0, 15.8, 15.3], "rotation": 180, "texture": "#7"}
			}
		},
		{
			"from": [6.35, 6, 6.1],
			"to": [6.65, 7.6, 6.5],
			"rotation": {"angle": 0, "axis": "y", "origin": [6.375, 0.3, 7.525]},
			"faces": {
				"north": {"uv": [0.2, 0, 15.8, 15.3], "rotation": 180, "texture": "#7"},
				"east": {"uv": [0.2, 0, 15.8, 15.3], "rotation": 180, "texture": "#7"},
				"south": {"uv": [0.2, 0, 15.8, 15.3], "rotation": 180, "texture": "#7"},
				"west": {"uv": [0.2, 0, 15.8, 15.3], "rotation": 180, "texture": "#7"},
				"up": {"uv": [0.2, 0, 15.8, 15.3], "rotation": 180, "texture": "#7"},
				"down": {"uv": [0.2, 0, 15.8, 15.3], "rotation": 180, "texture": "#7"}
			}
		},
		{
			"from": [8.85, 6.9, 6.55],
			"to": [9.25, 9.1, 8.35],
			"rotation": {"angle": 0, "axis": "y", "origin": [7.5, 0.3, 7.35]},
			"faces": {
				"north": {"uv": [0.4, 0.2, 15.65472, 15.19245], "texture": "#7"},
				"east": {"uv": [0.4, 0.2, 15.65472, 15.19245], "texture": "#7"},
				"south": {"uv": [0.4, 0.2, 15.65472, 15.19245], "texture": "#7"},
				"west": {"uv": [0.4, 0.2, 15.65472, 15.19245], "texture": "#7"},
				"up": {"uv": [0.4, 0.2, 15.65472, 15.19245], "texture": "#7"},
				"down": {"uv": [0.4, 0.2, 15.65472, 15.19245], "texture": "#7"}
			}
		},
		{
			"from": [6.6, 7.5, 5.8],
			"to": [8.4, 9.1, 6.2],
			"faces": {
				"north": {"uv": [0.2, 0, 15.8, 15.3], "texture": "#7"},
				"east": {"uv": [0.2, 0, 15.8, 15.3], "texture": "#7"},
				"south": {"uv": [0.2, 0, 15.8, 15.3], "texture": "#7"},
				"west": {"uv": [0.2, 0, 15.8, 15.3], "texture": "#7"},
				"up": {"uv": [0.2, 0, 15.8, 15.3], "texture": "#7"},
				"down": {"uv": [0.2, 0, 15.8, 15.3], "texture": "#7"}
			}
		},
		{
			"from": [8.5, 7.5, 6.5],
			"to": [8.9, 9.1, 6.8],
			"rotation": {"angle": 0, "axis": "y", "origin": [6.375, 0.3, 7.525]},
			"faces": {
				"north": {"uv": [0.2, 0, 15.8, 15.3], "texture": "#7"},
				"east": {"uv": [0.2, 0, 15.8, 15.3], "texture": "#7"},
				"south": {"uv": [0.2, 0, 15.8, 15.3], "texture": "#7"},
				"west": {"uv": [0.2, 0, 15.8, 15.3], "texture": "#7"},
				"up": {"uv": [0.2, 0, 15.8, 15.3], "texture": "#7"},
				"down": {"uv": [0.2, 0, 15.8, 15.3], "texture": "#7"}
			}
		},
		{
			"from": [8.3, 7.5, 6.1],
			"to": [8.6, 9.1, 6.5],
			"rotation": {"angle": 0, "axis": "y", "origin": [6.375, 0.3, 7.525]},
			"faces": {
				"north": {"uv": [0.2, 0, 15.8, 15.3], "texture": "#7"},
				"east": {"uv": [0.2, 0, 15.8, 15.3], "texture": "#7"},
				"south": {"uv": [0.2, 0, 15.8, 15.3], "texture": "#7"},
				"west": {"uv": [0.2, 0, 15.8, 15.3], "texture": "#7"},
				"up": {"uv": [0.2, 0, 15.8, 15.3], "texture": "#7"},
				"down": {"uv": [0.2, 0, 15.8, 15.3], "texture": "#7"}
			}
		},
		{
			"from": [6.6, 7.5, 8.8],
			"to": [8.4, 9.1, 9.2],
			"faces": {
				"north": {"uv": [0.2, 0, 15.8, 15.3], "texture": "#7"},
				"east": {"uv": [0.2, 0, 15.8, 15.3], "texture": "#7"},
				"south": {"uv": [0.2, 0, 15.8, 15.3], "texture": "#7"},
				"west": {"uv": [0.2, 0, 15.8, 15.3], "texture": "#7"},
				"up": {"uv": [0.2, 0, 15.8, 15.3], "texture": "#7"},
				"down": {"uv": [0.2, 0, 15.8, 15.3], "texture": "#7"}
			}
		},
		{
			"from": [8.5, 7.5, 8.25],
			"to": [8.9, 9.1, 8.55],
			"rotation": {"angle": 0, "axis": "y", "origin": [6.375, 0.3, 7.525]},
			"faces": {
				"north": {"uv": [1.5, 1.7, 15.3, 15.1], "rotation": 180, "texture": "#7"},
				"east": {"uv": [1.5, 1.7, 15.3, 15.1], "rotation": 180, "texture": "#7"},
				"south": {"uv": [1.5, 1.7, 15.3, 15.1], "rotation": 180, "texture": "#7"},
				"west": {"uv": [1.5, 1.7, 15.3, 15.1], "rotation": 180, "texture": "#7"},
				"up": {"uv": [1.5, 1.7, 15.3, 15.1], "rotation": 180, "texture": "#7"},
				"down": {"uv": [1.5, 1.7, 15.3, 15.1], "rotation": 180, "texture": "#7"}
			}
		},
		{
			"from": [8.3, 7.5, 8.55],
			"to": [8.6, 9.1, 8.95],
			"rotation": {"angle": 0, "axis": "y", "origin": [6.375, 0.3, 7.525]},
			"faces": {
				"north": {"uv": [1.5, 1.7, 15.3, 15.1], "rotation": 180, "texture": "#7"},
				"east": {"uv": [1.5, 1.7, 15.3, 15.1], "rotation": 180, "texture": "#7"},
				"south": {"uv": [1.5, 1.7, 15.3, 15.1], "rotation": 180, "texture": "#7"},
				"west": {"uv": [1.5, 1.7, 15.3, 15.1], "rotation": 180, "texture": "#7"},
				"up": {"uv": [1.5, 1.7, 15.3, 15.1], "rotation": 180, "texture": "#7"},
				"down": {"uv": [1.5, 1.7, 15.3, 15.1], "rotation": 180, "texture": "#7"}
			}
		},
		{
			"from": [5.75, 7.5, 6.65],
			"to": [6.25, 9.1, 8.35],
			"rotation": {"angle": 0, "axis": "y", "origin": [7.5, 0.3, 7.35]},
			"faces": {
				"north": {"uv": [0.6, 1.7, 15.3, 15.5], "texture": "#7"},
				"east": {"uv": [0.6, 1.7, 15.3, 15.5], "texture": "#7"},
				"south": {"uv": [0.6, 1.7, 15.3, 15.5], "texture": "#7"},
				"west": {"uv": [0.6, 1.7, 15.3, 15.5], "texture": "#7"},
				"up": {"uv": [0.6, 1.7, 15.3, 15.5], "texture": "#7"},
				"down": {"uv": [0.6, 1.7, 15.3, 15.5], "texture": "#7"}
			}
		},
		{
			"from": [6.05, 9.1, 6.65],
			"to": [6.65, 10.6, 8.35],
			"rotation": {"angle": 0, "axis": "y", "origin": [7.5, 0.3, 7.35]},
			"faces": {
				"north": {"uv": [0.6, 1.7, 15.3, 15.5], "texture": "#7"},
				"east": {"uv": [0.6, 1.7, 15.3, 15.5], "texture": "#7"},
				"south": {"uv": [0.6, 1.7, 15.3, 15.5], "texture": "#7"},
				"west": {"uv": [0.6, 1.7, 15.3, 15.5], "texture": "#7"},
				"up": {"uv": [0.6, 1.7, 15.3, 15.5], "texture": "#7"},
				"down": {"uv": [0.6, 1.7, 15.3, 15.5], "texture": "#7"}
			}
		},
		{
			"from": [6.75, 8.6, 6.65],
			"to": [8.15, 10.6, 8.35],
			"rotation": {"angle": 0, "axis": "y", "origin": [7.5, 0.3, 7.35]},
			"faces": {
				"north": {"uv": [1.5, 1.7, 15.3, 15.1], "texture": "#5"},
				"east": {"uv": [1.5, 1.7, 15.3, 15.1], "texture": "#5"},
				"south": {"uv": [1.5, 1.7, 15.3, 15.1], "texture": "#5"},
				"west": {"uv": [1.5, 1.7, 15.3, 15.1], "texture": "#5"},
				"up": {"uv": [1.5, 1.7, 15.3, 15.1], "texture": "#5"},
				"down": {"uv": [1.5, 1.7, 15.3, 15.1], "texture": "#5"}
			}
		},
		{
			"from": [8.15, 9.1, 6.65],
			"to": [8.75, 10.6, 8.35],
			"rotation": {"angle": 0, "axis": "y", "origin": [7.5, 0.3, 7.35]},
			"faces": {
				"north": {"uv": [0.2, 0, 15.8, 15.3], "texture": "#7"},
				"east": {"uv": [0.2, 0, 15.8, 15.3], "texture": "#7"},
				"south": {"uv": [0.2, 0, 15.8, 15.3], "texture": "#7"},
				"west": {"uv": [0.2, 0, 15.8, 15.3], "texture": "#7"},
				"up": {"uv": [0.2, 0, 15.8, 15.3], "texture": "#7"},
				"down": {"uv": [0.2, 0, 15.8, 15.3], "texture": "#7"}
			}
		},
		{
			"from": [6.35, 10.6, 7.25],
			"to": [6.95, 12.1, 7.85],
			"rotation": {"angle": 0, "axis": "y", "origin": [7.5, 0.3, 7.35]},
			"faces": {
				"north": {"uv": [0, 1.7, 16, 15.3], "texture": "#7"},
				"east": {"uv": [0, 1.7, 16, 15.3], "texture": "#7"},
				"south": {"uv": [0, 1.7, 16, 15.3], "texture": "#7"},
				"west": {"uv": [0, 1.7, 16, 15.3], "texture": "#7"},
				"up": {"uv": [0, 1.7, 16, 15.3], "texture": "#7"},
				"down": {"uv": [0, 1.7, 16, 15.3], "texture": "#7"}
			}
		},
		{
			"from": [6.75, 12.1, 7.25],
			"to": [7.35, 13.6, 7.85],
			"rotation": {"angle": 0, "axis": "y", "origin": [7.5, 0.3, 7.35]},
			"faces": {
				"north": {"uv": [0, 1.7, 16, 15.3], "texture": "#7"},
				"east": {"uv": [0, 1.7, 16, 15.3], "texture": "#7"},
				"south": {"uv": [0, 1.7, 16, 15.3], "texture": "#7"},
				"west": {"uv": [0, 1.7, 16, 15.3], "texture": "#7"},
				"up": {"uv": [0, 1.7, 16, 15.3], "texture": "#7"},
				"down": {"uv": [0, 1.7, 16, 15.3], "texture": "#7"}
			}
		},
		{
			"from": [7.65, 12.1, 7.25],
			"to": [8.25, 13.6, 7.85],
			"rotation": {"angle": 0, "axis": "y", "origin": [7.5, 0.3, 7.35]},
			"faces": {
				"north": {"uv": [0, 1.3, 16, 14.9], "texture": "#7"},
				"east": {"uv": [0, 1.3, 16, 14.9], "texture": "#7"},
				"south": {"uv": [0, 1.3, 16, 14.9], "texture": "#7"},
				"west": {"uv": [0, 1.3, 16, 14.9], "texture": "#7"},
				"up": {"uv": [0, 1.3, 16, 14.9], "texture": "#7"},
				"down": {"uv": [0, 1.3, 16, 14.9], "texture": "#7"}
			}
		},
		{
			"from": [7.15, 12.1, 6.65],
			"to": [7.75, 13.6, 7.45],
			"rotation": {"angle": 0, "axis": "y", "origin": [7.5, 0.3, 7.35]},
			"faces": {
				"north": {"uv": [0, 1.3, 16, 14.9], "texture": "#7"},
				"east": {"uv": [0, 1.3, 16, 14.9], "texture": "#7"},
				"south": {"uv": [0, 1.3, 16, 14.9], "texture": "#7"},
				"west": {"uv": [0, 1.3, 16, 14.9], "texture": "#7"},
				"up": {"uv": [0, 1.3, 16, 14.9], "texture": "#7"},
				"down": {"uv": [0, 1.3, 16, 14.9], "texture": "#7"}
			}
		},
		{
			"from": [7.15, 13.6, 7.25],
			"to": [7.75, 14.3, 7.85],
			"rotation": {"angle": 0, "axis": "y", "origin": [7.5, 0.3, 7.35]},
			"faces": {
				"north": {"uv": [2.2, 0, 7.1, 7], "texture": "#6"},
				"east": {"uv": [2.2, 0, 7.1, 7], "texture": "#6"},
				"south": {"uv": [2.2, 0, 7.1, 7], "texture": "#6"},
				"west": {"uv": [2.2, 0, 7.1, 7], "texture": "#6"},
				"up": {"uv": [2.2, 0, 7.1, 7], "texture": "#6"},
				"down": {"uv": [2.2, 0, 7.1, 7], "texture": "#6"}
			}
		},
		{
			"from": [7.15, 10.4, 7.25],
			"to": [7.75, 13.6, 7.85],
			"rotation": {"angle": 0, "axis": "y", "origin": [7.5, 0.3, 7.35]},
			"faces": {
				"north": {"uv": [1.2, 1, 9.7, 12.3], "texture": "#5"},
				"east": {"uv": [1.2, 1, 9.7, 12.3], "texture": "#5"},
				"south": {"uv": [1.2, 1, 9.7, 12.3], "texture": "#5"},
				"west": {"uv": [1.2, 1, 9.7, 12.3], "texture": "#5"},
				"up": {"uv": [1.2, 1, 9.7, 12.3], "texture": "#5"},
				"down": {"uv": [1.2, 1, 9.7, 12.3], "texture": "#5"}
			}
		},
		{
			"from": [7.15, 14.4, 7.25],
			"to": [7.75, 14.7, 7.85],
			"rotation": {"angle": 0, "axis": "y", "origin": [7.5, 0.3, 7.35]},
			"faces": {
				"north": {"uv": [2, 0.8, 6.2, 7.4], "texture": "#6"},
				"east": {"uv": [2, 0.8, 6.2, 7.4], "texture": "#6"},
				"south": {"uv": [2, 0.8, 6.2, 7.4], "texture": "#6"},
				"west": {"uv": [2, 0.8, 6.2, 7.4], "texture": "#6"},
				"up": {"uv": [2, 0.8, 6.2, 7.4], "texture": "#6"},
				"down": {"uv": [2, 0.8, 6.2, 7.4], "texture": "#6"}
			}
		},
		{
			"from": [7.1, 14.3, 7.2],
			"to": [7.85, 14.4, 7.9],
			"rotation": {"angle": 0, "axis": "y", "origin": [7.5, 0.3, 7.35]},
			"faces": {
				"north": {"uv": [4, 4.7, 12, 13.2], "texture": "#3"},
				"east": {"uv": [4, 4.7, 12, 13.2], "texture": "#3"},
				"south": {"uv": [4, 4.7, 12, 13.2], "texture": "#3"},
				"west": {"uv": [4, 4.7, 12, 13.2], "texture": "#3"},
				"up": {"uv": [4, 4.7, 12, 13.2], "texture": "#3"},
				"down": {"uv": [4, 4.7, 12, 13.2], "texture": "#3"}
			}
		},
		{
			"from": [7.15, 12.1, 7.65],
			"to": [7.75, 13.6, 8.45],
			"rotation": {"angle": 0, "axis": "y", "origin": [7.5, 0.3, 7.35]},
			"faces": {
				"north": {"uv": [0, 1.3, 16, 14.9], "texture": "#7"},
				"east": {"uv": [0, 1.3, 16, 14.9], "texture": "#7"},
				"south": {"uv": [0, 1.3, 16, 14.9], "texture": "#7"},
				"west": {"uv": [0, 1.3, 16, 14.9], "texture": "#7"},
				"up": {"uv": [0, 1.3, 16, 14.9], "texture": "#7"},
				"down": {"uv": [0, 1.3, 16, 14.9], "texture": "#7"}
			}
		},
		{
			"from": [7.95, 10.6, 7.25],
			"to": [8.55, 12.1, 7.85],
			"rotation": {"angle": 0, "axis": "y", "origin": [7.5, 0.3, 7.35]},
			"faces": {
				"north": {"uv": [0, 1.3, 16, 14.9], "texture": "#7"},
				"east": {"uv": [0, 1.3, 16, 14.9], "texture": "#7"},
				"south": {"uv": [0, 1.3, 16, 14.9], "texture": "#7"},
				"west": {"uv": [0, 1.3, 16, 14.9], "texture": "#7"},
				"up": {"uv": [0, 1.3, 16, 14.9], "texture": "#7"},
				"down": {"uv": [0, 1.3, 16, 14.9], "texture": "#7"}
			}
		},
		{
			"from": [7.65, 10.6, 6.65],
			"to": [8.25, 11, 7.25],
			"rotation": {"angle": 0, "axis": "y", "origin": [7.5, 0.3, 7.35]},
			"faces": {
				"north": {"uv": [0, 0, 16, 16], "texture": "#7"},
				"east": {"uv": [0, 0, 16, 16], "texture": "#7"},
				"south": {"uv": [0, 0, 16, 16], "texture": "#7"},
				"west": {"uv": [0, 0, 16, 16], "texture": "#7"},
				"up": {"uv": [0, 0, 16, 16], "texture": "#7"},
				"down": {"uv": [0, 0, 16, 16], "texture": "#7"}
			}
		},
		{
			"from": [6.65, 10.6, 6.65],
			"to": [7.25, 11, 7.25],
			"rotation": {"angle": 0, "axis": "y", "origin": [7.5, 0.3, 7.35]},
			"faces": {
				"north": {"uv": [0, 0, 16, 16], "texture": "#7"},
				"east": {"uv": [0, 0, 16, 16], "texture": "#7"},
				"south": {"uv": [0, 0, 16, 16], "texture": "#7"},
				"west": {"uv": [0, 0, 16, 16], "texture": "#7"},
				"up": {"uv": [0, 0, 16, 16], "texture": "#7"},
				"down": {"uv": [0, 0, 16, 16], "texture": "#7"}
			}
		},
		{
			"from": [6.65, 10.6, 7.85],
			"to": [7.25, 11, 8.45],
			"rotation": {"angle": 0, "axis": "y", "origin": [7.5, 0.3, 7.35]},
			"faces": {
				"north": {"uv": [0, 0, 16, 16], "texture": "#7"},
				"east": {"uv": [0, 0, 16, 16], "texture": "#7"},
				"south": {"uv": [0, 0, 16, 16], "texture": "#7"},
				"west": {"uv": [0, 0, 16, 16], "texture": "#7"},
				"up": {"uv": [0, 0, 16, 16], "texture": "#7"},
				"down": {"uv": [0, 0, 16, 16], "texture": "#7"}
			}
		},
		{
			"from": [7.75, 11, 7.85],
			"to": [8.05, 12.1, 8.25],
			"rotation": {"angle": 0, "axis": "y", "origin": [7.5, 0.3, 7.35]},
			"faces": {
				"north": {"uv": [0, 0, 16, 16], "texture": "#7"},
				"east": {"uv": [0, 0, 16, 16], "texture": "#7"},
				"south": {"uv": [0, 0, 16, 16], "texture": "#7"},
				"west": {"uv": [0, 0, 16, 16], "texture": "#7"},
				"up": {"uv": [0, 0, 16, 16], "texture": "#7"},
				"down": {"uv": [0, 0, 16, 16], "texture": "#7"}
			}
		},
		{
			"from": [7.75, 11, 6.85],
			"to": [8.05, 12.1, 7.25],
			"rotation": {"angle": 0, "axis": "y", "origin": [7.5, 0.3, 7.35]},
			"faces": {
				"north": {"uv": [0, 0, 16, 16], "texture": "#7"},
				"east": {"uv": [0, 0, 16, 16], "texture": "#7"},
				"south": {"uv": [0, 0, 16, 16], "texture": "#7"},
				"west": {"uv": [0, 0, 16, 16], "texture": "#7"},
				"up": {"uv": [0, 0, 16, 16], "texture": "#7"},
				"down": {"uv": [0, 0, 16, 16], "texture": "#7"}
			}
		},
		{
			"from": [7.15, 11, 7.05],
			"to": [7.75, 12.1, 7.25],
			"rotation": {"angle": 0, "axis": "y", "origin": [7.5, 0.3, 7.35]},
			"faces": {
				"north": {"uv": [0, 0, 16, 16], "texture": "#7"},
				"east": {"uv": [0, 0, 16, 16], "texture": "#7"},
				"south": {"uv": [0, 0, 16, 16], "texture": "#7"},
				"west": {"uv": [0, 0, 16, 16], "texture": "#7"},
				"up": {"uv": [0, 0, 16, 16], "texture": "#7"},
				"down": {"uv": [0, 0, 16, 16], "texture": "#7"}
			}
		},
		{
			"from": [7.15, 11, 7.85],
			"to": [7.75, 12.1, 8.05],
			"rotation": {"angle": 0, "axis": "y", "origin": [7.5, 0.3, 7.35]},
			"faces": {
				"north": {"uv": [0, 0, 16, 16], "texture": "#7"},
				"east": {"uv": [0, 0, 16, 16], "texture": "#7"},
				"south": {"uv": [0, 0, 16, 16], "texture": "#7"},
				"west": {"uv": [0, 0, 16, 16], "texture": "#7"},
				"up": {"uv": [0, 0, 16, 16], "texture": "#7"},
				"down": {"uv": [0, 0, 16, 16], "texture": "#7"}
			}
		},
		{
			"from": [6.85, 11, 6.85],
			"to": [7.15, 12.1, 7.25],
			"rotation": {"angle": 0, "axis": "y", "origin": [7.5, 0.3, 7.35]},
			"faces": {
				"north": {"uv": [0, 0, 16, 16], "texture": "#7"},
				"east": {"uv": [0, 0, 16, 16], "texture": "#7"},
				"south": {"uv": [0, 0, 16, 16], "texture": "#7"},
				"west": {"uv": [0, 0, 16, 16], "texture": "#7"},
				"up": {"uv": [0, 0, 16, 16], "texture": "#7"},
				"down": {"uv": [0, 0, 16, 16], "texture": "#7"}
			}
		},
		{
			"from": [6.85, 11, 7.85],
			"to": [7.15, 12.1, 8.25],
			"rotation": {"angle": 0, "axis": "y", "origin": [7.5, 0.3, 7.35]},
			"faces": {
				"north": {"uv": [0, 0, 16, 16], "texture": "#7"},
				"east": {"uv": [0, 0, 16, 16], "texture": "#7"},
				"south": {"uv": [0, 0, 16, 16], "texture": "#7"},
				"west": {"uv": [0, 0, 16, 16], "texture": "#7"},
				"up": {"uv": [0, 0, 16, 16], "texture": "#7"},
				"down": {"uv": [0, 0, 16, 16], "texture": "#7"}
			}
		},
		{
			"from": [7.65, 10.6, 7.85],
			"to": [8.25, 11, 8.45],
			"rotation": {"angle": 0, "axis": "y", "origin": [7.5, 0.3, 7.35]},
			"faces": {
				"north": {"uv": [0, 0, 16, 16], "texture": "#7"},
				"east": {"uv": [0, 0, 16, 16], "texture": "#7"},
				"south": {"uv": [0, 0, 16, 16], "texture": "#7"},
				"west": {"uv": [0, 0, 16, 16], "texture": "#7"},
				"up": {"uv": [0, 0, 16, 16], "texture": "#7"},
				"down": {"uv": [0, 0, 16, 16], "texture": "#7"}
			}
		},
		{
			"from": [8.25, 9.1, 6.65],
			"to": [8.95, 9.1, 8.35],
			"rotation": {"angle": 0, "axis": "y", "origin": [7.5, 0.3, 7.35]},
			"faces": {
				"north": {"uv": [4.2, 3.9, 12.9, 12.8], "texture": "#5"},
				"east": {"uv": [4.2, 3.9, 12.9, 12.8], "texture": "#5"},
				"south": {"uv": [4.2, 3.9, 12.9, 12.8], "texture": "#5"},
				"west": {"uv": [4.2, 3.9, 12.9, 12.8], "texture": "#5"},
				"up": {"uv": [4.2, 3.9, 12.9, 12.8], "texture": "#5"},
				"down": {"uv": [4.2, 3.9, 12.9, 12.8], "texture": "#5"}
			}
		},
		{
			"from": [6.65, 9.1, 8.35],
			"to": [8.35, 10.6, 8.85],
			"rotation": {"angle": 0, "axis": "y", "origin": [7.8, 9.85, 7.5]},
			"faces": {
				"north": {"uv": [0.2, 0, 15.9, 16], "texture": "#7"},
				"east": {"uv": [0.2, 0, 15.9, 16], "texture": "#7"},
				"south": {"uv": [0.2, 0, 15.9, 16], "texture": "#7"},
				"west": {"uv": [0.2, 0, 15.9, 16], "texture": "#7"},
				"up": {"uv": [0.2, 0, 15.9, 16], "texture": "#7"},
				"down": {"uv": [0.2, 0, 15.9, 16], "texture": "#7"}
			}
		},
		{
			"from": [6.65, 9.1, 6.15],
			"to": [8.35, 10.6, 6.65],
			"rotation": {"angle": 0, "axis": "y", "origin": [7.8, 9.85, 7.5]},
			"faces": {
				"north": {"uv": [0.2, 0, 15.9, 16], "texture": "#7"},
				"east": {"uv": [0.2, 0, 15.9, 16], "texture": "#7"},
				"south": {"uv": [0.2, 0, 15.9, 16], "texture": "#7"},
				"west": {"uv": [0.2, 0, 15.9, 16], "texture": "#7"},
				"up": {"uv": [0.2, 0, 15.9, 16], "texture": "#7"},
				"down": {"uv": [0.2, 0, 15.9, 16], "texture": "#7"}
			}
		},
		{
			"from": [6.05, 7.5, 8.25],
			"to": [6.45, 9.1, 8.55],
			"rotation": {"angle": 0, "axis": "y", "origin": [6.375, 0.3, 7.525]},
			"faces": {
				"north": {"uv": [4.2, 3.9, 11.5, 12.8], "texture": "#5"},
				"east": {"uv": [4.2, 3.9, 11.5, 12.8], "texture": "#5"},
				"south": {"uv": [4.2, 3.9, 11.5, 12.8], "texture": "#5"},
				"west": {"uv": [4.2, 3.9, 11.5, 12.8], "texture": "#5"},
				"up": {"uv": [4.2, 3.9, 11.5, 12.8], "texture": "#5"},
				"down": {"uv": [4.2, 3.9, 11.5, 12.8], "texture": "#5"}
			}
		},
		{
			"from": [6.35, 7.5, 8.55],
			"to": [6.65, 9.1, 8.95],
			"rotation": {"angle": 0, "axis": "y", "origin": [6.375, 0.3, 7.525]},
			"faces": {
				"north": {"uv": [3.3, 3.9, 11.6, 13.2], "texture": "#7"},
				"east": {"uv": [3.3, 3.9, 11.6, 13.2], "texture": "#7"},
				"south": {"uv": [3.3, 3.9, 11.6, 13.2], "texture": "#7"},
				"west": {"uv": [3.3, 3.9, 11.6, 13.2], "texture": "#7"},
				"up": {"uv": [3.3, 3.9, 11.6, 13.2], "texture": "#7"},
				"down": {"uv": [3.3, 3.9, 11.6, 13.2], "texture": "#7"}
			}
		},
		{
			"from": [6.05, 7.5, 6.5],
			"to": [6.45, 9.1, 6.8],
			"rotation": {"angle": 0, "axis": "y", "origin": [6.375, 0.3, 7.525]},
			"faces": {
				"north": {"uv": [4.2, 3.9, 11.5, 12.8], "rotation": 180, "texture": "#5"},
				"east": {"uv": [4.2, 3.9, 11.5, 12.8], "rotation": 180, "texture": "#5"},
				"south": {"uv": [4.2, 3.9, 11.5, 12.8], "rotation": 180, "texture": "#5"},
				"west": {"uv": [4.2, 3.9, 11.5, 12.8], "rotation": 180, "texture": "#5"},
				"up": {"uv": [4.2, 3.9, 11.5, 12.8], "rotation": 180, "texture": "#5"},
				"down": {"uv": [4.2, 3.9, 11.5, 12.8], "rotation": 180, "texture": "#5"}
			}
		},
		{
			"from": [6.35, 7.5, 6.1],
			"to": [6.65, 9.1, 6.5],
			"rotation": {"angle": 0, "axis": "y", "origin": [6.375, 0.3, 7.525]},
			"faces": {
				"north": {"uv": [3.3, 3.9, 11.6, 13.2], "rotation": 180, "texture": "#7"},
				"east": {"uv": [3.3, 3.9, 11.6, 13.2], "rotation": 180, "texture": "#7"},
				"south": {"uv": [3.3, 3.9, 11.6, 13.2], "rotation": 180, "texture": "#7"},
				"west": {"uv": [3.3, 3.9, 11.6, 13.2], "rotation": 180, "texture": "#7"},
				"up": {"uv": [3.3, 3.9, 11.6, 13.2], "rotation": 180, "texture": "#7"},
				"down": {"uv": [3.3, 3.9, 11.6, 13.2], "rotation": 180, "texture": "#7"}
			}
		},
		{
			"from": [6.5, 0, 8.5],
			"to": [7, 0.2, 9],
			"faces": {
				"north": {"uv": [10, 5.6, 5.3, 9.9], "texture": "#7"},
				"east": {"uv": [10, 5.6, 5.3, 9.9], "texture": "#7"},
				"south": {"uv": [10, 5.6, 5.3, 9.9], "texture": "#7"},
				"west": {"uv": [10, 5.6, 5.3, 9.9], "texture": "#7"},
				"up": {"uv": [10, 5.6, 5.3, 9.9], "texture": "#7"},
				"down": {"uv": [10, 5.6, 5.3, 9.9], "texture": "#7"}
			}
		},
		{
			"from": [6, 0, 8],
			"to": [6.5, 0.2, 8.5],
			"faces": {
				"north": {"uv": [10, 5.6, 5.3, 9.9], "texture": "#7"},
				"east": {"uv": [10, 5.6, 5.3, 9.9], "texture": "#7"},
				"south": {"uv": [10, 5.6, 5.3, 9.9], "texture": "#7"},
				"west": {"uv": [10, 5.6, 5.3, 9.9], "texture": "#7"},
				"up": {"uv": [10, 5.6, 5.3, 9.9], "texture": "#7"},
				"down": {"uv": [10, 5.6, 5.3, 9.9], "texture": "#7"}
			}
		},
		{
			"from": [6.5, 0, 8],
			"to": [7, 0.2, 8.5],
			"faces": {
				"north": {"uv": [10, 5.6, 5.3, 9.9], "texture": "#7"},
				"east": {"uv": [10, 5.6, 5.3, 9.9], "texture": "#7"},
				"south": {"uv": [10, 5.6, 5.3, 9.9], "texture": "#7"},
				"west": {"uv": [10, 5.6, 5.3, 9.9], "texture": "#7"},
				"up": {"uv": [10, 5.6, 5.3, 9.9], "texture": "#7"},
				"down": {"uv": [10, 5.6, 5.3, 9.9], "texture": "#7"}
			}
		},
		{
			"from": [6.5, 0, 6],
			"to": [7, 0.2, 6.5],
			"rotation": {"angle": 0, "axis": "y", "origin": [6.5, 0.1, 6.8]},
			"faces": {
				"north": {"uv": [10, 5.6, 5.3, 9.9], "rotation": 180, "texture": "#7"},
				"east": {"uv": [10, 5.6, 5.3, 9.9], "rotation": 180, "texture": "#7"},
				"south": {"uv": [10, 5.6, 5.3, 9.9], "rotation": 180, "texture": "#7"},
				"west": {"uv": [10, 5.6, 5.3, 9.9], "rotation": 180, "texture": "#7"},
				"up": {"uv": [10, 5.6, 5.3, 9.9], "rotation": 180, "texture": "#7"},
				"down": {"uv": [10, 5.6, 5.3, 9.9], "rotation": 180, "texture": "#7"}
			}
		},
		{
			"from": [6.5, 0, 6.5],
			"to": [7, 0.2, 7],
			"rotation": {"angle": 0, "axis": "y", "origin": [6.5, 0.1, 6.8]},
			"faces": {
				"north": {"uv": [10, 5.6, 5.3, 9.9], "rotation": 180, "texture": "#7"},
				"east": {"uv": [10, 5.6, 5.3, 9.9], "rotation": 180, "texture": "#7"},
				"south": {"uv": [10, 5.6, 5.3, 9.9], "rotation": 180, "texture": "#7"},
				"west": {"uv": [10, 5.6, 5.3, 9.9], "rotation": 180, "texture": "#7"},
				"up": {"uv": [10, 5.6, 5.3, 9.9], "rotation": 180, "texture": "#7"},
				"down": {"uv": [10, 5.6, 5.3, 9.9], "rotation": 180, "texture": "#7"}
			}
		},
		{
			"from": [6, 0, 6.5],
			"to": [6.5, 0.2, 7],
			"rotation": {"angle": 0, "axis": "y", "origin": [6.5, 0.1, 6.8]},
			"faces": {
				"north": {"uv": [10, 5.6, 5.3, 9.9], "rotation": 180, "texture": "#7"},
				"east": {"uv": [10, 5.6, 5.3, 9.9], "rotation": 180, "texture": "#7"},
				"south": {"uv": [10, 5.6, 5.3, 9.9], "rotation": 180, "texture": "#7"},
				"west": {"uv": [10, 5.6, 5.3, 9.9], "rotation": 180, "texture": "#7"},
				"up": {"uv": [10, 5.6, 5.3, 9.9], "rotation": 180, "texture": "#7"},
				"down": {"uv": [10, 5.6, 5.3, 9.9], "rotation": 180, "texture": "#7"}
			}
		},
		{
			"from": [8, 0, 8],
			"to": [8.5, 0.2, 8.5],
			"rotation": {"angle": 0, "axis": "y", "origin": [8.4, 0.1, 7.5]},
			"faces": {
				"north": {"uv": [10, 5.6, 5.3, 9.9], "rotation": 180, "texture": "#7"},
				"east": {"uv": [10, 5.6, 5.3, 9.9], "rotation": 180, "texture": "#7"},
				"south": {"uv": [10, 5.6, 5.3, 9.9], "rotation": 180, "texture": "#7"},
				"west": {"uv": [10, 5.6, 5.3, 9.9], "rotation": 180, "texture": "#7"},
				"up": {"uv": [10, 5.6, 5.3, 9.9], "rotation": 180, "texture": "#7"},
				"down": {"uv": [10, 5.6, 5.3, 9.9], "rotation": 180, "texture": "#7"}
			}
		},
		{
			"from": [8, 0, 8.5],
			"to": [8.5, 0.2, 9],
			"rotation": {"angle": 0, "axis": "y", "origin": [8.4, 0.1, 7.5]},
			"faces": {
				"north": {"uv": [10, 5.6, 5.3, 9.9], "rotation": 180, "texture": "#7"},
				"east": {"uv": [10, 5.6, 5.3, 9.9], "rotation": 180, "texture": "#7"},
				"south": {"uv": [10, 5.6, 5.3, 9.9], "rotation": 180, "texture": "#7"},
				"west": {"uv": [10, 5.6, 5.3, 9.9], "rotation": 180, "texture": "#7"},
				"up": {"uv": [10, 5.6, 5.3, 9.9], "rotation": 180, "texture": "#7"},
				"down": {"uv": [10, 5.6, 5.3, 9.9], "rotation": 180, "texture": "#7"}
			}
		},
		{
			"from": [8.5, 0, 8],
			"to": [9, 0.2, 8.5],
			"rotation": {"angle": 0, "axis": "y", "origin": [8.4, 0.1, 7.5]},
			"faces": {
				"north": {"uv": [10, 5.6, 5.3, 9.9], "rotation": 180, "texture": "#7"},
				"east": {"uv": [10, 5.6, 5.3, 9.9], "rotation": 180, "texture": "#7"},
				"south": {"uv": [10, 5.6, 5.3, 9.9], "rotation": 180, "texture": "#7"},
				"west": {"uv": [10, 5.6, 5.3, 9.9], "rotation": 180, "texture": "#7"},
				"up": {"uv": [10, 5.6, 5.3, 9.9], "rotation": 180, "texture": "#7"},
				"down": {"uv": [10, 5.6, 5.3, 9.9], "rotation": 180, "texture": "#7"}
			}
		},
		{
			"from": [8, 0, 6],
			"to": [8.5, 0.2, 6.5],
			"rotation": {"angle": 0, "axis": "y", "origin": [8.4, 0.1, 7.5]},
			"faces": {
				"north": {"uv": [10, 5.6, 5.3, 9.9], "texture": "#7"},
				"east": {"uv": [10, 5.6, 5.3, 9.9], "texture": "#7"},
				"south": {"uv": [10, 5.6, 5.3, 9.9], "texture": "#7"},
				"west": {"uv": [10, 5.6, 5.3, 9.9], "texture": "#7"},
				"up": {"uv": [10, 5.6, 5.3, 9.9], "texture": "#7"},
				"down": {"uv": [10, 5.6, 5.3, 9.9], "texture": "#7"}
			}
		},
		{
			"from": [8, 0, 6.5],
			"to": [8.5, 0.2, 7],
			"rotation": {"angle": 0, "axis": "y", "origin": [8.4, 0.1, 7.5]},
			"faces": {
				"north": {"uv": [10, 5.6, 5.3, 9.9], "texture": "#7"},
				"east": {"uv": [10, 5.6, 5.3, 9.9], "texture": "#7"},
				"south": {"uv": [10, 5.6, 5.3, 9.9], "texture": "#7"},
				"west": {"uv": [10, 5.6, 5.3, 9.9], "texture": "#7"},
				"up": {"uv": [10, 5.6, 5.3, 9.9], "texture": "#7"},
				"down": {"uv": [10, 5.6, 5.3, 9.9], "texture": "#7"}
			}
		},
		{
			"from": [8.5, 0, 6.5],
			"to": [9, 0.2, 7],
			"rotation": {"angle": 0, "axis": "y", "origin": [8.4, 0.1, 7.5]},
			"faces": {
				"north": {"uv": [10, 5.6, 5.3, 9.9], "texture": "#7"},
				"east": {"uv": [10, 5.6, 5.3, 9.9], "texture": "#7"},
				"south": {"uv": [10, 5.6, 5.3, 9.9], "texture": "#7"},
				"west": {"uv": [10, 5.6, 5.3, 9.9], "texture": "#7"},
				"up": {"uv": [10, 5.6, 5.3, 9.9], "texture": "#7"},
				"down": {"uv": [10, 5.6, 5.3, 9.9], "texture": "#7"}
			}
		},
		{
			"from": [8, 0, 7],
			"to": [9, 0.2, 8],
			"faces": {
				"north": {"uv": [10, 5.6, 5.3, 9.9], "texture": "#7"},
				"east": {"uv": [10, 5.6, 5.3, 9.9], "texture": "#7"},
				"south": {"uv": [10, 5.6, 5.3, 9.9], "texture": "#7"},
				"west": {"uv": [10, 5.6, 5.3, 9.9], "texture": "#7"},
				"up": {"uv": [10, 5.6, 5.3, 9.9], "texture": "#7"},
				"down": {"uv": [10, 5.6, 5.3, 9.9], "texture": "#7"}
			}
		},
		{
			"from": [6, 0, 7],
			"to": [7, 0.2, 8],
			"faces": {
				"north": {"uv": [10, 5.6, 5.3, 9.9], "texture": "#7"},
				"east": {"uv": [10, 5.6, 5.3, 9.9], "texture": "#7"},
				"south": {"uv": [10, 5.6, 5.3, 9.9], "texture": "#7"},
				"west": {"uv": [10, 5.6, 5.3, 9.9], "texture": "#7"},
				"up": {"uv": [10, 5.6, 5.3, 9.9], "texture": "#7"},
				"down": {"uv": [10, 5.6, 5.3, 9.9], "texture": "#7"}
			}
		},
		{
			"from": [8, 0.7, 7],
			"to": [9, 8.8, 8],
			"faces": {
				"north": {"uv": [12.6, 3.9, 5.5, 11.9], "texture": "#5"},
				"east": {"uv": [12.6, 3.9, 5.5, 11.9], "texture": "#5"},
				"south": {"uv": [12.6, 3.9, 5.5, 11.9], "texture": "#5"},
				"west": {"uv": [12.6, 3.9, 5.5, 11.9], "texture": "#5"},
				"up": {"uv": [12.6, 3.9, 5.5, 11.9], "texture": "#5"},
				"down": {"uv": [12.6, 3.9, 5.5, 11.9], "texture": "#5"}
			}
		},
		{
			"from": [8, 0.7, 8],
			"to": [8.5, 8.8, 8.5],
			"rotation": {"angle": 0, "axis": "y", "origin": [8.4, 0.1, 7.5]},
			"faces": {
				"north": {"uv": [12.6, 3.9, 5.5, 11.9], "rotation": 180, "texture": "#5"},
				"east": {"uv": [12.6, 3.9, 5.5, 11.9], "rotation": 180, "texture": "#5"},
				"south": {"uv": [12.6, 3.9, 5.5, 11.9], "rotation": 180, "texture": "#5"},
				"west": {"uv": [12.6, 3.9, 5.5, 11.9], "rotation": 180, "texture": "#5"},
				"up": {"uv": [12.6, 3.9, 5.5, 11.9], "rotation": 180, "texture": "#5"},
				"down": {"uv": [12.6, 3.9, 5.5, 11.9], "rotation": 180, "texture": "#5"}
			}
		},
		{
			"from": [7, 0.7, 8],
			"to": [8, 8.8, 9],
			"faces": {
				"north": {"uv": [5, 3, 10.4, 10], "texture": "#5"},
				"east": {"uv": [5, 3, 10.4, 10], "texture": "#5"},
				"south": {"uv": [5, 3, 10.4, 10], "texture": "#5"},
				"west": {"uv": [5, 3, 10.4, 10], "texture": "#5"},
				"up": {"uv": [5, 3, 10.4, 10], "texture": "#5"},
				"down": {"uv": [5, 3, 10.4, 10], "texture": "#5"}
			}
		},
		{
			"from": [7, 0.7, 7],
			"to": [8, 8.8, 8],
			"faces": {
				"north": {"uv": [5, 3, 10.4, 10], "texture": "#5"},
				"east": {"uv": [5, 3, 10.4, 10], "texture": "#5"},
				"south": {"uv": [5, 3, 10.4, 10], "texture": "#5"},
				"west": {"uv": [5, 3, 10.4, 10], "texture": "#5"},
				"up": {"uv": [5, 3, 10.4, 10], "texture": "#5"},
				"down": {"uv": [5, 3, 10.4, 10], "texture": "#5"}
			}
		},
		{
			"from": [7, 0.7, 6],
			"to": [8, 8.8, 7],
			"faces": {
				"north": {"uv": [5, 3, 10.4, 10], "texture": "#5"},
				"east": {"uv": [5, 3, 10.4, 10], "texture": "#5"},
				"south": {"uv": [5, 3, 10.4, 10], "texture": "#5"},
				"west": {"uv": [5, 3, 10.4, 10], "texture": "#5"},
				"up": {"uv": [5, 3, 10.4, 10], "texture": "#5"},
				"down": {"uv": [5, 3, 10.4, 10], "texture": "#5"}
			}
		},
		{
			"from": [8, 0.7, 6.5],
			"to": [8.5, 8.8, 7],
			"rotation": {"angle": 0, "axis": "y", "origin": [8.4, 0.1, 7.5]},
			"faces": {
				"north": {"uv": [12.6, 3.9, 5.5, 11.9], "texture": "#5"},
				"east": {"uv": [12.6, 3.9, 5.5, 11.9], "texture": "#5"},
				"south": {"uv": [12.6, 3.9, 5.5, 11.9], "texture": "#5"},
				"west": {"uv": [12.6, 3.9, 5.5, 11.9], "texture": "#5"},
				"up": {"uv": [12.6, 3.9, 5.5, 11.9], "texture": "#5"},
				"down": {"uv": [12.6, 3.9, 5.5, 11.9], "texture": "#5"}
			}
		},
		{
			"from": [6.5, 0.7, 6.5],
			"to": [7, 8.8, 7],
			"rotation": {"angle": 0, "axis": "y", "origin": [6.5, 0.1, 6.8]},
			"faces": {
				"north": {"uv": [12.6, 3.9, 5.5, 11.9], "rotation": 180, "texture": "#5"},
				"east": {"uv": [12.6, 3.9, 5.5, 11.9], "rotation": 180, "texture": "#5"},
				"south": {"uv": [12.6, 3.9, 5.5, 11.9], "rotation": 180, "texture": "#5"},
				"west": {"uv": [12.6, 3.9, 5.5, 11.9], "rotation": 180, "texture": "#5"},
				"up": {"uv": [12.6, 3.9, 5.5, 11.9], "rotation": 180, "texture": "#5"},
				"down": {"uv": [12.6, 3.9, 5.5, 11.9], "rotation": 180, "texture": "#5"}
			}
		},
		{
			"from": [6.5, 0.7, 8],
			"to": [7, 8.8, 8.5],
			"faces": {
				"north": {"uv": [12.6, 3.9, 5.5, 11.9], "texture": "#5"},
				"east": {"uv": [12.6, 3.9, 5.5, 11.9], "texture": "#5"},
				"south": {"uv": [12.6, 3.9, 5.5, 11.9], "texture": "#5"},
				"west": {"uv": [12.6, 3.9, 5.5, 11.9], "texture": "#5"},
				"up": {"uv": [12.6, 3.9, 5.5, 11.9], "texture": "#5"},
				"down": {"uv": [12.6, 3.9, 5.5, 11.9], "texture": "#5"}
			}
		},
		{
			"from": [6, 0.7, 7],
			"to": [7, 8.8, 8],
			"faces": {
				"north": {"uv": [12.6, 3.9, 5.5, 11.9], "texture": "#5"},
				"east": {"uv": [12.6, 3.9, 5.5, 11.9], "texture": "#5"},
				"south": {"uv": [12.6, 3.9, 5.5, 11.9], "texture": "#5"},
				"west": {"uv": [12.6, 3.9, 5.5, 11.9], "texture": "#5"},
				"up": {"uv": [12.6, 3.9, 5.5, 11.9], "texture": "#5"},
				"down": {"uv": [12.6, 3.9, 5.5, 11.9], "texture": "#5"}
			}
		}
	],
	"display": {
		"thirdperson_righthand": {
			"rotation": [-75.07, 87.57, 127.09],
			"translation": [0.25, 2.25, 2]
		},
		"thirdperson_lefthand": {
			"rotation": [68.54, -78, 0],
			"translation": [-0.75, 0.75, 0.75]
		},
		"firstperson_righthand": {
			"translation": [2.25, 1.5, 0]
		},
		"firstperson_lefthand": {
			"translation": [1.5, 1, 0]
		},
		"ground": {
			"translation": [-0.5, 2.25, 0]
		},
		"gui": {
			"rotation": [-87.51, -53.21, -88.01],
			"translation": [0, 0.75, 0]
		},
		"head": {
			"rotation": [-176.83, 88.04, 174.77],
			"translation": [0.75, -6.25, 0.25]
		},
		"fixed": {
			"rotation": [-180, 87.75, -180],
			"translation": [0.5, 1, -2.25],
			"scale": [1.5, 1.5, 1.5]
		}
	}
}