{
	"__comment": "Designed by Aaon0939 with Cubik Studio - https://cubik.studio",
	"textures": {
		"voxels_atlas": "a000/a001",
		"voxels_atlas1": "a000/a001yellow"
	},
	"elements": [ 	 
		{
			"__comment": "Voxels",
			"from": [ 7, 7.5, 10.5 ],
			"to": [ 9.5, 9, 12 ],
			"faces": {
				"down": { "uv": [ 10.75, 15.25, 12, 16 ], "texture": "#voxels_atlas" },
				"up": { "uv": [ 3, 16, 4.25, 15.25 ], "texture": "#voxels_atlas" },
				"north": { "uv": [ 4.25, 14, 3, 14.75 ], "texture": "#voxels_atlas" },
				"south": { "uv": [ 4.75, 15.25, 6, 16 ], "texture": "#voxels_atlas" },
				"west": { "uv": [ 4, 3, 4.75, 3.75 ], "texture": "#voxels_atlas" },
				"east": { "uv": [ 7.25, 13.5, 6.5, 14.25 ], "texture": "#voxels_atlas" }
			}
		},
		{
			"__comment": "Voxels",
			"from": [ 7, 7.5, 19 ],
			"to": [ 9.5, 8, 24 ],
			"faces": {
				"down": { "uv": [ 0, 13.5, 1.25, 16 ], "texture": "#voxels_atlas" },
				"up": { "uv": [ 0, 10, 1.25, 7.5 ], "texture": "#voxels_atlas" },
				"north": { "uv": [ 1.25, 0.75, 0, 1 ], "texture": "#voxels_atlas" },
				"south": { "uv": [ 13.75, 12.75, 15, 13 ], "texture": "#voxels_atlas" },
				"west": { "uv": [ 4.75, 12.75, 7.25, 13 ], "texture": "#voxels_atlas" },
				"east": { "uv": [ 10.25, 12.75, 7.75, 13 ], "texture": "#voxels_atlas" }
			}
		},
		{
			"__comment": "Voxels",
			"from": [ 7, 8.5, 19 ],
			"to": [ 9.5, 9, 24 ],
			"faces": {
				"down": { "uv": [ 0, 10.5, 1.25, 13 ], "texture": "#voxels_atlas" },
				"up": { "uv": [ 0, 7, 1.25, 4.5 ], "texture": "#voxels_atlas" },
				"north": { "uv": [ 10.5, 10.5, 9.25, 10.75 ], "texture": "#voxels_atlas" },
				"south": { "uv": [ 11, 10.5, 12.25, 10.75 ], "texture": "#voxels_atlas" },
				"west": { "uv": [ 2.5, 12, 5, 12.25 ], "texture": "#voxels_atlas" },
				"east": { "uv": [ 8, 12, 5.5, 12.25 ], "texture": "#voxels_atlas" }
			}
		},
		{
			"__comment": "Voxels",
			"from": [ 7.5, 7, 9.5 ],
			"to": [ 9, 7.5, 10 ],
			"faces": {
				"down": { "uv": [ 6.25, 3.75, 7, 4 ], "texture": "#voxels_atlas" },
				"up": { "uv": [ 6.25, 8.5, 7, 8.25 ], "texture": "#voxels_atlas" },
				"north": { "uv": [ 10, 9, 9.25, 9.25 ], "texture": "#voxels_atlas" },
				"south": { "uv": [ 10.5, 9, 11.25, 9.25 ], "texture": "#voxels_atlas" },
				"west": { "uv": [ 7.5, 3, 7.75, 3.25 ], "texture": "#voxels_atlas" },
				"east": { "uv": [ 7.75, 2.25, 7.5, 2.5 ], "texture": "#voxels_atlas" }
			}
		},
		{
			"__comment": "Voxels",
			"from": [ 7.5, 7, 10 ],
			"to": [ 8, 7.5, 12 ],
			"faces": {
				"down": { "uv": [ 5.25, 6.5, 5.5, 7.5 ], "texture": "#voxels_atlas" },
				"up": { "uv": [ 5.25, 6, 5.5, 5 ], "texture": "#voxels_atlas" },
				"north": { "uv": [ 15.25, 7.5, 15, 7.75 ], "texture": "#voxels_atlas" },
				"south": { "uv": [ 8.25, 6.75, 8.5, 7 ], "texture": "#voxels_atlas" },
				"west": { "uv": [ 14.5, 10.5, 15.5, 10.75 ], "texture": "#voxels_atlas" },
				"east": { "uv": [ 7.25, 9, 6.25, 9.25 ], "texture": "#voxels_atlas" }
			}
		},
		{
			"__comment": "Voxels",
			"from": [ 7.5, 7, 19 ],
			"to": [ 8, 7.5, 24 ],
			"faces": {
				"down": { "uv": [ 1.75, 0.75, 2, 3.25 ], "texture": "#voxels_atlas" },
				"up": { "uv": [ 2.5, 8.5, 2.75, 6 ], "texture": "#voxels_atlas" },
				"north": { "uv": [ 10, 6.75, 9.75, 7 ], "texture": "#voxels_atlas" },
				"south": { "uv": [ 8.25, 6, 8.5, 6.25 ], "texture": "#voxels_atlas" },
				"west": { "uv": [ 3.25, 11.25, 5.75, 11.5 ], "texture": "#voxels_atlas" },
				"east": { "uv": [ 8.75, 11.25, 6.25, 11.5 ], "texture": "#voxels_atlas" }
			}
		},
		{
			"__comment": "Voxels",
			"from": [ 7.5, 7.5, 12 ],
			"to": [ 9, 9, 14.5 ],
			"faces": {
				"down": { "uv": [ 10.75, 13.5, 11.5, 14.75 ], "texture": "#voxels_atlas" },
				"up": { "uv": [ 9, 14.75, 9.75, 13.5 ], "texture": "#voxels_atlas" },
				"north": { "uv": [ 8.5, 13.5, 7.75, 14.25 ], "texture": "#voxels_atlas" },
				"south": { "uv": [ 4, 9.25, 4.75, 10 ], "texture": "#voxels_atlas" },
				"west": { "uv": [ 9, 15.25, 10.25, 16 ], "texture": "#voxels_atlas" },
				"east": { "uv": [ 6, 14, 4.75, 14.75 ], "texture": "#voxels_atlas" }
			}
		},
		{
			"__comment": "Voxels",
			"from": [ 7.5, 7.5, 17 ],
			"to": [ 9, 9, 19 ],
			"faces": {
				"down": { "uv": [ 12.5, 15, 13.25, 16 ], "texture": "#voxels_atlas" },
				"up": { "uv": [ 12.5, 14.5, 13.25, 13.5 ], "texture": "#voxels_atlas" },
				"north": { "uv": [ 4.75, 8, 4, 8.75 ], "texture": "#voxels_atlas" },
				"south": { "uv": [ 4, 4.25, 4.75, 5 ], "texture": "#voxels_atlas" },
				"west": { "uv": [ 13.75, 15.25, 14.75, 16 ], "texture": "#voxels_atlas" },
				"east": { "uv": [ 14.75, 14, 13.75, 14.75 ], "texture": "#voxels_atlas" }
			}
		},
		{
			"__comment": "Voxels",
			"from": [ 7.5, 7.5, 24 ],
			"to": [ 9, 9, 24.5 ],
			"faces": {
				"down": { "uv": [ 6.25, 7.5, 7, 7.75 ], "texture": "#voxels_atlas" },
				"up": { "uv": [ 6.25, 7, 7, 6.75 ], "texture": "#voxels_atlas" },
				"north": { "uv": [ 4.75, 6.75, 4, 7.5 ], "texture": "#voxels_atlas" },
				"south": { "uv": [ 4, 5.5, 4.75, 6.25 ], "texture": "#voxels_atlas" },
				"west": { "uv": [ 15.25, 15.25, 15.5, 16 ], "texture": "#voxels_atlas" },
				"east": { "uv": [ 5.5, 3.75, 5.25, 4.5 ], "texture": "#voxels_atlas" }
			}
		},
		{
			"__comment": "Voxels",
			"from": [ 7.5, 8, 14.5 ],
			"to": [ 9, 8.5, 17 ],
			"faces": {
				"down": { "uv": [ 6.5, 14.75, 7.25, 16 ], "texture": "#voxels_atlas" },
				"up": { "uv": [ 7.75, 16, 8.5, 14.75 ], "texture": "#voxels_atlas" },
				"north": { "uv": [ 14.5, 8.25, 13.75, 8.5 ], "texture": "#voxels_atlas" },
				"south": { "uv": [ 12.5, 8.25, 13.25, 8.5 ], "texture": "#voxels_atlas" },
				"west": { "uv": [ 11.5, 9.75, 12.75, 10 ], "texture": "#voxels_atlas" },
				"east": { "uv": [ 14.5, 9.75, 13.25, 10 ], "texture": "#voxels_atlas" }
			}
		},
		{
			"__comment": "Voxels",
			"from": [ 7.5, 8, 19 ],
			"to": [ 9, 8.5, 24 ],
			"faces": {
				"down": { "uv": [ 1.75, 13.5, 2.5, 16 ], "texture": "#voxels_atlas" },
				"up": { "uv": [ 0, 4, 0.75, 1.5 ], "texture": "#voxels_atlas" },
				"north": { "uv": [ 12, 8.25, 11.25, 8.5 ], "texture": "#voxels_atlas" },
				"south": { "uv": [ 10, 8.25, 10.75, 8.5 ], "texture": "#voxels_atlas" },
				"west": { "uv": [ 1.75, 12.75, 4.25, 13 ], "texture": "#voxels_atlas" },
				"east": { "uv": [ 11.75, 11.25, 9.25, 11.5 ], "texture": "#voxels_atlas" }
			}
		},
		{
			"__comment": "Voxels",
			"from": [ 7.5, 8, 24.5 ],
			"to": [ 9, 8.5, 25 ],
			"faces": {
				"down": { "uv": [ 8.75, 8.25, 9.5, 8.5 ], "texture": "#voxels_atlas" },
				"up": { "uv": [ 7.5, 8.5, 8.25, 8.25 ], "texture": "#voxels_atlas" },
				"north": { "uv": [ 7, 0.75, 6.25, 1 ], "texture": "#voxels_atlas" },
				"south": { "uv": [ 6.25, 3, 7, 3.25 ], "texture": "#voxels_atlas" },
				"west": { "uv": [ 14.25, 7.5, 14.5, 7.75 ], "texture": "#voxels_atlas" },
				"east": { "uv": [ 7.75, 0.75, 7.5, 1 ], "texture": "#voxels_atlas" }
			}
		},
		{
			"__comment": "Voxels",
			"from": [ 7.5, 9, 9.5 ],
			"to": [ 9, 9.5, 10 ],
			"faces": {
				"down": { "uv": [ 11.75, 9, 12.5, 9.25 ], "texture": "#voxels_atlas" },
				"up": { "uv": [ 13, 9.25, 13.75, 9 ], "texture": "#voxels_atlas" },
				"north": { "uv": [ 7, 4.5, 6.25, 4.75 ], "texture": "#voxels_atlas" },
				"south": { "uv": [ 6.25, 5.25, 7, 5.5 ], "texture": "#voxels_atlas" },
				"west": { "uv": [ 9, 7.5, 9.25, 7.75 ], "texture": "#voxels_atlas" },
				"east": { "uv": [ 8.5, 7.5, 8.25, 7.75 ], "texture": "#voxels_atlas" }
			}
		},
		{
			"__comment": "Voxels",
			"from": [ 7.5, 9, 10 ],
			"to": [ 8, 9.5, 12 ],
			"faces": {
				"down": { "uv": [ 3.25, 1, 3.5, 2 ], "texture": "#voxels_atlas" },
				"up": { "uv": [ 3.25, 3.5, 3.5, 2.5 ], "texture": "#voxels_atlas" },
				"north": { "uv": [ 13.75, 6.75, 13.5, 7 ], "texture": "#voxels_atlas" },
				"south": { "uv": [ 9, 3, 9.25, 3.25 ], "texture": "#voxels_atlas" },
				"west": { "uv": [ 14.5, 12, 15.5, 12.25 ], "texture": "#voxels_atlas" },
				"east": { "uv": [ 8.75, 9, 7.75, 9.25 ], "texture": "#voxels_atlas" }
			}
		},
		{
			"__comment": "Voxels",
			"from": [ 7.5, 9, 19 ],
			"to": [ 8, 9.5, 24 ],
			"faces": {
				"down": { "uv": [ 2.5, 9, 2.75, 11.5 ], "texture": "#voxels_atlas" },
				"up": { "uv": [ 1.75, 6.25, 2, 3.75 ], "texture": "#voxels_atlas" },
				"north": { "uv": [ 8.5, 5.25, 8.25, 5.5 ], "texture": "#voxels_atlas" },
				"south": { "uv": [ 8.25, 4.5, 8.5, 4.75 ], "texture": "#voxels_atlas" },
				"west": { "uv": [ 12.25, 11.25, 14.75, 11.5 ], "texture": "#voxels_atlas" },
				"east": { "uv": [ 14, 12, 11.5, 12.25 ], "texture": "#voxels_atlas" }
			}
		},
		{
			"__comment": "Voxels",
			"from": [ 8, 7, 10.5 ],
			"to": [ 9, 7.5, 12 ],
			"faces": {
				"down": { "uv": [ 5.25, 8, 5.75, 8.75 ], "texture": "#voxels_atlas" },
				"up": { "uv": [ 5.25, 10, 5.75, 9.25 ], "texture": "#voxels_atlas" },
				"north": { "uv": [ 5.75, 3, 5.25, 3.25 ], "texture": "#voxels_atlas" },
				"south": { "uv": [ 5.25, 0.75, 5.75, 1 ], "texture": "#voxels_atlas" },
				"west": { "uv": [ 14.25, 9, 15, 9.25 ], "texture": "#voxels_atlas" },
				"east": { "uv": [ 7, 6, 6.25, 6.25 ], "texture": "#voxels_atlas" }
			}
		},
		{
			"__comment": "Voxels",
			"from": [ 8, 7.5, 14.5 ],
			"to": [ 8.5, 8, 17 ],
			"faces": {
				"down": { "uv": [ 2.5, 1.25, 2.75, 2.5 ], "texture": "#voxels_atlas" },
				"up": { "uv": [ 15.25, 14.75, 15.5, 13.5 ], "texture": "#voxels_atlas" },
				"north": { "uv": [ 10.75, 6.75, 10.5, 7 ], "texture": "#voxels_atlas" },
				"south": { "uv": [ 12.75, 6.75, 13, 7 ], "texture": "#voxels_atlas" },
				"west": { "uv": [ 12.75, 10.5, 14, 10.75 ], "texture": "#voxels_atlas" },
				"east": { "uv": [ 7.5, 9.75, 6.25, 10 ], "texture": "#voxels_atlas" }
			}
		},
		{
			"__comment": "Voxels",
			"from": [ 8, 7.5, 24.5 ],
			"to": [ 8.5, 8, 25 ],
			"faces": {
				"down": { "uv": [ 9, 2.25, 9.25, 2.5 ], "texture": "#voxels_atlas" },
				"up": { "uv": [ 9.75, 6.25, 10, 6 ], "texture": "#voxels_atlas" },
				"north": { "uv": [ 2.75, 0.5, 2.5, 0.75 ], "texture": "#voxels_atlas" },
				"south": { "uv": [ 15.25, 11.25, 15.5, 11.5 ], "texture": "#voxels_atlas" },
				"west": { "uv": [ 15, 9.75, 15.25, 10 ], "texture": "#voxels_atlas" },
				"east": { "uv": [ 15.25, 8.25, 15, 8.5 ], "texture": "#voxels_atlas" }
			}
		},
		{
			"__comment": "Voxels",
			"from": [ 8, 8, 25 ],
			"to": [ 8.5, 8.5, 25.5 ],
			"faces": {
				"down": { "uv": [ 7.5, 7.5, 7.75, 7.75 ], "texture": "#voxels_atlas" },
				"up": { "uv": [ 7.5, 7, 7.75, 6.75 ], "texture": "#voxels_atlas" },
				"north": { "uv": [ 7.75, 6, 7.5, 6.25 ], "texture": "#voxels_atlas" },
				"south": { "uv": [ 7.5, 5.25, 7.75, 5.5 ], "texture": "#voxels_atlas" },
				"west": { "uv": [ 7.5, 4.5, 7.75, 4.75 ], "texture": "#voxels_atlas" },
				"east": { "uv": [ 7.75, 3.75, 7.5, 4 ], "texture": "#voxels_atlas" }
			}
		},
		{
			"__comment": "Voxels",
			"from": [ 8, 8.5, 14.5 ],
			"to": [ 8.5, 9, 17 ],
			"faces": {
				"down": { "uv": [ 3.25, 5.75, 3.5, 7 ], "texture": "#voxels_atlas" },
				"up": { "uv": [ 3.25, 5.25, 3.5, 4 ], "texture": "#voxels_atlas" },
				"north": { "uv": [ 7.75, 1.5, 7.5, 1.75 ], "texture": "#voxels_atlas" },
				"south": { "uv": [ 8.25, 0.75, 8.5, 1 ], "texture": "#voxels_atlas" },
				"west": { "uv": [ 8, 9.75, 9.25, 10 ], "texture": "#voxels_atlas" },
				"east": { "uv": [ 11, 9.75, 9.75, 10 ], "texture": "#voxels_atlas" }
			}
		},
		{
			"__comment": "Voxels",
			"from": [ 8, 8.5, 24.5 ],
			"to": [ 8.5, 9, 25 ],
			"faces": {
				"down": { "uv": [ 9.75, 7.5, 10, 7.75 ], "texture": "#voxels_atlas" },
				"up": { "uv": [ 10.5, 7.75, 10.75, 7.5 ], "texture": "#voxels_atlas" },
				"north": { "uv": [ 11.5, 7.5, 11.25, 7.75 ], "texture": "#voxels_atlas" },
				"south": { "uv": [ 12, 7.5, 12.25, 7.75 ], "texture": "#voxels_atlas" },
				"west": { "uv": [ 12.75, 7.5, 13, 7.75 ], "texture": "#voxels_atlas" },
				"east": { "uv": [ 13.75, 7.5, 13.5, 7.75 ], "texture": "#voxels_atlas" }
			}
		},
		{
			"__comment": "Voxels",
			"from": [ 8, 9, 10.5 ],
			"to": [ 9, 9.5, 12 ],
			"faces": {
				"down": { "uv": [ 4, 0.5, 4.5, 1.25 ], "texture": "#voxels_atlas" },
				"up": { "uv": [ 4, 2.5, 4.5, 1.75 ], "texture": "#voxels_atlas" },
				"north": { "uv": [ 5.75, 2.25, 5.25, 2.5 ], "texture": "#voxels_atlas" },
				"south": { "uv": [ 5.25, 1.5, 5.75, 1.75 ], "texture": "#voxels_atlas" },
				"west": { "uv": [ 6.25, 2.25, 7, 2.5 ], "texture": "#voxels_atlas" },
				"east": { "uv": [ 7, 1.5, 6.25, 1.75 ], "texture": "#voxels_atlas" }
			}
		},
		{
			"__comment": "Voxels",
			"from": [ 8.5, 7, 10 ],
			"to": [ 9, 7.5, 10.5 ],
			"faces": {
				"down": { "uv": [ 8.25, 3.75, 8.5, 4 ], "texture": "#voxels_atlas" },
				"up": { "uv": [ 8.25, 3.25, 8.5, 3 ], "texture": "#voxels_atlas" },
				"north": { "uv": [ 8.5, 2.25, 8.25, 2.5 ], "texture": "#voxels_atlas" },
				"south": { "uv": [ 8.25, 1.5, 8.5, 1.75 ], "texture": "#voxels_atlas" },
				"west": { "uv": [ 10.5, 6, 10.75, 6.25 ], "texture": "#voxels_atlas" },
				"east": { "uv": [ 9.25, 6.75, 9, 7 ], "texture": "#voxels_atlas" }
			}
		},
		{
			"__comment": "Voxels",
			"from": [ 8.5, 7, 19 ],
			"to": [ 9, 7.5, 24 ],
			"faces": {
				"down": { "uv": [ 1.75, 9.75, 2, 12.25 ], "texture": "#voxels_atlas" },
				"up": { "uv": [ 3.25, 10, 3.5, 7.5 ], "texture": "#voxels_atlas" },
				"north": { "uv": [ 11.5, 6.75, 11.25, 7 ], "texture": "#voxels_atlas" },
				"south": { "uv": [ 12, 6.75, 12.25, 7 ], "texture": "#voxels_atlas" },
				"west": { "uv": [ 8.5, 12, 11, 12.25 ], "texture": "#voxels_atlas" },
				"east": { "uv": [ 8.75, 10.5, 6.25, 10.75 ], "texture": "#voxels_atlas" }
			}
		},
		{
			"__comment": "Voxels",
			"from": [ 8.5, 9, 10 ],
			"to": [ 9, 9.5, 10.5 ],
			"faces": {
				"down": { "uv": [ 14.25, 6.75, 14.5, 7 ], "texture": "#voxels_atlas" },
				"up": { "uv": [ 15, 7, 15.25, 6.75 ], "texture": "#voxels_atlas" },
				"north": { "uv": [ 9.25, 6, 9, 6.25 ], "texture": "#voxels_atlas" },
				"south": { "uv": [ 9, 5.25, 9.25, 5.5 ], "texture": "#voxels_atlas" },
				"west": { "uv": [ 9, 4.5, 9.25, 4.75 ], "texture": "#voxels_atlas" },
				"east": { "uv": [ 9.25, 3.75, 9, 4 ], "texture": "#voxels_atlas" }
			}
		},
		{
			"__comment": "Voxels",
			"from": [ 8.5, 9, 19 ],
			"to": [ 9, 9.5, 24 ],
			"faces": {
				"down": { "uv": [ 2.5, 3, 2.75, 5.5 ], "texture": "#voxels_atlas" },
				"up": { "uv": [ 1.75, 9.25, 2, 6.75 ], "texture": "#voxels_atlas" },
				"north": { "uv": [ 9.25, 1.5, 9, 1.75 ], "texture": "#voxels_atlas" },
				"south": { "uv": [ 9, 0.75, 9.25, 1 ], "texture": "#voxels_atlas" },
				"west": { "uv": [ 10.75, 12.75, 13.25, 13 ], "texture": "#voxels_atlas" },
				"east": { "uv": [ 5.75, 10.5, 3.25, 10.75 ], "texture": "#voxels_atlas" }
			}
		},
		{
			"__comment": "Voxels",
			"from": [ 7, 8, 1 ],
			"to": [ 9.5, 8.5, 10.5 ],
			"faces": {
				"down": { "uv": [ 0, 11.25, 1.25, 16 ], "texture": "#voxels_atlas1" },
				"up": { "uv": [ 0, 10.75, 1.25, 6 ], "texture": "#voxels_atlas1" },
				"north": { "uv": [ 13, 11.25, 11.75, 11.5 ], "texture": "#voxels_atlas1" },
				"south": { "uv": [ 13.5, 11.25, 14.75, 11.5 ], "texture": "#voxels_atlas1" },
				"west": { "uv": [ 5.75, 12.75, 10.5, 13 ], "texture": "#voxels_atlas1" },
				"east": { "uv": [ 10.5, 12, 5.75, 12.25 ], "texture": "#voxels_atlas1" }
			}
		},
		{
			"__comment": "Voxels",
			"from": [ 7.5, 7.5, 2 ],
			"to": [ 9, 8, 10.5 ],
			"faces": {
				"down": { "uv": [ 3, 11.75, 3.75, 16 ], "texture": "#voxels_atlas1" },
				"up": { "uv": [ 3, 11.25, 3.75, 7 ], "texture": "#voxels_atlas1" },
				"north": { "uv": [ 10.25, 10.5, 9.5, 10.75 ], "texture": "#voxels_atlas1" },
				"south": { "uv": [ 8.25, 10.5, 9, 10.75 ], "texture": "#voxels_atlas1" },
				"west": { "uv": [ 11, 12, 15.25, 12.25 ], "texture": "#voxels_atlas1" },
				"east": { "uv": [ 15.25, 12.75, 11, 13 ], "texture": "#voxels_atlas1" }
			}
		},
		{
			"__comment": "Voxels",
			"from": [ 7.5, 8, -9 ],
			"to": [ 9, 8.5, 1 ],
			"faces": {
				"down": { "uv": [ 0, 0.5, 0.75, 5.5 ], "texture": "#voxels_atlas1" },
				"up": { "uv": [ 1.75, 16, 2.5, 11 ], "texture": "#voxels_atlas1" },
				"north": { "uv": [ 6.5, 10.5, 5.75, 10.75 ], "texture": "#voxels_atlas1" },
				"south": { "uv": [ 3, 0.75, 3.75, 1 ], "texture": "#voxels_atlas1" },
				"west": { "uv": [ 5.75, 14.25, 10.75, 14.5 ], "texture": "#voxels_atlas1" },
				"east": { "uv": [ 10.75, 13.5, 5.75, 13.75 ], "texture": "#voxels_atlas1" }
			}
		},
		{
			"__comment": "Voxels",
			"from": [ 7.5, 8.5, 2 ],
			"to": [ 9, 9, 10.5 ],
			"faces": {
				"down": { "uv": [ 1.75, 6.25, 2.5, 10.5 ], "texture": "#voxels_atlas1" },
				"up": { "uv": [ 1.75, 5.75, 2.5, 1.5 ], "texture": "#voxels_atlas1" },
				"north": { "uv": [ 2.5, 0.75, 1.75, 1 ], "texture": "#voxels_atlas1" },
				"south": { "uv": [ 7, 10.5, 7.75, 10.75 ], "texture": "#voxels_atlas1" },
				"west": { "uv": [ 11.25, 14.25, 15.5, 14.5 ], "texture": "#voxels_atlas1" },
				"east": { "uv": [ 15.5, 13.5, 11.25, 13.75 ], "texture": "#voxels_atlas1" }
			}
		},
		{
			"__comment": "Voxels",
			"from": [ 8, 7.5, -8 ],
			"to": [ 8.5, 8, 2 ],
			"faces": {
				"down": { "uv": [ 3, 1.5, 3.25, 6.5 ], "texture": "#voxels_atlas1" },
				"up": { "uv": [ 5, 14.5, 5.25, 9.5 ], "texture": "#voxels_atlas1" },
				"north": { "uv": [ 15.5, 15.75, 15.25, 16 ], "texture": "#voxels_atlas1" },
				"south": { "uv": [ 4.25, 1, 4.5, 1.25 ], "texture": "#voxels_atlas1" },
				"west": { "uv": [ 10.5, 15, 15.5, 15.25 ], "texture": "#voxels_atlas1" },
				"east": { "uv": [ 10, 15, 5, 15.25 ], "texture": "#voxels_atlas1" }
			}
		},
		{
			"__comment": "Voxels",
			"from": [ 8, 8, -14 ],
			"to": [ 8.5, 8.5, -9 ],
			"faces": {
				"down": { "uv": [ 4.25, 1.75, 4.5, 4.25 ], "texture": "#voxels_atlas1" },
				"up": { "uv": [ 5, 9, 5.25, 6.5 ], "texture": "#voxels_atlas1" },
				"north": { "uv": [ 5.25, 5.75, 5, 6 ], "texture": "#voxels_atlas1" },
				"south": { "uv": [ 5, 5, 5.25, 5.25 ], "texture": "#voxels_atlas1" },
				"west": { "uv": [ 5.75, 11.25, 8.25, 11.5 ], "texture": "#voxels_atlas1" },
				"east": { "uv": [ 11.25, 11.25, 8.75, 11.5 ], "texture": "#voxels_atlas1" }
			}
		},
		{
			"__comment": "Voxels",
			"from": [ 8, 8.5, -8 ],
			"to": [ 8.5, 9, 2 ],
			"faces": {
				"down": { "uv": [ 4.25, 4.75, 4.5, 9.75 ], "texture": "#voxels_atlas1" },
				"up": { "uv": [ 4.25, 15.25, 4.5, 10.25 ], "texture": "#voxels_atlas1" },
				"north": { "uv": [ 5.25, 4.25, 5, 4.5 ], "texture": "#voxels_atlas1" },
				"south": { "uv": [ 5, 3.5, 5.25, 3.75 ], "texture": "#voxels_atlas1" },
				"west": { "uv": [ 9.75, 15.75, 14.75, 16 ], "texture": "#voxels_atlas1" },
				"east": { "uv": [ 9.25, 15.75, 4.25, 16 ], "texture": "#voxels_atlas1" }
			}
		}
	],
	"display": {
		"thirdperson_righthand": {
			"rotation":  [ 90, 0, 90 ],
			"translation":  [ 0, 3, 1 ],
			"scale":  [ 0.7, 0.7, 0.7 ]
		},
		"thirdperson_lefthand": {
			"rotation":  [ 90, 0, -90 ],
			"translation":  [ 0, 3, 1 ],
			"scale":  [ 0.7, 0.7, 0.7 ]
		},
		"firstperson_righthand": {
			"rotation":  [ 90, 0, 90 ],
			"translation":  [ 0, 3, 1 ],
			"scale":  [ 0.7, 0.7, 0.7 ]
		},
		"firstperson_lefthand": {
			"rotation":  [ 90, 0, -90 ],
			"translation":  [ 0, 3, 1 ],
			"scale":  [ 0.7, 0.7, 0.7 ]
		},
		"gui": {
			"rotation":  [ 90, 0, 0 ],
			"translation":  [ -0.3, 0, 0 ]
		},
		"head": {
			"scale":  [ 0.0001, 0.0001, 0.0001 ]
		},
		"ground": {
			"scale":  [ 0.7, 0.7, 0.7 ]
		},
		"fixed": {
			"rotation":  [ -90, 90, 0 ]
		}
	}
}