{
	"credit": "Made with Blockbench",
	"textures": {
		"0": "block/glass",
		"4": "block/banana-removebg-preview",
		"5": "block/a16a28d7f415acf76eea98305f265c90__1_-removebg-preview",
		"6": "block/banana",
		"particle": "block/glass"
	},
	"elements": [
		{
			"from": [7, 0.4, 8],
			"to": [8, 0.5, 9],
			"faces": {
				"north": {"uv": [0, 0, 15.9, 15.9], "texture": "#0"},
				"east": {"uv": [0, 0, 15.9, 15.9], "texture": "#0"},
				"south": {"uv": [0, 0, 15.9, 15.9], "texture": "#0"},
				"west": {"uv": [0, 0, 15.9, 15.9], "texture": "#0"},
				"up": {"uv": [0, 0, 15.9, 15.9], "texture": "#0"},
				"down": {"uv": [0, 0, 15.9, 15.9], "texture": "#0"}
			}
		},
		{
			"from": [7.2, 0.4, 7.8],
			"to": [7.8, 0.5, 8],
			"faces": {
				"north": {"uv": [0.2, 0.4, 16, 16], "texture": "#0"},
				"east": {"uv": [0.2, 0.4, 16, 16], "texture": "#0"},
				"south": {"uv": [0.2, 0.4, 16, 16], "texture": "#0"},
				"west": {"uv": [0.2, 0.4, 16, 16], "texture": "#0"},
				"up": {"uv": [0.2, 0.4, 16, 16], "texture": "#0"},
				"down": {"uv": [0.2, 0.4, 16, 16], "texture": "#0"}
			}
		},
		{
			"from": [7.2, 0.4, 9],
			"to": [7.8, 0.5, 9.2],
			"faces": {
				"north": {"uv": [0.2, 0.4, 16, 16], "texture": "#0"},
				"east": {"uv": [0.2, 0.4, 16, 16], "texture": "#0"},
				"south": {"uv": [0.2, 0.4, 16, 16], "texture": "#0"},
				"west": {"uv": [0.2, 0.4, 16, 16], "texture": "#0"},
				"up": {"uv": [0.2, 0.4, 16, 16], "texture": "#0"},
				"down": {"uv": [0.2, 0.4, 16, 16], "texture": "#0"}
			}
		},
		{
			"from": [6.8, 0.4, 8.2],
			"to": [7, 0.5, 8.8],
			"rotation": {"angle": 0, "axis": "y", "origin": [6.6, 0.15, 9.1]},
			"faces": {
				"north": {"uv": [0.2, 0.4, 15.6, 16], "texture": "#0"},
				"east": {"uv": [0.2, 0.4, 15.6, 16], "texture": "#0"},
				"south": {"uv": [0.2, 0.4, 15.6, 16], "texture": "#0"},
				"west": {"uv": [0.2, 0.4, 15.6, 16], "texture": "#0"},
				"up": {"uv": [0.2, 0.4, 15.6, 16], "texture": "#0"},
				"down": {"uv": [0.2, 0.4, 15.6, 16], "texture": "#0"}
			}
		},
		{
			"from": [8, 0.4, 8.2],
			"to": [8.2, 0.5, 8.8],
			"rotation": {"angle": 0, "axis": "y", "origin": [6.6, 0.15, 9.1]},
			"faces": {
				"north": {"uv": [0.2, 0.4, 15.6, 16], "texture": "#0"},
				"east": {"uv": [0.2, 0.4, 15.6, 16], "texture": "#0"},
				"south": {"uv": [0.2, 0.4, 15.6, 16], "texture": "#0"},
				"west": {"uv": [0.2, 0.4, 15.6, 16], "texture": "#0"},
				"up": {"uv": [0.2, 0.4, 15.6, 16], "texture": "#0"},
				"down": {"uv": [0.2, 0.4, 15.6, 16], "texture": "#0"}
			}
		},
		{
			"from": [7.2, 0.5, 8.2],
			"to": [7.8, 0.6, 8.8],
			"faces": {
				"north": {"uv": [0, 1, 14.3, 14.6], "texture": "#0"},
				"east": {"uv": [0, 1, 14.3, 14.6], "texture": "#0"},
				"south": {"uv": [0, 1, 14.3, 14.6], "texture": "#0"},
				"west": {"uv": [0, 1, 14.3, 14.6], "texture": "#0"},
				"up": {"uv": [0, 1, 14.3, 14.6], "texture": "#0"},
				"down": {"uv": [0, 1, 14.3, 14.6], "texture": "#0"}
			}
		},
		{
			"from": [7.2, 2.4, 8.2],
			"to": [7.8, 2.7, 8.8],
			"faces": {
				"north": {"uv": [0.3, 0.5, 16, 16], "texture": "#0"},
				"east": {"uv": [0.3, 0.5, 16, 16], "texture": "#0"},
				"south": {"uv": [0.3, 0.5, 16, 16], "texture": "#0"},
				"west": {"uv": [0.3, 0.5, 16, 16], "texture": "#0"},
				"up": {"uv": [0.3, 0.5, 16, 16], "texture": "#0"},
				"down": {"uv": [0.3, 0.5, 16, 16], "texture": "#0"}
			}
		},
		{
			"from": [7.1, 2.7, 8.1],
			"to": [7.9, 3, 8.9],
			"faces": {
				"north": {"uv": [0, 1, 15.7, 15.7], "texture": "#0"},
				"east": {"uv": [0, 1, 15.7, 15.7], "texture": "#0"},
				"south": {"uv": [0, 1, 15.7, 15.7], "texture": "#0"},
				"west": {"uv": [0, 1, 15.7, 15.7], "texture": "#0"},
				"up": {"uv": [0, 1, 15.7, 15.7], "texture": "#0"},
				"down": {"uv": [0, 1, 15.7, 15.7], "texture": "#0"}
			}
		},
		{
			"from": [7.2, 2.7, 8.2],
			"to": [7.8, 3, 8.8],
			"faces": {
				"north": {"uv": [6.67572, 12.95144, 8.18189, 13.50247], "texture": "#6"},
				"east": {"uv": [6.67572, 12.95144, 8.18189, 13.50247], "texture": "#6"},
				"south": {"uv": [6.67572, 12.95144, 8.18189, 13.50247], "texture": "#6"},
				"west": {"uv": [6.67572, 12.95144, 8.18189, 13.50247], "texture": "#6"},
				"up": {"uv": [6.67572, 12.95144, 8.18189, 13.50247], "texture": "#6"},
				"down": {"uv": [6.67572, 12.95144, 8.18189, 13.50247], "texture": "#6"}
			}
		},
		{
			"from": [6.9, 3, 8.1],
			"to": [7.2, 3.3, 8.9],
			"faces": {
				"north": {"uv": [0, 1, 15.2, 15.7], "texture": "#0"},
				"east": {"uv": [0, 1, 15.2, 15.7], "texture": "#0"},
				"south": {"uv": [0, 1, 15.2, 15.7], "texture": "#0"},
				"west": {"uv": [0, 1, 15.2, 15.7], "texture": "#0"},
				"up": {"uv": [0, 1, 15.2, 15.7], "texture": "#0"},
				"down": {"uv": [0, 1, 15.2, 15.7], "texture": "#0"}
			}
		},
		{
			"from": [7.8, 3, 8.1],
			"to": [8.1, 3.3, 8.9],
			"faces": {
				"north": {"uv": [0, 1, 15.2, 15.7], "texture": "#0"},
				"east": {"uv": [0, 1, 15.2, 15.7], "texture": "#0"},
				"south": {"uv": [0, 1, 15.2, 15.7], "texture": "#0"},
				"west": {"uv": [0, 1, 15.2, 15.7], "texture": "#0"},
				"up": {"uv": [0, 1, 15.2, 15.7], "texture": "#0"},
				"down": {"uv": [0, 1, 15.2, 15.7], "texture": "#0"}
			}
		},
		{
			"from": [7.15, 3, 7.95],
			"to": [7.95, 3.3, 8.25],
			"rotation": {"angle": 0, "axis": "y", "origin": [7.55, 3.85, 8.5]},
			"faces": {
				"north": {"uv": [0, 1, 15.7, 15.7], "texture": "#0"},
				"east": {"uv": [0, 1, 15.7, 15.7], "texture": "#0"},
				"south": {"uv": [0, 1, 15.7, 15.7], "texture": "#0"},
				"west": {"uv": [0, 1, 15.7, 15.7], "texture": "#0"},
				"up": {"uv": [0, 1, 15.7, 15.7], "texture": "#0"},
				"down": {"uv": [0, 1, 15.7, 15.7], "texture": "#0"}
			}
		},
		{
			"from": [7.15, 3.3, 7.85],
			"to": [7.95, 4.5, 8.05],
			"rotation": {"angle": 0, "axis": "y", "origin": [7.55, 3.85, 8.5]},
			"faces": {
				"north": {"uv": [0.2, 0.1, 16, 15.9], "texture": "#0"},
				"east": {"uv": [0.2, 0.1, 16, 15.9], "texture": "#0"},
				"south": {"uv": [0.2, 0.1, 16, 15.9], "texture": "#0"},
				"west": {"uv": [0.2, 0.1, 16, 15.9], "texture": "#0"},
				"up": {"uv": [0.2, 0.1, 16, 15.9], "texture": "#0"},
				"down": {"uv": [0.2, 0.1, 16, 15.9], "texture": "#0"}
			}
		},
		{
			"from": [7.15, 3.3, 8.95],
			"to": [7.95, 4.5, 9.15],
			"rotation": {"angle": 0, "axis": "y", "origin": [7.55, 3.85, 8.5]},
			"faces": {
				"north": {"uv": [0.2, 0.1, 16, 15.9], "texture": "#0"},
				"east": {"uv": [0.2, 0.1, 16, 15.9], "texture": "#0"},
				"south": {"uv": [0.2, 0.1, 16, 15.9], "texture": "#0"},
				"west": {"uv": [0.2, 0.1, 16, 15.9], "texture": "#0"},
				"up": {"uv": [0.2, 0.1, 16, 15.9], "texture": "#0"},
				"down": {"uv": [0.2, 0.1, 16, 15.9], "texture": "#0"}
			}
		},
		{
			"from": [6.8, 3.3, 8.1],
			"to": [7, 4.5, 8.9],
			"rotation": {"angle": 0, "axis": "y", "origin": [6.9, 3.9, 8.5]},
			"faces": {
				"north": {"uv": [0.2, 0.1, 15.4, 15.9], "texture": "#0"},
				"east": {"uv": [0.2, 0.1, 15.4, 15.9], "texture": "#0"},
				"south": {"uv": [0.2, 0.1, 15.4, 15.9], "texture": "#0"},
				"west": {"uv": [0.2, 0.1, 15.4, 15.9], "texture": "#0"},
				"up": {"uv": [0.2, 0.1, 15.4, 15.9], "texture": "#0"},
				"down": {"uv": [0.2, 0.1, 15.4, 15.9], "texture": "#0"}
			}
		},
		{
			"from": [7, 3.3, 8],
			"to": [7.2, 4.5, 8.1],
			"rotation": {"angle": 0, "axis": "y", "origin": [6.65, 4.6, 9.1]},
			"faces": {
				"north": {"uv": [0.2, 0.1, 15.4, 15.9], "texture": "#0"},
				"east": {"uv": [0.2, 0.1, 15.4, 15.9], "texture": "#0"},
				"south": {"uv": [0.2, 0.1, 15.4, 15.9], "texture": "#0"},
				"west": {"uv": [0.2, 0.1, 15.4, 15.9], "texture": "#0"},
				"up": {"uv": [0.2, 0.1, 15.4, 15.9], "texture": "#0"},
				"down": {"uv": [0.2, 0.1, 15.4, 15.9], "texture": "#0"}
			}
		},
		{
			"from": [7, 3.3, 8.9],
			"to": [7.2, 4.5, 9],
			"rotation": {"angle": 0, "axis": "y", "origin": [6.65, 4.6, 9.1]},
			"faces": {
				"north": {"uv": [0.2, 0.1, 15.4, 15.9], "texture": "#0"},
				"east": {"uv": [0.2, 0.1, 15.4, 15.9], "texture": "#0"},
				"south": {"uv": [0.2, 0.1, 15.4, 15.9], "texture": "#0"},
				"west": {"uv": [0.2, 0.1, 15.4, 15.9], "texture": "#0"},
				"up": {"uv": [0.2, 0.1, 15.4, 15.9], "texture": "#0"},
				"down": {"uv": [0.2, 0.1, 15.4, 15.9], "texture": "#0"}
			}
		},
		{
			"from": [7.9, 3.3, 8.9],
			"to": [8.1, 4.5, 9],
			"rotation": {"angle": 0, "axis": "y", "origin": [6.65, 4.6, 9.1]},
			"faces": {
				"north": {"uv": [0.2, 0.1, 15.4, 15.9], "texture": "#0"},
				"east": {"uv": [0.2, 0.1, 15.4, 15.9], "texture": "#0"},
				"south": {"uv": [0.2, 0.1, 15.4, 15.9], "texture": "#0"},
				"west": {"uv": [0.2, 0.1, 15.4, 15.9], "texture": "#0"},
				"up": {"uv": [0.2, 0.1, 15.4, 15.9], "texture": "#0"},
				"down": {"uv": [0.2, 0.1, 15.4, 15.9], "texture": "#0"}
			}
		},
		{
			"from": [7.9, 3.3, 8],
			"to": [8.1, 4.5, 8.1],
			"rotation": {"angle": 0, "axis": "y", "origin": [6.65, 4.6, 9.1]},
			"faces": {
				"north": {"uv": [0.2, 0.1, 15.4, 15.9], "texture": "#0"},
				"east": {"uv": [0.2, 0.1, 15.4, 15.9], "texture": "#0"},
				"south": {"uv": [0.2, 0.1, 15.4, 15.9], "texture": "#0"},
				"west": {"uv": [0.2, 0.1, 15.4, 15.9], "texture": "#0"},
				"up": {"uv": [0.2, 0.1, 15.4, 15.9], "texture": "#0"},
				"down": {"uv": [0.2, 0.1, 15.4, 15.9], "texture": "#0"}
			}
		},
		{
			"from": [8, 3.3, 8.1],
			"to": [8.2, 4.5, 8.9],
			"rotation": {"angle": 0, "axis": "y", "origin": [6.65, 4.6, 9.1]},
			"faces": {
				"north": {"uv": [0.2, 0.1, 15.4, 15.9], "texture": "#0"},
				"east": {"uv": [0.2, 0.1, 15.4, 15.9], "texture": "#0"},
				"south": {"uv": [0.2, 0.1, 15.4, 15.9], "texture": "#0"},
				"west": {"uv": [0.2, 0.1, 15.4, 15.9], "texture": "#0"},
				"up": {"uv": [0.2, 0.1, 15.4, 15.9], "texture": "#0"},
				"down": {"uv": [0.2, 0.1, 15.4, 15.9], "texture": "#0"}
			}
		},
		{
			"from": [7.15, 3, 8.75],
			"to": [7.95, 3.3, 9.05],
			"rotation": {"angle": 0, "axis": "y", "origin": [7.55, 3.85, 8.5]},
			"faces": {
				"north": {"uv": [0, 1, 15.7, 15.7], "texture": "#0"},
				"east": {"uv": [0, 1, 15.7, 15.7], "texture": "#0"},
				"south": {"uv": [0, 1, 15.7, 15.7], "texture": "#0"},
				"west": {"uv": [0, 1, 15.7, 15.7], "texture": "#0"},
				"up": {"uv": [0, 1, 15.7, 15.7], "texture": "#0"},
				"down": {"uv": [0, 1, 15.7, 15.7], "texture": "#0"}
			}
		},
		{
			"from": [7.15, 3, 8.05],
			"to": [7.95, 4.3, 8.75],
			"rotation": {"angle": 0, "axis": "y", "origin": [7.55, 3.85, 8.5]},
			"faces": {
				"north": {"uv": [13.42076, 11.08244, 15.2759, 12.64539], "texture": "#6"},
				"east": {"uv": [13.42076, 11.08244, 15.2759, 12.64539], "texture": "#6"},
				"south": {"uv": [13.42076, 11.08244, 15.2759, 12.64539], "texture": "#6"},
				"west": {"uv": [13.42076, 11.08244, 15.2759, 12.64539], "texture": "#6"},
				"up": {"uv": [13.53269, 11.36556, 15.34174, 12.11864], "texture": "#6"},
				"down": {"uv": [13.42076, 11.08244, 15.2759, 12.64539], "texture": "#6"}
			}
		},
		{
			"from": [7.8, 3, 8.1],
			"to": [8, 4.3, 8.9],
			"faces": {
				"north": {"uv": [13.42076, 11.08244, 15.2759, 12.64539], "texture": "#6"},
				"east": {"uv": [13.42076, 11.08244, 15.2759, 12.64539], "texture": "#6"},
				"south": {"uv": [13.42076, 11.08244, 15.2759, 12.64539], "texture": "#6"},
				"west": {"uv": [13.42076, 11.08244, 15.2759, 12.64539], "texture": "#6"},
				"up": {"uv": [13.53269, 11.36556, 15.34174, 12.11864], "texture": "#6"},
				"down": {"uv": [13.42076, 11.08244, 15.2759, 12.64539], "texture": "#6"}
			}
		},
		{
			"from": [7.15, 3, 8.75],
			"to": [7.95, 4.3, 8.95],
			"rotation": {"angle": 0, "axis": "y", "origin": [7.55, 3.85, 8.5]},
			"faces": {
				"north": {"uv": [13.42076, 11.08244, 15.2759, 12.64539], "texture": "#6"},
				"east": {"uv": [13.42076, 11.08244, 15.2759, 12.64539], "texture": "#6"},
				"south": {"uv": [13.42076, 11.08244, 15.2759, 12.64539], "texture": "#6"},
				"west": {"uv": [13.42076, 11.08244, 15.2759, 12.64539], "texture": "#6"},
				"up": {"uv": [13.53269, 11.36556, 15.34174, 12.11864], "texture": "#6"},
				"down": {"uv": [13.42076, 11.08244, 15.2759, 12.64539], "texture": "#6"}
			}
		},
		{
			"from": [7, 3, 8.1],
			"to": [7.2, 4.3, 8.9],
			"faces": {
				"north": {"uv": [13.42076, 11.08244, 15.2759, 12.64539], "texture": "#6"},
				"east": {"uv": [13.42076, 11.08244, 15.2759, 12.64539], "texture": "#6"},
				"south": {"uv": [13.42076, 11.08244, 15.2759, 12.64539], "texture": "#6"},
				"west": {"uv": [13.42076, 11.08244, 15.2759, 12.64539], "texture": "#6"},
				"up": {"uv": [13.53269, 11.36556, 15.34174, 12.11864], "texture": "#6"},
				"down": {"uv": [13.42076, 11.08244, 15.2759, 12.64539], "texture": "#6"}
			}
		},
		{
			"from": [7.4, 0.5, 8.4],
			"to": [7.6, 2.4, 8.6],
			"faces": {
				"north": {"uv": [10.8, 0, 16, 16], "texture": "#0"},
				"east": {"uv": [10.7, 0, 15.9, 16], "texture": "#0"},
				"south": {"uv": [10.7, 0, 15.9, 16], "texture": "#0"},
				"west": {"uv": [10.7, 0, 15.9, 16], "texture": "#0"},
				"up": {"uv": [10.7, 0, 15.9, 16], "texture": "#0"},
				"down": {"uv": [10.8, 0, 16, 16], "texture": "#0"}
			}
		},
		{
			"from": [7.2, 3.6, 7.85],
			"to": [7.9, 4.3, 7.95],
			"rotation": {"angle": 0, "axis": "y", "origin": [7.3, 3.9, 8.5]},
			"faces": {
				"north": {"uv": [1.48531, 0.98667, 14.11333, 15.02119], "texture": "#4"},
				"east": {"uv": [0, 4.61789, 1.94667, 8.49344], "texture": "#5"},
				"south": {"uv": [0, 4.91057, 1.94667, 8.78612], "texture": "#5"},
				"west": {"uv": [0, 4.84553, 1.94667, 8.72108], "texture": "#5"},
				"up": {"uv": [0, 4.58537, 1.94667, 8.46092], "rotation": 90, "texture": "#5"},
				"down": {"uv": [0, 4.58537, 0.5548, 7.24791], "rotation": 270, "texture": "#5"}
			}
		}
	],
	"display": {
		"thirdperson_righthand": {
			"rotation": [65.75, 0, 0],
			"translation": [1.25, 6, 11],
			"scale": [2, 2, 2]
		},
		"thirdperson_lefthand": {
			"rotation": [68.75, 0, 0],
			"translation": [0, 5.75, 11.25],
			"scale": [2, 2, 2]
		},
		"firstperson_righthand": {
			"translation": [1.5, 11.25, 0],
			"scale": [2, 2, 2]
		},
		"firstperson_lefthand": {
			"translation": [-0.5, 12.25, 0],
			"scale": [2, 2, 2]
		},
		"ground": {
			"translation": [1.5, 11.5, -1.5],
			"scale": [2, 2, 2]
		},
		"gui": {
			"translation": [1.75, 16, 0],
			"scale": [3, 3, 3]
		},
		"head": {
			"translation": [1, 21.75, -1.5],
			"scale": [2, 2, 2]
		},
		"fixed": {
			"translation": [1.75, 17, -4],
			"scale": [3, 3, 3]
		}
	}
}