{
	"credit": "Made with Blockbench",
	"textures": {
		"0": "block/barrel_side",
		"1": "block/iron_door_bottom",
		"2": "block/anvil",
		"3": "block/bell_side",
		"4": "block/white_stained_glass",
		"particle": "block/barrel_side"
	},
	"elements": [
		{
			"from": [6.15, 0.4, 6],
			"to": [6.4, 3, 8],
			"faces": {
				"north": {"uv": [5, 6, 7.95, 11.3], "texture": "#0"},
				"east": {"uv": [5, 6, 7.95, 11.3], "texture": "#0"},
				"south": {"uv": [5, 6, 7.95, 11.3], "texture": "#0"},
				"west": {"uv": [5, 6, 7.95, 11.3], "texture": "#0"},
				"up": {"uv": [5, 6, 7.95, 11.3], "texture": "#0"},
				"down": {"uv": [5, 6, 7.95, 11.3], "texture": "#0"}
			}
		},
		{
			"from": [6.8, 0.4, 5.4],
			"to": [8.8, 3, 5.6],
			"rotation": {"angle": 0, "axis": "y", "origin": [9, 0.2, 7]},
			"faces": {
				"north": {"uv": [5, 6, 9.7, 11.3], "texture": "#0"},
				"east": {"uv": [5, 6, 9.7, 11.3], "texture": "#0"},
				"south": {"uv": [5, 6, 9.7, 11.3], "texture": "#0"},
				"west": {"uv": [5, 6, 9.7, 11.3], "texture": "#0"},
				"up": {"uv": [5, 6, 9.7, 11.3], "texture": "#0"},
				"down": {"uv": [5, 6, 9.7, 11.3], "texture": "#0"}
			}
		},
		{
			"from": [6.4, 0.4, 8],
			"to": [6.8, 3, 8.2],
			"rotation": {"angle": 0, "axis": "y", "origin": [7, 0.6, 6.2]},
			"faces": {
				"north": {"uv": [5, 6, 8.1, 11.3], "rotation": 180, "texture": "#0"},
				"east": {"uv": [5, 6, 8.1, 11.3], "rotation": 180, "texture": "#0"},
				"south": {"uv": [5, 6, 8.1, 11.3], "rotation": 180, "texture": "#0"},
				"west": {"uv": [5, 6, 8.1, 11.3], "rotation": 180, "texture": "#0"},
				"up": {"uv": [5, 6, 8.1, 11.3], "rotation": 180, "texture": "#0"},
				"down": {"uv": [5, 6, 8.1, 11.3], "rotation": 180, "texture": "#0"}
			}
		},
		{
			"from": [6.6, 0.4, 8.2],
			"to": [6.8, 3, 8.4],
			"rotation": {"angle": 0, "axis": "y", "origin": [7, 0.6, 6.2]},
			"faces": {
				"north": {"uv": [5, 6, 7.9, 11.3], "rotation": 180, "texture": "#0"},
				"east": {"uv": [5, 6, 7.9, 11.3], "rotation": 180, "texture": "#0"},
				"south": {"uv": [5, 6, 7.9, 11.3], "rotation": 180, "texture": "#0"},
				"west": {"uv": [5, 6, 7.9, 11.3], "rotation": 180, "texture": "#0"},
				"up": {"uv": [5, 6, 7.9, 11.3], "rotation": 180, "texture": "#0"},
				"down": {"uv": [5, 6, 7.9, 11.3], "rotation": 180, "texture": "#0"}
			}
		},
		{
			"from": [6.8, 0.4, 8.4],
			"to": [8.8, 3, 8.6],
			"rotation": {"angle": 0, "axis": "y", "origin": [7, 0.6, 6.2]},
			"faces": {
				"north": {"uv": [5, 6, 9.7, 11.3], "rotation": 180, "texture": "#0"},
				"east": {"uv": [5, 6, 9.7, 11.3], "rotation": 180, "texture": "#0"},
				"south": {"uv": [5, 6, 9.7, 11.3], "rotation": 180, "texture": "#0"},
				"west": {"uv": [5, 6, 9.7, 11.3], "rotation": 180, "texture": "#0"},
				"up": {"uv": [5, 6, 9.7, 11.3], "rotation": 180, "texture": "#0"},
				"down": {"uv": [5, 6, 9.7, 11.3], "rotation": 180, "texture": "#0"}
			}
		},
		{
			"from": [8.8, 0.4, 8],
			"to": [9, 3, 8.4],
			"rotation": {"angle": 0, "axis": "y", "origin": [9.6, 0.2, 8.4]},
			"faces": {
				"north": {"uv": [5, 6, 7.9, 11.3], "rotation": 180, "texture": "#0"},
				"east": {"uv": [5, 6, 7.9, 11.3], "rotation": 180, "texture": "#0"},
				"south": {"uv": [5, 6, 7.9, 11.3], "rotation": 180, "texture": "#0"},
				"west": {"uv": [5, 6, 7.9, 11.3], "rotation": 180, "texture": "#0"},
				"up": {"uv": [5, 6, 7.9, 11.3], "rotation": 180, "texture": "#0"},
				"down": {"uv": [5, 6, 7.9, 11.3], "rotation": 180, "texture": "#0"}
			}
		},
		{
			"from": [9, 0.4, 8],
			"to": [9.2, 3, 8.2],
			"rotation": {"angle": 0, "axis": "y", "origin": [9.6, 0.2, 8.4]},
			"faces": {
				"north": {"uv": [5, 6, 7.9, 11.3], "rotation": 180, "texture": "#0"},
				"east": {"uv": [5, 6, 7.9, 11.3], "rotation": 180, "texture": "#0"},
				"south": {"uv": [5, 6, 7.9, 11.3], "rotation": 180, "texture": "#0"},
				"west": {"uv": [5, 6, 7.9, 11.3], "rotation": 180, "texture": "#0"},
				"up": {"uv": [5, 6, 7.9, 11.3], "rotation": 180, "texture": "#0"},
				"down": {"uv": [5, 6, 7.9, 11.3], "rotation": 180, "texture": "#0"}
			}
		},
		{
			"from": [8.8, 0.4, 5.8],
			"to": [9.2, 3, 6],
			"rotation": {"angle": 0, "axis": "y", "origin": [9.6, 0.2, 8.4]},
			"faces": {
				"north": {"uv": [5, 6, 8.1, 11.3], "rotation": 180, "texture": "#0"},
				"east": {"uv": [5, 6, 8.1, 11.3], "rotation": 180, "texture": "#0"},
				"south": {"uv": [5, 6, 8.1, 11.3], "rotation": 180, "texture": "#0"},
				"west": {"uv": [5, 6, 8.1, 11.3], "rotation": 180, "texture": "#0"},
				"up": {"uv": [5, 6, 8.1, 11.3], "rotation": 180, "texture": "#0"},
				"down": {"uv": [5, 6, 8.1, 11.3], "rotation": 180, "texture": "#0"}
			}
		},
		{
			"from": [6.4, 0.4, 5.8],
			"to": [6.8, 3, 6],
			"rotation": {"angle": 0, "axis": "y", "origin": [9.6, 0.2, 8.4]},
			"faces": {
				"north": {"uv": [5, 6, 8.1, 11.3], "rotation": 180, "texture": "#0"},
				"east": {"uv": [5, 6, 8.1, 11.3], "rotation": 180, "texture": "#0"},
				"south": {"uv": [5, 6, 8.1, 11.3], "rotation": 180, "texture": "#0"},
				"west": {"uv": [5, 6, 8.1, 11.3], "rotation": 180, "texture": "#0"},
				"up": {"uv": [5, 6, 8.1, 11.3], "rotation": 180, "texture": "#0"},
				"down": {"uv": [5, 6, 8.1, 11.3], "rotation": 180, "texture": "#0"}
			}
		},
		{
			"from": [8.8, 0.4, 5.6],
			"to": [9, 3, 5.8],
			"rotation": {"angle": 0, "axis": "y", "origin": [9.6, 0.2, 8.4]},
			"faces": {
				"north": {"uv": [5, 6, 7.9, 11.3], "rotation": 180, "texture": "#0"},
				"east": {"uv": [5, 6, 7.9, 11.3], "rotation": 180, "texture": "#0"},
				"south": {"uv": [5, 6, 7.9, 11.3], "rotation": 180, "texture": "#0"},
				"west": {"uv": [5, 6, 7.9, 11.3], "rotation": 180, "texture": "#0"},
				"up": {"uv": [5, 6, 7.9, 11.3], "rotation": 180, "texture": "#0"},
				"down": {"uv": [5, 6, 7.9, 11.3], "rotation": 180, "texture": "#0"}
			}
		},
		{
			"from": [6.6, 0.4, 5.6],
			"to": [6.8, 3, 5.8],
			"rotation": {"angle": 0, "axis": "y", "origin": [9.6, 0.2, 8.4]},
			"faces": {
				"north": {"uv": [5, 6, 7.9, 11.3], "rotation": 180, "texture": "#0"},
				"east": {"uv": [5, 6, 7.9, 11.3], "rotation": 180, "texture": "#0"},
				"south": {"uv": [5, 6, 7.9, 11.3], "rotation": 180, "texture": "#0"},
				"west": {"uv": [5, 6, 7.9, 11.3], "rotation": 180, "texture": "#0"},
				"up": {"uv": [5, 6, 7.9, 11.3], "rotation": 180, "texture": "#0"},
				"down": {"uv": [5, 6, 7.9, 11.3], "rotation": 180, "texture": "#0"}
			}
		},
		{
			"from": [7.2, 3, 5.2],
			"to": [7.6, 3.4, 5.6],
			"rotation": {"angle": 0, "axis": "y", "origin": [7.8, 3.2, 5.4]},
			"faces": {
				"north": {"uv": [0, 0, 16, 16], "rotation": 180, "texture": "#0"},
				"east": {"uv": [0, 0, 16, 16], "rotation": 180, "texture": "#0"},
				"south": {"uv": [0, 0, 16, 16], "rotation": 180, "texture": "#0"},
				"west": {"uv": [0, 0, 16, 16], "rotation": 180, "texture": "#0"},
				"up": {"uv": [4, 7, 12, 10], "rotation": 180, "texture": "#0"},
				"down": {"uv": [0, 0, 16, 16], "rotation": 180, "texture": "#0"}
			}
		},
		{
			"from": [6.8, 3, 5.2],
			"to": [7.2, 3.4, 5.6],
			"rotation": {"angle": 0, "axis": "y", "origin": [7.8, 3.2, 5.4]},
			"faces": {
				"north": {"uv": [0, 0, 16, 16], "rotation": 180, "texture": "#0"},
				"east": {"uv": [0, 0, 16, 16], "rotation": 180, "texture": "#0"},
				"south": {"uv": [0, 0, 16, 16], "rotation": 180, "texture": "#0"},
				"west": {"uv": [0, 0, 16, 16], "rotation": 180, "texture": "#0"},
				"up": {"uv": [4, 7, 12, 10], "rotation": 180, "texture": "#0"},
				"down": {"uv": [0, 0, 16, 16], "rotation": 180, "texture": "#0"}
			}
		},
		{
			"from": [7.6, 3, 5.2],
			"to": [8, 3.4, 5.6],
			"rotation": {"angle": 0, "axis": "y", "origin": [7.8, 3.2, 5.4]},
			"faces": {
				"north": {"uv": [0, 0, 16, 16], "rotation": 180, "texture": "#0"},
				"east": {"uv": [0, 0, 16, 16], "rotation": 180, "texture": "#0"},
				"south": {"uv": [0, 0, 16, 16], "rotation": 180, "texture": "#0"},
				"west": {"uv": [0, 0, 16, 16], "rotation": 180, "texture": "#0"},
				"up": {"uv": [4, 7, 12, 10], "rotation": 180, "texture": "#0"},
				"down": {"uv": [0, 0, 16, 16], "rotation": 180, "texture": "#0"}
			}
		},
		{
			"from": [8.4, 3, 5.2],
			"to": [8.8, 3.4, 5.6],
			"rotation": {"angle": 0, "axis": "y", "origin": [7.8, 3.2, 5.4]},
			"faces": {
				"north": {"uv": [0, 0, 16, 16], "rotation": 180, "texture": "#0"},
				"east": {"uv": [0, 0, 16, 16], "rotation": 180, "texture": "#0"},
				"south": {"uv": [0, 0, 16, 16], "rotation": 180, "texture": "#0"},
				"west": {"uv": [0, 0, 16, 16], "rotation": 180, "texture": "#0"},
				"up": {"uv": [4, 7, 12, 10], "rotation": 180, "texture": "#0"},
				"down": {"uv": [0, 0, 16, 16], "rotation": 180, "texture": "#0"}
			}
		},
		{
			"from": [8, 3, 5.2],
			"to": [8.4, 3.4, 5.6],
			"rotation": {"angle": 0, "axis": "y", "origin": [7.8, 3.2, 5.4]},
			"faces": {
				"north": {"uv": [0, 0, 16, 16], "rotation": 180, "texture": "#0"},
				"east": {"uv": [0, 0, 16, 16], "rotation": 180, "texture": "#0"},
				"south": {"uv": [0, 0, 16, 16], "rotation": 180, "texture": "#0"},
				"west": {"uv": [0, 0, 16, 16], "rotation": 180, "texture": "#0"},
				"up": {"uv": [4, 7, 12, 10], "rotation": 180, "texture": "#0"},
				"down": {"uv": [0, 0, 16, 16], "rotation": 180, "texture": "#0"}
			}
		},
		{
			"from": [8.4, 3, 8.4],
			"to": [8.8, 3.4, 8.8],
			"rotation": {"angle": 0, "axis": "y", "origin": [7.8, 3.2, 5.4]},
			"faces": {
				"north": {"uv": [0, 0, 16, 16], "rotation": 180, "texture": "#0"},
				"east": {"uv": [0, 0, 16, 16], "rotation": 180, "texture": "#0"},
				"south": {"uv": [0, 0, 16, 16], "rotation": 180, "texture": "#0"},
				"west": {"uv": [0, 0, 16, 16], "rotation": 180, "texture": "#0"},
				"up": {"uv": [4, 7, 12, 10], "rotation": 180, "texture": "#0"},
				"down": {"uv": [0, 0, 16, 16], "rotation": 180, "texture": "#0"}
			}
		},
		{
			"from": [8, 3, 8.4],
			"to": [8.4, 3.4, 8.8],
			"rotation": {"angle": 0, "axis": "y", "origin": [7.8, 3.2, 5.4]},
			"faces": {
				"north": {"uv": [0, 0, 16, 16], "rotation": 180, "texture": "#0"},
				"east": {"uv": [0, 0, 16, 16], "rotation": 180, "texture": "#0"},
				"south": {"uv": [0, 0, 16, 16], "rotation": 180, "texture": "#0"},
				"west": {"uv": [0, 0, 16, 16], "rotation": 180, "texture": "#0"},
				"up": {"uv": [4, 7, 12, 10], "rotation": 180, "texture": "#0"},
				"down": {"uv": [0, 0, 16, 16], "rotation": 180, "texture": "#0"}
			}
		},
		{
			"from": [7.6, 3, 8.4],
			"to": [8, 3.4, 8.8],
			"rotation": {"angle": 0, "axis": "y", "origin": [7.8, 3.2, 5.4]},
			"faces": {
				"north": {"uv": [0, 0, 16, 16], "rotation": 180, "texture": "#0"},
				"east": {"uv": [0, 0, 16, 16], "rotation": 180, "texture": "#0"},
				"south": {"uv": [0, 0, 16, 16], "rotation": 180, "texture": "#0"},
				"west": {"uv": [0, 0, 16, 16], "rotation": 180, "texture": "#0"},
				"up": {"uv": [4, 7, 12, 10], "rotation": 180, "texture": "#0"},
				"down": {"uv": [0, 0, 16, 16], "rotation": 180, "texture": "#0"}
			}
		},
		{
			"from": [7.2, 3, 8.4],
			"to": [7.6, 3.4, 8.8],
			"rotation": {"angle": 0, "axis": "y", "origin": [7.8, 3.2, 5.4]},
			"faces": {
				"north": {"uv": [0, 0, 16, 16], "rotation": 180, "texture": "#0"},
				"east": {"uv": [0, 0, 16, 16], "rotation": 180, "texture": "#0"},
				"south": {"uv": [0, 0, 16, 16], "rotation": 180, "texture": "#0"},
				"west": {"uv": [0, 0, 16, 16], "rotation": 180, "texture": "#0"},
				"up": {"uv": [4, 7, 12, 10], "rotation": 180, "texture": "#0"},
				"down": {"uv": [0, 0, 16, 16], "rotation": 180, "texture": "#0"}
			}
		},
		{
			"from": [6.8, 3, 8.4],
			"to": [7.2, 3.4, 8.8],
			"rotation": {"angle": 0, "axis": "y", "origin": [7.8, 3.2, 5.4]},
			"faces": {
				"north": {"uv": [0, 0, 16, 16], "rotation": 180, "texture": "#0"},
				"east": {"uv": [0, 0, 16, 16], "rotation": 180, "texture": "#0"},
				"south": {"uv": [0, 0, 16, 16], "rotation": 180, "texture": "#0"},
				"west": {"uv": [0, 0, 16, 16], "rotation": 180, "texture": "#0"},
				"up": {"uv": [4, 7, 12, 10], "rotation": 180, "texture": "#0"},
				"down": {"uv": [0, 0, 16, 16], "rotation": 180, "texture": "#0"}
			}
		},
		{
			"from": [6, 3, 7.6],
			"to": [6.4, 3.4, 8],
			"rotation": {"angle": 0, "axis": "y", "origin": [7.8, 3.2, 7]},
			"faces": {
				"north": {"uv": [0, 0, 16, 16], "rotation": 180, "texture": "#0"},
				"east": {"uv": [0, 0, 16, 16], "rotation": 180, "texture": "#0"},
				"south": {"uv": [0, 0, 16, 16], "rotation": 180, "texture": "#0"},
				"west": {"uv": [0, 0, 16, 16], "rotation": 180, "texture": "#0"},
				"up": {"uv": [4, 7, 12, 10], "rotation": 270, "texture": "#0"},
				"down": {"uv": [0, 0, 16, 16], "rotation": 90, "texture": "#0"}
			}
		},
		{
			"from": [6, 3, 7.2],
			"to": [6.4, 3.4, 7.6],
			"rotation": {"angle": 0, "axis": "y", "origin": [7.8, 3.2, 7]},
			"faces": {
				"north": {"uv": [0, 0, 16, 16], "rotation": 180, "texture": "#0"},
				"east": {"uv": [0, 0, 16, 16], "rotation": 180, "texture": "#0"},
				"south": {"uv": [0, 0, 16, 16], "rotation": 180, "texture": "#0"},
				"west": {"uv": [0, 0, 16, 16], "rotation": 180, "texture": "#0"},
				"up": {"uv": [4, 7, 12, 10], "rotation": 270, "texture": "#0"},
				"down": {"uv": [0, 0, 16, 16], "rotation": 90, "texture": "#0"}
			}
		},
		{
			"from": [6, 3, 6.8],
			"to": [6.4, 3.4, 7.2],
			"rotation": {"angle": 0, "axis": "y", "origin": [7.8, 3.2, 7]},
			"faces": {
				"north": {"uv": [0, 0, 16, 16], "rotation": 180, "texture": "#0"},
				"east": {"uv": [0, 0, 16, 16], "rotation": 180, "texture": "#0"},
				"south": {"uv": [0, 0, 16, 16], "rotation": 180, "texture": "#0"},
				"west": {"uv": [0, 0, 16, 16], "rotation": 180, "texture": "#0"},
				"up": {"uv": [4, 7, 12, 10], "rotation": 270, "texture": "#0"},
				"down": {"uv": [0, 0, 16, 16], "rotation": 90, "texture": "#0"}
			}
		},
		{
			"from": [6, 3, 6.4],
			"to": [6.4, 3.4, 6.8],
			"rotation": {"angle": 0, "axis": "y", "origin": [7.8, 3.2, 7]},
			"faces": {
				"north": {"uv": [0, 0, 16, 16], "rotation": 180, "texture": "#0"},
				"east": {"uv": [0, 0, 16, 16], "rotation": 180, "texture": "#0"},
				"south": {"uv": [0, 0, 16, 16], "rotation": 180, "texture": "#0"},
				"west": {"uv": [0, 0, 16, 16], "rotation": 180, "texture": "#0"},
				"up": {"uv": [4, 7, 12, 10], "rotation": 270, "texture": "#0"},
				"down": {"uv": [0, 0, 16, 16], "rotation": 90, "texture": "#0"}
			}
		},
		{
			"from": [6, 3, 6],
			"to": [6.4, 3.4, 6.4],
			"rotation": {"angle": 0, "axis": "y", "origin": [7.8, 3.2, 7]},
			"faces": {
				"north": {"uv": [0, 0, 16, 16], "rotation": 180, "texture": "#0"},
				"east": {"uv": [0, 0, 16, 16], "rotation": 180, "texture": "#0"},
				"south": {"uv": [0, 0, 16, 16], "rotation": 180, "texture": "#0"},
				"west": {"uv": [0, 0, 16, 16], "rotation": 180, "texture": "#0"},
				"up": {"uv": [4, 7, 12, 10], "rotation": 270, "texture": "#0"},
				"down": {"uv": [0, 0, 16, 16], "rotation": 90, "texture": "#0"}
			}
		},
		{
			"from": [9.1, 3, 7.6],
			"to": [9.5, 3.4, 8],
			"rotation": {"angle": 0, "axis": "y", "origin": [7.8, 3.2, 7]},
			"faces": {
				"north": {"uv": [0, 0, 16, 16], "rotation": 180, "texture": "#0"},
				"east": {"uv": [0, 0, 16, 16], "rotation": 180, "texture": "#0"},
				"south": {"uv": [0, 0, 16, 16], "rotation": 180, "texture": "#0"},
				"west": {"uv": [0, 0, 16, 16], "rotation": 180, "texture": "#0"},
				"up": {"uv": [4, 7, 12, 10], "rotation": 270, "texture": "#0"},
				"down": {"uv": [0, 0, 16, 16], "rotation": 90, "texture": "#0"}
			}
		},
		{
			"from": [9.1, 3, 7.2],
			"to": [9.5, 3.4, 7.6],
			"rotation": {"angle": 0, "axis": "y", "origin": [7.8, 3.2, 7]},
			"faces": {
				"north": {"uv": [0, 0, 16, 16], "rotation": 180, "texture": "#0"},
				"east": {"uv": [0, 0, 16, 16], "rotation": 180, "texture": "#0"},
				"south": {"uv": [0, 0, 16, 16], "rotation": 180, "texture": "#0"},
				"west": {"uv": [0, 0, 16, 16], "rotation": 180, "texture": "#0"},
				"up": {"uv": [4, 7, 12, 10], "rotation": 270, "texture": "#0"},
				"down": {"uv": [0, 0, 16, 16], "rotation": 90, "texture": "#0"}
			}
		},
		{
			"from": [9.1, 3, 6.8],
			"to": [9.5, 3.4, 7.2],
			"rotation": {"angle": 0, "axis": "y", "origin": [7.8, 3.2, 7]},
			"faces": {
				"north": {"uv": [0, 0, 16, 16], "rotation": 180, "texture": "#0"},
				"east": {"uv": [0, 0, 16, 16], "rotation": 180, "texture": "#0"},
				"south": {"uv": [0, 0, 16, 16], "rotation": 180, "texture": "#0"},
				"west": {"uv": [0, 0, 16, 16], "rotation": 180, "texture": "#0"},
				"up": {"uv": [4, 7, 12, 10], "rotation": 270, "texture": "#0"},
				"down": {"uv": [0, 0, 16, 16], "rotation": 90, "texture": "#0"}
			}
		},
		{
			"from": [9.1, 3, 6.4],
			"to": [9.5, 3.4, 6.8],
			"rotation": {"angle": 0, "axis": "y", "origin": [7.8, 3.2, 7]},
			"faces": {
				"north": {"uv": [0, 0, 16, 16], "rotation": 180, "texture": "#0"},
				"east": {"uv": [0, 0, 16, 16], "rotation": 180, "texture": "#0"},
				"south": {"uv": [0, 0, 16, 16], "rotation": 180, "texture": "#0"},
				"west": {"uv": [0, 0, 16, 16], "rotation": 180, "texture": "#0"},
				"up": {"uv": [4, 7, 12, 10], "rotation": 270, "texture": "#0"},
				"down": {"uv": [0, 0, 16, 16], "rotation": 90, "texture": "#0"}
			}
		},
		{
			"from": [9.1, 3, 6],
			"to": [9.5, 3.4, 6.4],
			"rotation": {"angle": 0, "axis": "y", "origin": [7.8, 3.2, 7]},
			"faces": {
				"north": {"uv": [0, 0, 16, 16], "rotation": 180, "texture": "#0"},
				"east": {"uv": [0, 0, 16, 16], "rotation": 180, "texture": "#0"},
				"south": {"uv": [0, 0, 16, 16], "rotation": 180, "texture": "#0"},
				"west": {"uv": [0, 0, 16, 16], "rotation": 180, "texture": "#0"},
				"up": {"uv": [4, 7, 12, 10], "rotation": 270, "texture": "#0"},
				"down": {"uv": [0, 0, 16, 16], "rotation": 90, "texture": "#0"}
			}
		},
		{
			"from": [8.8, 3, 8],
			"to": [9.2, 3.4, 8.4],
			"rotation": {"angle": 0, "axis": "y", "origin": [9.6, 0.2, 8.4]},
			"faces": {
				"north": {"uv": [0, 0, 16, 16], "rotation": 180, "texture": "#0"},
				"east": {"uv": [0, 0, 16, 16], "rotation": 180, "texture": "#0"},
				"south": {"uv": [0, 0, 16, 16], "rotation": 180, "texture": "#0"},
				"west": {"uv": [0, 0, 16, 16], "rotation": 180, "texture": "#0"},
				"up": {"uv": [2, 8, 6, 11], "rotation": 180, "texture": "#0"},
				"down": {"uv": [0, 0, 16, 16], "rotation": 180, "texture": "#0"}
			}
		},
		{
			"from": [6.4, 3, 8],
			"to": [6.8, 3.4, 8.4],
			"rotation": {"angle": 0, "axis": "y", "origin": [9.6, 0.2, 8.4]},
			"faces": {
				"north": {"uv": [0, 0, 16, 16], "rotation": 180, "texture": "#0"},
				"east": {"uv": [0, 0, 16, 16], "rotation": 180, "texture": "#0"},
				"south": {"uv": [0, 0, 16, 16], "rotation": 180, "texture": "#0"},
				"west": {"uv": [0, 0, 16, 16], "rotation": 180, "texture": "#0"},
				"up": {"uv": [2, 8, 6, 11], "rotation": 180, "texture": "#0"},
				"down": {"uv": [0, 0, 16, 16], "rotation": 180, "texture": "#0"}
			}
		},
		{
			"from": [6.4, 3, 5.6],
			"to": [6.8, 3.4, 6],
			"rotation": {"angle": 0, "axis": "y", "origin": [9.6, 0.2, 8.4]},
			"faces": {
				"north": {"uv": [0, 0, 16, 16], "rotation": 180, "texture": "#0"},
				"east": {"uv": [0, 0, 16, 16], "rotation": 180, "texture": "#0"},
				"south": {"uv": [0, 0, 16, 16], "rotation": 180, "texture": "#0"},
				"west": {"uv": [0, 0, 16, 16], "rotation": 180, "texture": "#0"},
				"up": {"uv": [2, 8, 6, 11], "rotation": 180, "texture": "#0"},
				"down": {"uv": [0, 0, 16, 16], "rotation": 180, "texture": "#0"}
			}
		},
		{
			"from": [8.8, 3, 5.6],
			"to": [9.2, 3.4, 6],
			"rotation": {"angle": 0, "axis": "y", "origin": [9.6, 0.2, 8.4]},
			"faces": {
				"north": {"uv": [0, 0, 16, 16], "rotation": 180, "texture": "#0"},
				"east": {"uv": [0, 0, 16, 16], "rotation": 180, "texture": "#0"},
				"south": {"uv": [0, 0, 16, 16], "rotation": 180, "texture": "#0"},
				"west": {"uv": [0, 0, 16, 16], "rotation": 180, "texture": "#0"},
				"up": {"uv": [2, 8, 6, 11], "rotation": 180, "texture": "#0"},
				"down": {"uv": [0, 0, 16, 16], "rotation": 180, "texture": "#0"}
			}
		},
		{
			"from": [8, 0, 8.4],
			"to": [8.4, 0.4, 8.8],
			"rotation": {"angle": 0, "axis": "y", "origin": [7.8, 3.2, 5.4]},
			"faces": {
				"north": {"uv": [0, 0, 16, 16], "rotation": 180, "texture": "#0"},
				"east": {"uv": [0, 0, 16, 16], "rotation": 180, "texture": "#0"},
				"south": {"uv": [0, 0, 16, 16], "rotation": 180, "texture": "#0"},
				"west": {"uv": [0, 0, 16, 16], "rotation": 180, "texture": "#0"},
				"up": {"uv": [4, 7, 12, 10], "rotation": 180, "texture": "#0"},
				"down": {"uv": [0, 0, 16, 16], "rotation": 180, "texture": "#0"}
			}
		},
		{
			"from": [6.8, 0, 8.4],
			"to": [7.2, 0.4, 8.8],
			"rotation": {"angle": 0, "axis": "y", "origin": [7.8, 3.2, 5.4]},
			"faces": {
				"north": {"uv": [0, 0, 16, 16], "rotation": 180, "texture": "#0"},
				"east": {"uv": [0, 0, 16, 16], "rotation": 180, "texture": "#0"},
				"south": {"uv": [0, 0, 16, 16], "rotation": 180, "texture": "#0"},
				"west": {"uv": [0, 0, 16, 16], "rotation": 180, "texture": "#0"},
				"up": {"uv": [4, 7, 12, 10], "rotation": 180, "texture": "#0"},
				"down": {"uv": [0, 0, 16, 16], "rotation": 180, "texture": "#0"}
			}
		},
		{
			"from": [7.2, 0, 8.4],
			"to": [7.6, 0.4, 8.8],
			"rotation": {"angle": 0, "axis": "y", "origin": [7.8, 3.2, 5.4]},
			"faces": {
				"north": {"uv": [0, 0, 16, 16], "rotation": 180, "texture": "#0"},
				"east": {"uv": [0, 0, 16, 16], "rotation": 180, "texture": "#0"},
				"south": {"uv": [0, 0, 16, 16], "rotation": 180, "texture": "#0"},
				"west": {"uv": [0, 0, 16, 16], "rotation": 180, "texture": "#0"},
				"up": {"uv": [4, 7, 12, 10], "rotation": 180, "texture": "#0"},
				"down": {"uv": [0, 0, 16, 16], "rotation": 180, "texture": "#0"}
			}
		},
		{
			"from": [7.6, 0, 8.4],
			"to": [8, 0.4, 8.8],
			"rotation": {"angle": 0, "axis": "y", "origin": [7.8, 3.2, 5.4]},
			"faces": {
				"north": {"uv": [0, 0, 16, 16], "rotation": 180, "texture": "#0"},
				"east": {"uv": [0, 0, 16, 16], "rotation": 180, "texture": "#0"},
				"south": {"uv": [0, 0, 16, 16], "rotation": 180, "texture": "#0"},
				"west": {"uv": [0, 0, 16, 16], "rotation": 180, "texture": "#0"},
				"up": {"uv": [4, 7, 12, 10], "rotation": 180, "texture": "#0"},
				"down": {"uv": [0, 0, 16, 16], "rotation": 180, "texture": "#0"}
			}
		},
		{
			"from": [8.4, 0, 8.4],
			"to": [8.8, 0.4, 8.8],
			"rotation": {"angle": 0, "axis": "y", "origin": [7.8, 3.2, 5.4]},
			"faces": {
				"north": {"uv": [0, 0, 16, 16], "rotation": 180, "texture": "#0"},
				"east": {"uv": [0, 0, 16, 16], "rotation": 180, "texture": "#0"},
				"south": {"uv": [0, 0, 16, 16], "rotation": 180, "texture": "#0"},
				"west": {"uv": [0, 0, 16, 16], "rotation": 180, "texture": "#0"},
				"up": {"uv": [4, 7, 12, 10], "rotation": 180, "texture": "#0"},
				"down": {"uv": [0, 0, 16, 16], "rotation": 180, "texture": "#0"}
			}
		},
		{
			"from": [9.1, 0, 7.2],
			"to": [9.5, 0.4, 7.6],
			"rotation": {"angle": 0, "axis": "y", "origin": [7.8, 3.2, 7]},
			"faces": {
				"north": {"uv": [0, 0, 16, 16], "rotation": 180, "texture": "#0"},
				"east": {"uv": [0, 0, 16, 16], "rotation": 180, "texture": "#0"},
				"south": {"uv": [0, 0, 16, 16], "rotation": 180, "texture": "#0"},
				"west": {"uv": [0, 0, 16, 16], "rotation": 180, "texture": "#0"},
				"up": {"uv": [4, 7, 12, 10], "rotation": 270, "texture": "#0"},
				"down": {"uv": [0, 0, 16, 16], "rotation": 90, "texture": "#0"}
			}
		},
		{
			"from": [8.8, 0, 8],
			"to": [9.2, 0.4, 8.4],
			"rotation": {"angle": 0, "axis": "y", "origin": [9.6, 0.2, 8.4]},
			"faces": {
				"north": {"uv": [0, 0, 16, 16], "rotation": 180, "texture": "#0"},
				"east": {"uv": [0, 0, 16, 16], "rotation": 180, "texture": "#0"},
				"south": {"uv": [0, 0, 16, 16], "rotation": 180, "texture": "#0"},
				"west": {"uv": [0, 0, 16, 16], "rotation": 180, "texture": "#0"},
				"up": {"uv": [2, 8, 6, 11], "rotation": 180, "texture": "#0"},
				"down": {"uv": [0, 0, 16, 16], "rotation": 180, "texture": "#0"}
			}
		},
		{
			"from": [9.1, 0, 7.6],
			"to": [9.5, 0.4, 8],
			"rotation": {"angle": 0, "axis": "y", "origin": [7.8, 3.2, 7]},
			"faces": {
				"north": {"uv": [0, 0, 16, 16], "rotation": 180, "texture": "#0"},
				"east": {"uv": [0, 0, 16, 16], "rotation": 180, "texture": "#0"},
				"south": {"uv": [0, 0, 16, 16], "rotation": 180, "texture": "#0"},
				"west": {"uv": [0, 0, 16, 16], "rotation": 180, "texture": "#0"},
				"up": {"uv": [4, 7, 12, 10], "rotation": 270, "texture": "#0"},
				"down": {"uv": [0, 0, 16, 16], "rotation": 90, "texture": "#0"}
			}
		},
		{
			"from": [9.1, 0, 6.8],
			"to": [9.5, 0.4, 7.2],
			"rotation": {"angle": 0, "axis": "y", "origin": [7.8, 3.2, 7]},
			"faces": {
				"north": {"uv": [0, 0, 16, 16], "rotation": 180, "texture": "#0"},
				"east": {"uv": [0, 0, 16, 16], "rotation": 180, "texture": "#0"},
				"south": {"uv": [0, 0, 16, 16], "rotation": 180, "texture": "#0"},
				"west": {"uv": [0, 0, 16, 16], "rotation": 180, "texture": "#0"},
				"up": {"uv": [4, 7, 12, 10], "rotation": 270, "texture": "#0"},
				"down": {"uv": [0, 0, 16, 16], "rotation": 90, "texture": "#0"}
			}
		},
		{
			"from": [9.1, 0, 6],
			"to": [9.5, 0.4, 6.4],
			"rotation": {"angle": 0, "axis": "y", "origin": [7.8, 3.2, 7]},
			"faces": {
				"north": {"uv": [0, 0, 16, 16], "rotation": 180, "texture": "#0"},
				"east": {"uv": [0, 0, 16, 16], "rotation": 180, "texture": "#0"},
				"south": {"uv": [0, 0, 16, 16], "rotation": 180, "texture": "#0"},
				"west": {"uv": [0, 0, 16, 16], "rotation": 180, "texture": "#0"},
				"up": {"uv": [4, 7, 12, 10], "rotation": 270, "texture": "#0"},
				"down": {"uv": [0, 0, 16, 16], "rotation": 90, "texture": "#0"}
			}
		},
		{
			"from": [9.1, 0, 6.4],
			"to": [9.5, 0.4, 6.8],
			"rotation": {"angle": 0, "axis": "y", "origin": [7.8, 3.2, 7]},
			"faces": {
				"north": {"uv": [0, 0, 16, 16], "rotation": 180, "texture": "#0"},
				"east": {"uv": [0, 0, 16, 16], "rotation": 180, "texture": "#0"},
				"south": {"uv": [0, 0, 16, 16], "rotation": 180, "texture": "#0"},
				"west": {"uv": [0, 0, 16, 16], "rotation": 180, "texture": "#0"},
				"up": {"uv": [4, 7, 12, 10], "rotation": 270, "texture": "#0"},
				"down": {"uv": [0, 0, 16, 16], "rotation": 90, "texture": "#0"}
			}
		},
		{
			"from": [8.8, 0, 5.6],
			"to": [9.2, 0.4, 6],
			"rotation": {"angle": 0, "axis": "y", "origin": [9.6, 0.2, 8.4]},
			"faces": {
				"north": {"uv": [0, 0, 16, 16], "rotation": 180, "texture": "#0"},
				"east": {"uv": [0, 0, 16, 16], "rotation": 180, "texture": "#0"},
				"south": {"uv": [0, 0, 16, 16], "rotation": 180, "texture": "#0"},
				"west": {"uv": [0, 0, 16, 16], "rotation": 180, "texture": "#0"},
				"up": {"uv": [2, 8, 6, 11], "rotation": 180, "texture": "#0"},
				"down": {"uv": [0, 0, 16, 16], "rotation": 180, "texture": "#0"}
			}
		},
		{
			"from": [8.4, 0, 5.2],
			"to": [8.8, 0.4, 5.6],
			"rotation": {"angle": 0, "axis": "y", "origin": [7.8, 3.2, 5.4]},
			"faces": {
				"north": {"uv": [0, 0, 16, 16], "rotation": 180, "texture": "#0"},
				"east": {"uv": [0, 0, 16, 16], "rotation": 180, "texture": "#0"},
				"south": {"uv": [0, 0, 16, 16], "rotation": 180, "texture": "#0"},
				"west": {"uv": [0, 0, 16, 16], "rotation": 180, "texture": "#0"},
				"up": {"uv": [4, 7, 12, 10], "rotation": 180, "texture": "#0"},
				"down": {"uv": [0, 0, 16, 16], "rotation": 180, "texture": "#0"}
			}
		},
		{
			"from": [8, 0, 5.2],
			"to": [8.4, 0.4, 5.6],
			"rotation": {"angle": 0, "axis": "y", "origin": [7.8, 3.2, 5.4]},
			"faces": {
				"north": {"uv": [0, 0, 16, 16], "rotation": 180, "texture": "#0"},
				"east": {"uv": [0, 0, 16, 16], "rotation": 180, "texture": "#0"},
				"south": {"uv": [0, 0, 16, 16], "rotation": 180, "texture": "#0"},
				"west": {"uv": [0, 0, 16, 16], "rotation": 180, "texture": "#0"},
				"up": {"uv": [4, 7, 12, 10], "rotation": 180, "texture": "#0"},
				"down": {"uv": [0, 0, 16, 16], "rotation": 180, "texture": "#0"}
			}
		},
		{
			"from": [7.6, 0, 5.2],
			"to": [8, 0.4, 5.6],
			"rotation": {"angle": 0, "axis": "y", "origin": [7.8, 3.2, 5.4]},
			"faces": {
				"north": {"uv": [0, 0, 16, 16], "rotation": 180, "texture": "#0"},
				"east": {"uv": [0, 0, 16, 16], "rotation": 180, "texture": "#0"},
				"south": {"uv": [0, 0, 16, 16], "rotation": 180, "texture": "#0"},
				"west": {"uv": [0, 0, 16, 16], "rotation": 180, "texture": "#0"},
				"up": {"uv": [4, 7, 12, 10], "rotation": 180, "texture": "#0"},
				"down": {"uv": [0, 0, 16, 16], "rotation": 180, "texture": "#0"}
			}
		},
		{
			"from": [7.2, 0, 5.2],
			"to": [7.6, 0.4, 5.6],
			"rotation": {"angle": 0, "axis": "y", "origin": [7.8, 3.2, 5.4]},
			"faces": {
				"north": {"uv": [0, 0, 16, 16], "rotation": 180, "texture": "#0"},
				"east": {"uv": [0, 0, 16, 16], "rotation": 180, "texture": "#0"},
				"south": {"uv": [0, 0, 16, 16], "rotation": 180, "texture": "#0"},
				"west": {"uv": [0, 0, 16, 16], "rotation": 180, "texture": "#0"},
				"up": {"uv": [4, 7, 12, 10], "rotation": 180, "texture": "#0"},
				"down": {"uv": [0, 0, 16, 16], "rotation": 180, "texture": "#0"}
			}
		},
		{
			"from": [6.8, 0, 5.2],
			"to": [7.2, 0.4, 5.6],
			"rotation": {"angle": 0, "axis": "y", "origin": [7.8, 3.2, 5.4]},
			"faces": {
				"north": {"uv": [0, 0, 16, 16], "rotation": 180, "texture": "#0"},
				"east": {"uv": [0, 0, 16, 16], "rotation": 180, "texture": "#0"},
				"south": {"uv": [0, 0, 16, 16], "rotation": 180, "texture": "#0"},
				"west": {"uv": [0, 0, 16, 16], "rotation": 180, "texture": "#0"},
				"up": {"uv": [4, 7, 12, 10], "rotation": 180, "texture": "#0"},
				"down": {"uv": [0, 0, 16, 16], "rotation": 180, "texture": "#0"}
			}
		},
		{
			"from": [6.4, 0, 5.6],
			"to": [6.8, 0.4, 6],
			"rotation": {"angle": 0, "axis": "y", "origin": [9.6, 0.2, 8.4]},
			"faces": {
				"north": {"uv": [0, 0, 16, 16], "rotation": 180, "texture": "#0"},
				"east": {"uv": [0, 0, 16, 16], "rotation": 180, "texture": "#0"},
				"south": {"uv": [0, 0, 16, 16], "rotation": 180, "texture": "#0"},
				"west": {"uv": [0, 0, 16, 16], "rotation": 180, "texture": "#0"},
				"up": {"uv": [2, 8, 6, 11], "rotation": 180, "texture": "#0"},
				"down": {"uv": [0, 0, 16, 16], "rotation": 180, "texture": "#0"}
			}
		},
		{
			"from": [6, 0, 6],
			"to": [6.4, 0.4, 6.4],
			"rotation": {"angle": 0, "axis": "y", "origin": [7.8, 3.2, 7]},
			"faces": {
				"north": {"uv": [0, 0, 16, 16], "rotation": 180, "texture": "#0"},
				"east": {"uv": [0, 0, 16, 16], "rotation": 180, "texture": "#0"},
				"south": {"uv": [0, 0, 16, 16], "rotation": 180, "texture": "#0"},
				"west": {"uv": [0, 0, 16, 16], "rotation": 180, "texture": "#0"},
				"up": {"uv": [4, 7, 12, 10], "rotation": 270, "texture": "#0"},
				"down": {"uv": [0, 0, 16, 16], "rotation": 90, "texture": "#0"}
			}
		},
		{
			"from": [6, 0, 6.4],
			"to": [6.4, 0.4, 6.8],
			"rotation": {"angle": 0, "axis": "y", "origin": [7.8, 3.2, 7]},
			"faces": {
				"north": {"uv": [0, 0, 16, 16], "rotation": 180, "texture": "#0"},
				"east": {"uv": [0, 0, 16, 16], "rotation": 180, "texture": "#0"},
				"south": {"uv": [0, 0, 16, 16], "rotation": 180, "texture": "#0"},
				"west": {"uv": [0, 0, 16, 16], "rotation": 180, "texture": "#0"},
				"up": {"uv": [4, 7, 12, 10], "rotation": 270, "texture": "#0"},
				"down": {"uv": [0, 0, 16, 16], "rotation": 90, "texture": "#0"}
			}
		},
		{
			"from": [6, 0, 7.2],
			"to": [6.4, 0.4, 7.6],
			"rotation": {"angle": 0, "axis": "y", "origin": [7.8, 3.2, 7]},
			"faces": {
				"north": {"uv": [0, 0, 16, 16], "rotation": 180, "texture": "#0"},
				"east": {"uv": [0, 0, 16, 16], "rotation": 180, "texture": "#0"},
				"south": {"uv": [0, 0, 16, 16], "rotation": 180, "texture": "#0"},
				"west": {"uv": [0, 0, 16, 16], "rotation": 180, "texture": "#0"},
				"up": {"uv": [4, 7, 12, 10], "rotation": 270, "texture": "#0"},
				"down": {"uv": [0, 0, 16, 16], "rotation": 90, "texture": "#0"}
			}
		},
		{
			"from": [6, 0, 7.6],
			"to": [6.4, 0.4, 8],
			"rotation": {"angle": 0, "axis": "y", "origin": [7.8, 3.2, 7]},
			"faces": {
				"north": {"uv": [0, 0, 16, 16], "rotation": 180, "texture": "#0"},
				"east": {"uv": [0, 0, 16, 16], "rotation": 180, "texture": "#0"},
				"south": {"uv": [0, 0, 16, 16], "rotation": 180, "texture": "#0"},
				"west": {"uv": [0, 0, 16, 16], "rotation": 180, "texture": "#0"},
				"up": {"uv": [4, 7, 12, 10], "rotation": 270, "texture": "#0"},
				"down": {"uv": [0, 0, 16, 16], "rotation": 90, "texture": "#0"}
			}
		},
		{
			"from": [6, 0, 6.8],
			"to": [6.4, 0.4, 7.2],
			"rotation": {"angle": 0, "axis": "y", "origin": [7.8, 3.2, 7]},
			"faces": {
				"north": {"uv": [0, 0, 16, 16], "rotation": 180, "texture": "#0"},
				"east": {"uv": [0, 0, 16, 16], "rotation": 180, "texture": "#0"},
				"south": {"uv": [0, 0, 16, 16], "rotation": 180, "texture": "#0"},
				"west": {"uv": [0, 0, 16, 16], "rotation": 180, "texture": "#0"},
				"up": {"uv": [4, 7, 12, 10], "rotation": 270, "texture": "#0"},
				"down": {"uv": [0, 0, 16, 16], "rotation": 90, "texture": "#0"}
			}
		},
		{
			"from": [6.4, 0, 8],
			"to": [6.8, 0.4, 8.4],
			"rotation": {"angle": 0, "axis": "y", "origin": [9.6, 0.2, 8.4]},
			"faces": {
				"north": {"uv": [0, 0, 16, 16], "rotation": 180, "texture": "#0"},
				"east": {"uv": [0, 0, 16, 16], "rotation": 180, "texture": "#0"},
				"south": {"uv": [0, 0, 16, 16], "rotation": 180, "texture": "#0"},
				"west": {"uv": [0, 0, 16, 16], "rotation": 180, "texture": "#0"},
				"up": {"uv": [2, 8, 6, 11], "rotation": 180, "texture": "#0"},
				"down": {"uv": [0, 0, 16, 16], "rotation": 180, "texture": "#0"}
			}
		},
		{
			"from": [9.2, 0.4, 6],
			"to": [9.4, 3, 8],
			"rotation": {"angle": 0, "axis": "y", "origin": [9.6, 0.2, 8.4]},
			"faces": {
				"north": {"uv": [5, 6, 7.9, 11.3], "rotation": 180, "texture": "#0"},
				"east": {"uv": [5, 6, 7.9, 11.3], "rotation": 180, "texture": "#0"},
				"south": {"uv": [5, 6, 7.9, 11.3], "rotation": 180, "texture": "#0"},
				"west": {"uv": [5, 6, 7.9, 11.3], "rotation": 180, "texture": "#0"},
				"up": {"uv": [5, 6, 7.9, 11.3], "rotation": 180, "texture": "#0"},
				"down": {"uv": [5, 6, 7.9, 11.3], "rotation": 180, "texture": "#0"}
			}
		},
		{
			"from": [6.8, 0.6, 5.6],
			"to": [8.8, 2.8, 8.4],
			"faces": {
				"north": {"uv": [3, 0, 5, 2.8], "texture": "#0"},
				"east": {"uv": [3, 0, 5, 2.8], "texture": "#0"},
				"south": {"uv": [3, 0, 5, 2.8], "texture": "#0"},
				"west": {"uv": [3, 0, 5, 2.8], "texture": "#0"},
				"up": {"uv": [2, 1, 4, 3.8], "texture": "#3"},
				"down": {"uv": [3, 0, 5, 2.8], "texture": "#0"}
			}
		},
		{
			"from": [6.4, 0.6, 6],
			"to": [6.8, 2.8, 8],
			"faces": {
				"north": {"uv": [3, 0, 3.4, 2], "texture": "#0"},
				"east": {"uv": [3, 0, 3.4, 2], "texture": "#0"},
				"south": {"uv": [3, 0, 3.4, 2], "texture": "#0"},
				"west": {"uv": [3, 0, 3.4, 2], "texture": "#0"},
				"up": {"uv": [2, 1, 2.4, 3], "texture": "#3"},
				"down": {"uv": [3, 0, 3.4, 2], "texture": "#0"}
			}
		},
		{
			"from": [8.8, 0.6, 6],
			"to": [9.2, 2.8, 8],
			"faces": {
				"north": {"uv": [3, 0, 3.4, 2], "texture": "#0"},
				"east": {"uv": [3, 0, 3.4, 2], "texture": "#0"},
				"south": {"uv": [3, 0, 3.4, 2], "texture": "#0"},
				"west": {"uv": [3, 0, 3.4, 2], "texture": "#0"},
				"up": {"uv": [2, 1, 2.4, 3], "texture": "#3"},
				"down": {"uv": [3, 0, 3.4, 2], "texture": "#0"}
			}
		},
		{
			"from": [6.4, 0.1, 6],
			"to": [6.8, 0.3, 8],
			"faces": {
				"north": {"uv": [3, 0, 3.4, 2], "texture": "#0"},
				"east": {"uv": [3, 0, 3.4, 2], "texture": "#0"},
				"south": {"uv": [3, 0, 3.4, 2], "texture": "#0"},
				"west": {"uv": [3, 0, 3.4, 2], "texture": "#0"},
				"up": {"uv": [3, 0, 3.4, 2], "texture": "#0"},
				"down": {"uv": [3, 0, 3.4, 2], "texture": "#0"}
			}
		},
		{
			"from": [6.8, 0.1, 5.6],
			"to": [8.8, 0.3, 8.4],
			"faces": {
				"north": {"uv": [3, 0, 5, 2.8], "texture": "#0"},
				"east": {"uv": [3, 0, 5, 2.8], "texture": "#0"},
				"south": {"uv": [3, 0, 5, 2.8], "texture": "#0"},
				"west": {"uv": [3, 0, 5, 2.8], "texture": "#0"},
				"up": {"uv": [3, 0, 5, 2.8], "texture": "#0"},
				"down": {"uv": [3, 0, 5, 2.8], "texture": "#0"}
			}
		},
		{
			"from": [8.8, 0.1, 6],
			"to": [9.2, 0.3, 8],
			"faces": {
				"north": {"uv": [3, 0, 3.4, 2], "texture": "#0"},
				"east": {"uv": [3, 0, 3.4, 2], "texture": "#0"},
				"south": {"uv": [3, 0, 3.4, 2], "texture": "#0"},
				"west": {"uv": [3, 0, 3.4, 2], "texture": "#0"},
				"up": {"uv": [3, 0, 3.4, 2], "texture": "#0"},
				"down": {"uv": [3, 0, 3.4, 2], "texture": "#0"}
			}
		},
		{
			"from": [7.4, 0.6, 8.6],
			"to": [8, 0.9, 8.9],
			"faces": {
				"north": {"uv": [2.1, 2.8, 6.6, 8.4], "texture": "#2"},
				"east": {"uv": [2.1, 2.8, 6.6, 8.4], "texture": "#2"},
				"south": {"uv": [2.1, 2.8, 6.6, 8.4], "texture": "#2"},
				"west": {"uv": [2.1, 2.8, 6.6, 8.4], "texture": "#2"},
				"up": {"uv": [2.1, 2.8, 6.6, 8.4], "texture": "#2"},
				"down": {"uv": [2.1, 2.8, 6.6, 8.4], "texture": "#2"}
			}
		},
		{
			"from": [7.4, 0.9, 8.8],
			"to": [8, 1.2, 9.1],
			"faces": {
				"north": {"uv": [2.1, 2.8, 6.6, 8.4], "texture": "#2"},
				"east": {"uv": [2.1, 2.8, 6.6, 8.4], "texture": "#2"},
				"south": {"uv": [2.1, 2.8, 6.6, 8.4], "texture": "#2"},
				"west": {"uv": [2.1, 2.8, 6.6, 8.4], "texture": "#2"},
				"up": {"uv": [2.1, 2.8, 6.6, 8.4], "texture": "#2"},
				"down": {"uv": [2.1, 2.8, 6.6, 8.4], "texture": "#2"}
			}
		},
		{
			"from": [7.4, 1.2, 9],
			"to": [8, 1.5, 9.5],
			"faces": {
				"north": {"uv": [2.1, 2.8, 6.8, 8.4], "texture": "#2"},
				"east": {"uv": [2.1, 2.8, 6.8, 8.4], "texture": "#2"},
				"south": {"uv": [2.1, 2.8, 6.8, 8.4], "texture": "#2"},
				"west": {"uv": [2.1, 2.8, 6.8, 8.4], "texture": "#2"},
				"up": {"uv": [2.1, 2.8, 6.8, 8.4], "texture": "#2"},
				"down": {"uv": [2.1, 2.8, 6.8, 8.4], "texture": "#2"}
			}
		},
		{
			"from": [7.4, 1.5, 9.4],
			"to": [8, 2.2, 9.7],
			"faces": {
				"north": {"uv": [2.1, 2.8, 6.6, 8.8], "texture": "#2"},
				"east": {"uv": [2.1, 2.8, 6.6, 8.8], "texture": "#2"},
				"south": {"uv": [2.1, 2.8, 6.6, 8.8], "texture": "#2"},
				"west": {"uv": [2.1, 2.8, 6.6, 8.8], "texture": "#2"},
				"up": {"uv": [2.1, 2.8, 6.6, 8.8], "texture": "#2"},
				"down": {"uv": [2.1, 2.8, 6.6, 8.8], "texture": "#2"}
			}
		},
		{
			"from": [7.4, 2.2, 9.1],
			"to": [8, 2.5, 9.6],
			"faces": {
				"north": {"uv": [2.1, 2.8, 6.8, 8.4], "texture": "#2"},
				"east": {"uv": [2.1, 2.8, 6.8, 8.4], "texture": "#2"},
				"south": {"uv": [2.1, 2.8, 6.8, 8.4], "texture": "#2"},
				"west": {"uv": [2.1, 2.8, 6.8, 8.4], "texture": "#2"},
				"up": {"uv": [2.1, 2.8, 6.8, 8.4], "texture": "#2"},
				"down": {"uv": [2.1, 2.8, 6.8, 8.4], "texture": "#2"}
			}
		},
		{
			"from": [7.4, 2.5, 8.8],
			"to": [8, 2.8, 9.3],
			"faces": {
				"north": {"uv": [2.1, 2.8, 6.8, 8.4], "texture": "#2"},
				"east": {"uv": [2.1, 2.8, 6.8, 8.4], "texture": "#2"},
				"south": {"uv": [2.1, 2.8, 6.8, 8.4], "texture": "#2"},
				"west": {"uv": [2.1, 2.8, 6.8, 8.4], "texture": "#2"},
				"up": {"uv": [2.1, 2.8, 6.8, 8.4], "texture": "#2"},
				"down": {"uv": [2.1, 2.8, 6.8, 8.4], "texture": "#2"}
			}
		},
		{
			"from": [7.4, 2.8, 8.5],
			"to": [8, 3, 9],
			"faces": {
				"north": {"uv": [2.1, 2.8, 6.8, 8.3], "texture": "#2"},
				"east": {"uv": [2.1, 2.8, 6.8, 8.3], "texture": "#2"},
				"south": {"uv": [2.1, 2.8, 6.8, 8.3], "texture": "#2"},
				"west": {"uv": [2.1, 2.8, 6.8, 8.3], "texture": "#2"},
				"up": {"uv": [2.1, 2.8, 6.8, 8.3], "texture": "#2"},
				"down": {"uv": [2.1, 2.8, 6.8, 8.3], "texture": "#2"}
			}
		},
		{
			"from": [6.9, 1.6, 5.3],
			"to": [8.8, 2, 5.4],
			"faces": {
				"north": {"uv": [0, 10, 0.5, 11.5], "texture": "#1"},
				"east": {"uv": [0, 10, 0.5, 11.5], "texture": "#1"},
				"south": {"uv": [0, 10, 0.5, 11.5], "texture": "#1"},
				"west": {"uv": [0, 10, 0.5, 11.5], "texture": "#1"},
				"up": {"uv": [0, 10, 0.5, 11.5], "texture": "#1"},
				"down": {"uv": [0, 10, 0.5, 11.5], "texture": "#1"}
			}
		},
		{
			"from": [6.7, 1.6, 5.3],
			"to": [6.9, 2, 5.5],
			"faces": {
				"north": {"uv": [0, 10, 0.5, 11.5], "texture": "#1"},
				"east": {"uv": [0, 10, 0.5, 11.5], "texture": "#1"},
				"south": {"uv": [0, 10, 0.5, 11.5], "texture": "#1"},
				"west": {"uv": [0, 10, 0.5, 11.5], "texture": "#1"},
				"up": {"uv": [0, 10, 0.5, 11.5], "texture": "#1"},
				"down": {"uv": [0, 10, 0.5, 11.5], "texture": "#1"}
			}
		},
		{
			"from": [8.8, 1.6, 5.3],
			"to": [9, 2, 5.5],
			"faces": {
				"north": {"uv": [0, 10, 0.5, 11.5], "texture": "#1"},
				"east": {"uv": [0, 10, 0.5, 11.5], "texture": "#1"},
				"south": {"uv": [0, 10, 0.5, 11.5], "texture": "#1"},
				"west": {"uv": [0, 10, 0.5, 11.5], "texture": "#1"},
				"up": {"uv": [0, 10, 0.5, 11.5], "texture": "#1"},
				"down": {"uv": [0, 10, 0.5, 11.5], "texture": "#1"}
			}
		},
		{
			"from": [8.8, 1.6, 8.5],
			"to": [9, 2, 8.7],
			"faces": {
				"north": {"uv": [0, 10, 0.5, 11.6], "texture": "#1"},
				"east": {"uv": [0, 10, 0.5, 11.6], "texture": "#1"},
				"south": {"uv": [0, 10, 0.5, 11.6], "texture": "#1"},
				"west": {"uv": [0, 10, 0.5, 11.6], "texture": "#1"},
				"up": {"uv": [0, 10, 0.5, 11.6], "texture": "#1"},
				"down": {"uv": [0, 10, 0.5, 11.6], "texture": "#1"}
			}
		},
		{
			"from": [6.7, 1.6, 8.5],
			"to": [6.9, 2, 8.7],
			"faces": {
				"north": {"uv": [0, 10, 0.5, 11.6], "texture": "#1"},
				"east": {"uv": [0, 10, 0.5, 11.6], "texture": "#1"},
				"south": {"uv": [0, 10, 0.5, 11.6], "texture": "#1"},
				"west": {"uv": [0, 10, 0.5, 11.6], "texture": "#1"},
				"up": {"uv": [0, 10, 0.5, 11.6], "texture": "#1"},
				"down": {"uv": [0, 10, 0.5, 11.6], "texture": "#1"}
			}
		},
		{
			"from": [6.9, 1.6, 8.6],
			"to": [8.8, 2, 8.7],
			"faces": {
				"north": {"uv": [0, 10, 0.5, 11.6], "texture": "#1"},
				"east": {"uv": [0, 10, 0.5, 11.6], "texture": "#1"},
				"south": {"uv": [0, 10, 0.5, 11.6], "texture": "#1"},
				"west": {"uv": [0, 10, 0.5, 11.6], "texture": "#1"},
				"up": {"uv": [0, 10, 0.5, 11.6], "texture": "#1"},
				"down": {"uv": [0, 10, 0.5, 11.6], "texture": "#1"}
			}
		},
		{
			"from": [6.05, 1.6, 6.05],
			"to": [6.15, 2, 7.95],
			"rotation": {"angle": 0, "axis": "y", "origin": [5.15, 1.8, 7.6]},
			"faces": {
				"north": {"uv": [0, 10, 0.9, 11.4], "texture": "#1"},
				"east": {"uv": [0, 10, 0.9, 11.4], "texture": "#1"},
				"south": {"uv": [0, 10, 0.9, 11.4], "texture": "#1"},
				"west": {"uv": [0, 10, 0.9, 11.4], "texture": "#1"},
				"up": {"uv": [0, 10, 0.9, 11.4], "texture": "#1"},
				"down": {"uv": [0, 10, 0.9, 11.4], "texture": "#1"}
			}
		},
		{
			"from": [9.45, 1.6, 6.05],
			"to": [9.55, 2, 7.95],
			"rotation": {"angle": 0, "axis": "y", "origin": [5.15, 1.8, 7.6]},
			"faces": {
				"north": {"uv": [0, 10, 0.9, 11.4], "texture": "#1"},
				"east": {"uv": [0, 10, 0.9, 11.4], "texture": "#1"},
				"south": {"uv": [0, 10, 0.9, 11.4], "texture": "#1"},
				"west": {"uv": [0, 10, 0.9, 11.4], "texture": "#1"},
				"up": {"uv": [0, 10, 0.9, 11.4], "texture": "#1"},
				"down": {"uv": [0, 10, 0.9, 11.4], "texture": "#1"}
			}
		},
		{
			"from": [6.5, 1.6, 5.5],
			"to": [6.8, 2, 5.7],
			"faces": {
				"north": {"uv": [0, 10, 0.5, 11.5], "texture": "#1"},
				"east": {"uv": [0, 10, 0.5, 11.5], "texture": "#1"},
				"south": {"uv": [0, 10, 0.5, 11.5], "texture": "#1"},
				"west": {"uv": [0, 10, 0.5, 11.5], "texture": "#1"},
				"up": {"uv": [0, 10, 0.5, 11.5], "texture": "#1"},
				"down": {"uv": [0, 10, 0.5, 11.5], "texture": "#1"}
			}
		},
		{
			"from": [8.8, 1.6, 5.5],
			"to": [9.2, 2, 5.7],
			"faces": {
				"north": {"uv": [0, 10, 0.5, 11.5], "texture": "#1"},
				"east": {"uv": [0, 10, 0.5, 11.5], "texture": "#1"},
				"south": {"uv": [0, 10, 0.5, 11.5], "texture": "#1"},
				"west": {"uv": [0, 10, 0.5, 11.5], "texture": "#1"},
				"up": {"uv": [0, 10, 0.5, 11.5], "texture": "#1"},
				"down": {"uv": [0, 10, 0.5, 11.5], "texture": "#1"}
			}
		},
		{
			"from": [6.3, 1.6, 5.7],
			"to": [6.7, 2, 5.9],
			"faces": {
				"north": {"uv": [0, 10, 0.5, 11.5], "texture": "#1"},
				"east": {"uv": [0, 10, 0.5, 11.5], "texture": "#1"},
				"south": {"uv": [0, 10, 0.5, 11.5], "texture": "#1"},
				"west": {"uv": [0, 10, 0.5, 11.5], "texture": "#1"},
				"up": {"uv": [0, 10, 0.5, 11.5], "texture": "#1"},
				"down": {"uv": [0, 10, 0.5, 11.5], "texture": "#1"}
			}
		},
		{
			"from": [6.1, 1.6, 5.9],
			"to": [6.4, 2, 6.1],
			"faces": {
				"north": {"uv": [0, 10, 0.5, 11.5], "texture": "#1"},
				"east": {"uv": [0, 10, 0.5, 11.5], "texture": "#1"},
				"south": {"uv": [0, 10, 0.5, 11.5], "texture": "#1"},
				"west": {"uv": [0, 10, 0.5, 11.5], "texture": "#1"},
				"up": {"uv": [0, 10, 0.5, 11.5], "texture": "#1"},
				"down": {"uv": [0, 10, 0.5, 11.5], "texture": "#1"}
			}
		},
		{
			"from": [9, 1.6, 5.7],
			"to": [9.4, 2, 5.9],
			"faces": {
				"north": {"uv": [0, 10, 0.5, 11.5], "texture": "#1"},
				"east": {"uv": [0, 10, 0.5, 11.5], "texture": "#1"},
				"south": {"uv": [0, 10, 0.5, 11.5], "texture": "#1"},
				"west": {"uv": [0, 10, 0.5, 11.5], "texture": "#1"},
				"up": {"uv": [0, 10, 0.5, 11.5], "texture": "#1"},
				"down": {"uv": [0, 10, 0.5, 11.5], "texture": "#1"}
			}
		},
		{
			"from": [9.2, 1.6, 5.9],
			"to": [9.5, 2, 6.1],
			"faces": {
				"north": {"uv": [0, 10, 0.5, 11.5], "texture": "#1"},
				"east": {"uv": [0, 10, 0.5, 11.5], "texture": "#1"},
				"south": {"uv": [0, 10, 0.5, 11.5], "texture": "#1"},
				"west": {"uv": [0, 10, 0.5, 11.5], "texture": "#1"},
				"up": {"uv": [0, 10, 0.5, 11.5], "texture": "#1"},
				"down": {"uv": [0, 10, 0.5, 11.5], "texture": "#1"}
			}
		},
		{
			"from": [6.1, 1.6, 7.9],
			"to": [6.4, 2, 8.1],
			"rotation": {"angle": 0, "axis": "y", "origin": [7.8, 1.8, 5.8]},
			"faces": {
				"north": {"uv": [0, 10, 0.5, 11.6], "rotation": 180, "texture": "#1"},
				"east": {"uv": [0, 10, 0.5, 11.6], "rotation": 180, "texture": "#1"},
				"south": {"uv": [0, 10, 0.5, 11.6], "rotation": 180, "texture": "#1"},
				"west": {"uv": [0, 10, 0.5, 11.6], "rotation": 180, "texture": "#1"},
				"up": {"uv": [0, 10, 0.5, 11.6], "rotation": 180, "texture": "#1"},
				"down": {"uv": [0, 10, 0.5, 11.6], "rotation": 180, "texture": "#1"}
			}
		},
		{
			"from": [6.3, 1.6, 8.1],
			"to": [6.7, 2, 8.3],
			"rotation": {"angle": 0, "axis": "y", "origin": [7.8, 1.8, 5.8]},
			"faces": {
				"north": {"uv": [0, 10, 0.5, 11.6], "rotation": 180, "texture": "#1"},
				"east": {"uv": [0, 10, 0.5, 11.6], "rotation": 180, "texture": "#1"},
				"south": {"uv": [0, 10, 0.5, 11.6], "rotation": 180, "texture": "#1"},
				"west": {"uv": [0, 10, 0.5, 11.6], "rotation": 180, "texture": "#1"},
				"up": {"uv": [0, 10, 0.5, 11.6], "rotation": 180, "texture": "#1"},
				"down": {"uv": [0, 10, 0.5, 11.6], "rotation": 180, "texture": "#1"}
			}
		},
		{
			"from": [6.5, 1.6, 8.3],
			"to": [6.9, 2, 8.5],
			"rotation": {"angle": 0, "axis": "y", "origin": [7.8, 1.8, 5.8]},
			"faces": {
				"north": {"uv": [0, 10, 0.5, 11.6], "rotation": 180, "texture": "#1"},
				"east": {"uv": [0, 10, 0.5, 11.6], "rotation": 180, "texture": "#1"},
				"south": {"uv": [0, 10, 0.5, 11.6], "rotation": 180, "texture": "#1"},
				"west": {"uv": [0, 10, 0.5, 11.6], "rotation": 180, "texture": "#1"},
				"up": {"uv": [0, 10, 0.5, 11.6], "rotation": 180, "texture": "#1"},
				"down": {"uv": [0, 10, 0.5, 11.6], "rotation": 180, "texture": "#1"}
			}
		},
		{
			"from": [9.2, 1.6, 7.9],
			"to": [9.5, 2, 8.1],
			"rotation": {"angle": 0, "axis": "y", "origin": [7.8, 1.8, 5.8]},
			"faces": {
				"north": {"uv": [0, 10, 0.5, 11.6], "rotation": 180, "texture": "#1"},
				"east": {"uv": [0, 10, 0.5, 11.6], "rotation": 180, "texture": "#1"},
				"south": {"uv": [0, 10, 0.5, 11.6], "rotation": 180, "texture": "#1"},
				"west": {"uv": [0, 10, 0.5, 11.6], "rotation": 180, "texture": "#1"},
				"up": {"uv": [0, 10, 0.5, 11.6], "rotation": 180, "texture": "#1"},
				"down": {"uv": [0, 10, 0.5, 11.6], "rotation": 180, "texture": "#1"}
			}
		},
		{
			"from": [9, 1.6, 8.1],
			"to": [9.4, 2, 8.3],
			"rotation": {"angle": 0, "axis": "y", "origin": [7.8, 1.8, 5.8]},
			"faces": {
				"north": {"uv": [0, 10, 0.5, 11.6], "rotation": 180, "texture": "#1"},
				"east": {"uv": [0, 10, 0.5, 11.6], "rotation": 180, "texture": "#1"},
				"south": {"uv": [0, 10, 0.5, 11.6], "rotation": 180, "texture": "#1"},
				"west": {"uv": [0, 10, 0.5, 11.6], "rotation": 180, "texture": "#1"},
				"up": {"uv": [0, 10, 0.5, 11.6], "rotation": 180, "texture": "#1"},
				"down": {"uv": [0, 10, 0.5, 11.6], "rotation": 180, "texture": "#1"}
			}
		},
		{
			"from": [8.8, 1.6, 8.3],
			"to": [9.2, 2, 8.5],
			"rotation": {"angle": 0, "axis": "y", "origin": [7.8, 1.8, 5.8]},
			"faces": {
				"north": {"uv": [0, 10, 0.5, 11.6], "rotation": 180, "texture": "#1"},
				"east": {"uv": [0, 10, 0.5, 11.6], "rotation": 180, "texture": "#1"},
				"south": {"uv": [0, 10, 0.5, 11.6], "rotation": 180, "texture": "#1"},
				"west": {"uv": [0, 10, 0.5, 11.6], "rotation": 180, "texture": "#1"},
				"up": {"uv": [0, 10, 0.5, 11.6], "rotation": 180, "texture": "#1"},
				"down": {"uv": [0, 10, 0.5, 11.6], "rotation": 180, "texture": "#1"}
			}
		},
		{
			"from": [6.9, 3, 6.6],
			"to": [7.3, 3.1, 7],
			"faces": {
				"north": {"uv": [0, 0, 16, 16], "texture": "#4"},
				"east": {"uv": [0, 0, 16, 16], "texture": "#4"},
				"south": {"uv": [0, 0, 16, 16], "texture": "#4"},
				"west": {"uv": [0, 0, 16, 16], "texture": "#4"},
				"up": {"uv": [0, 0, 16, 16], "texture": "#4"},
				"down": {"uv": [0, 0, 16, 16], "texture": "#4"}
			}
		},
		{
			"from": [6.9, 3, 7.7],
			"to": [7.3, 3.1, 8.1],
			"faces": {
				"north": {"uv": [0, 0, 16, 16], "texture": "#4"},
				"east": {"uv": [0, 0, 16, 16], "texture": "#4"},
				"south": {"uv": [0, 0, 16, 16], "texture": "#4"},
				"west": {"uv": [0, 0, 16, 16], "texture": "#4"},
				"up": {"uv": [0, 0, 16, 16], "texture": "#4"},
				"down": {"uv": [0, 0, 16, 16], "texture": "#4"}
			}
		},
		{
			"from": [7.2, 3, 7.4],
			"to": [7.6, 3.1, 7.8],
			"faces": {
				"north": {"uv": [0, 0, 16, 16], "texture": "#4"},
				"east": {"uv": [0, 0, 16, 16], "texture": "#4"},
				"south": {"uv": [0, 0, 16, 16], "texture": "#4"},
				"west": {"uv": [0, 0, 16, 16], "texture": "#4"},
				"up": {"uv": [0, 0, 16, 16], "texture": "#4"},
				"down": {"uv": [0, 0, 16, 16], "texture": "#4"}
			}
		},
		{
			"from": [7.2, 3, 6.2],
			"to": [7.6, 3.1, 6.6],
			"faces": {
				"north": {"uv": [0, 0, 16, 16], "texture": "#4"},
				"east": {"uv": [0, 0, 16, 16], "texture": "#4"},
				"south": {"uv": [0, 0, 16, 16], "texture": "#4"},
				"west": {"uv": [0, 0, 16, 16], "texture": "#4"},
				"up": {"uv": [0, 0, 16, 16], "texture": "#4"},
				"down": {"uv": [0, 0, 16, 16], "texture": "#4"}
			}
		},
		{
			"from": [8.3, 3, 6.2],
			"to": [8.7, 3.1, 6.6],
			"faces": {
				"north": {"uv": [0, 0, 16, 16], "texture": "#4"},
				"east": {"uv": [0, 0, 16, 16], "texture": "#4"},
				"south": {"uv": [0, 0, 16, 16], "texture": "#4"},
				"west": {"uv": [0, 0, 16, 16], "texture": "#4"},
				"up": {"uv": [0, 0, 16, 16], "texture": "#4"},
				"down": {"uv": [0, 0, 16, 16], "texture": "#4"}
			}
		},
		{
			"from": [8.3, 3, 5.6],
			"to": [8.7, 3.1, 6],
			"faces": {
				"north": {"uv": [0, 0, 16, 16], "texture": "#4"},
				"east": {"uv": [0, 0, 16, 16], "texture": "#4"},
				"south": {"uv": [0, 0, 16, 16], "texture": "#4"},
				"west": {"uv": [0, 0, 16, 16], "texture": "#4"},
				"up": {"uv": [0, 0, 16, 16], "texture": "#4"},
				"down": {"uv": [0, 0, 16, 16], "texture": "#4"}
			}
		},
		{
			"from": [7.8, 3, 5.7],
			"to": [8.2, 3.1, 6.1],
			"faces": {
				"north": {"uv": [0, 0, 16, 16], "texture": "#4"},
				"east": {"uv": [0, 0, 16, 16], "texture": "#4"},
				"south": {"uv": [0, 0, 16, 16], "texture": "#4"},
				"west": {"uv": [0, 0, 16, 16], "texture": "#4"},
				"up": {"uv": [0, 0, 16, 16], "texture": "#4"},
				"down": {"uv": [0, 0, 16, 16], "texture": "#4"}
			}
		},
		{
			"from": [7.2, 3, 5.7],
			"to": [7.6, 3.1, 6.1],
			"faces": {
				"north": {"uv": [0, 0, 16, 16], "texture": "#4"},
				"east": {"uv": [0, 0, 16, 16], "texture": "#4"},
				"south": {"uv": [0, 0, 16, 16], "texture": "#4"},
				"west": {"uv": [0, 0, 16, 16], "texture": "#4"},
				"up": {"uv": [0, 0, 16, 16], "texture": "#4"},
				"down": {"uv": [0, 0, 16, 16], "texture": "#4"}
			}
		},
		{
			"from": [6.9, 3, 6],
			"to": [7.3, 3.1, 6.4],
			"faces": {
				"north": {"uv": [0, 0, 16, 16], "texture": "#4"},
				"east": {"uv": [0, 0, 16, 16], "texture": "#4"},
				"south": {"uv": [0, 0, 16, 16], "texture": "#4"},
				"west": {"uv": [0, 0, 16, 16], "texture": "#4"},
				"up": {"uv": [0, 0, 16, 16], "texture": "#4"},
				"down": {"uv": [0, 0, 16, 16], "texture": "#4"}
			}
		},
		{
			"from": [8.6, 3, 6],
			"to": [9, 3.1, 6.4],
			"faces": {
				"north": {"uv": [0, 0, 16, 16], "texture": "#4"},
				"east": {"uv": [0, 0, 16, 16], "texture": "#4"},
				"south": {"uv": [0, 0, 16, 16], "texture": "#4"},
				"west": {"uv": [0, 0, 16, 16], "texture": "#4"},
				"up": {"uv": [0, 0, 16, 16], "texture": "#4"},
				"down": {"uv": [0, 0, 16, 16], "texture": "#4"}
			}
		},
		{
			"from": [8.8, 3, 6.4],
			"to": [9.2, 3.1, 6.8],
			"faces": {
				"north": {"uv": [0, 0, 16, 16], "texture": "#4"},
				"east": {"uv": [0, 0, 16, 16], "texture": "#4"},
				"south": {"uv": [0, 0, 16, 16], "texture": "#4"},
				"west": {"uv": [0, 0, 16, 16], "texture": "#4"},
				"up": {"uv": [0, 0, 16, 16], "texture": "#4"},
				"down": {"uv": [0, 0, 16, 16], "texture": "#4"}
			}
		},
		{
			"from": [8.8, 3, 7],
			"to": [9.2, 3.1, 7.4],
			"faces": {
				"north": {"uv": [0, 0, 16, 16], "texture": "#4"},
				"east": {"uv": [0, 0, 16, 16], "texture": "#4"},
				"south": {"uv": [0, 0, 16, 16], "texture": "#4"},
				"west": {"uv": [0, 0, 16, 16], "texture": "#4"},
				"up": {"uv": [0, 0, 16, 16], "texture": "#4"},
				"down": {"uv": [0, 0, 16, 16], "texture": "#4"}
			}
		},
		{
			"from": [8.6, 3, 7.4],
			"to": [9, 3.1, 7.8],
			"faces": {
				"north": {"uv": [0, 0, 16, 16], "texture": "#4"},
				"east": {"uv": [0, 0, 16, 16], "texture": "#4"},
				"south": {"uv": [0, 0, 16, 16], "texture": "#4"},
				"west": {"uv": [0, 0, 16, 16], "texture": "#4"},
				"up": {"uv": [0, 0, 16, 16], "texture": "#4"},
				"down": {"uv": [0, 0, 16, 16], "texture": "#4"}
			}
		},
		{
			"from": [8.1, 3, 7.6],
			"to": [8.5, 3.1, 8],
			"faces": {
				"north": {"uv": [0, 0, 16, 16], "texture": "#4"},
				"east": {"uv": [0, 0, 16, 16], "texture": "#4"},
				"south": {"uv": [0, 0, 16, 16], "texture": "#4"},
				"west": {"uv": [0, 0, 16, 16], "texture": "#4"},
				"up": {"uv": [0, 0, 16, 16], "texture": "#4"},
				"down": {"uv": [0, 0, 16, 16], "texture": "#4"}
			}
		},
		{
			"from": [7.6, 3, 7.9],
			"to": [8, 3.1, 8.3],
			"faces": {
				"north": {"uv": [0, 0, 16, 16], "texture": "#4"},
				"east": {"uv": [0, 0, 16, 16], "texture": "#4"},
				"south": {"uv": [0, 0, 16, 16], "texture": "#4"},
				"west": {"uv": [0, 0, 16, 16], "texture": "#4"},
				"up": {"uv": [0, 0, 16, 16], "texture": "#4"},
				"down": {"uv": [0, 0, 16, 16], "texture": "#4"}
			}
		},
		{
			"from": [7.6, 3, 7.9],
			"to": [8, 3.1, 8.3],
			"faces": {
				"north": {"uv": [0, 0, 16, 16], "texture": "#4"},
				"east": {"uv": [0, 0, 16, 16], "texture": "#4"},
				"south": {"uv": [0, 0, 16, 16], "texture": "#4"},
				"west": {"uv": [0, 0, 16, 16], "texture": "#4"},
				"up": {"uv": [0, 0, 16, 16], "texture": "#4"},
				"down": {"uv": [0, 0, 16, 16], "texture": "#4"}
			}
		},
		{
			"from": [7.3, 3, 7.8],
			"to": [7.7, 3.1, 8.2],
			"faces": {
				"north": {"uv": [0, 0, 16, 16], "texture": "#4"},
				"east": {"uv": [0, 0, 16, 16], "texture": "#4"},
				"south": {"uv": [0, 0, 16, 16], "texture": "#4"},
				"west": {"uv": [0, 0, 16, 16], "texture": "#4"},
				"up": {"uv": [0, 0, 16, 16], "texture": "#4"},
				"down": {"uv": [0, 0, 16, 16], "texture": "#4"}
			}
		},
		{
			"from": [6.6, 3, 7.6],
			"to": [7, 3.1, 8],
			"faces": {
				"north": {"uv": [0, 0, 16, 16], "texture": "#4"},
				"east": {"uv": [0, 0, 16, 16], "texture": "#4"},
				"south": {"uv": [0, 0, 16, 16], "texture": "#4"},
				"west": {"uv": [0, 0, 16, 16], "texture": "#4"},
				"up": {"uv": [0, 0, 16, 16], "texture": "#4"},
				"down": {"uv": [0, 0, 16, 16], "texture": "#4"}
			}
		},
		{
			"from": [6.7, 3, 7],
			"to": [7.1, 3.1, 7.4],
			"faces": {
				"north": {"uv": [0, 0, 16, 16], "texture": "#4"},
				"east": {"uv": [0, 0, 16, 16], "texture": "#4"},
				"south": {"uv": [0, 0, 16, 16], "texture": "#4"},
				"west": {"uv": [0, 0, 16, 16], "texture": "#4"},
				"up": {"uv": [0, 0, 16, 16], "texture": "#4"},
				"down": {"uv": [0, 0, 16, 16], "texture": "#4"}
			}
		},
		{
			"from": [6.7, 3, 6.1],
			"to": [7.1, 3.1, 6.5],
			"faces": {
				"north": {"uv": [0, 0, 16, 16], "texture": "#4"},
				"east": {"uv": [0, 0, 16, 16], "texture": "#4"},
				"south": {"uv": [0, 0, 16, 16], "texture": "#4"},
				"west": {"uv": [0, 0, 16, 16], "texture": "#4"},
				"up": {"uv": [0, 0, 16, 16], "texture": "#4"},
				"down": {"uv": [0, 0, 16, 16], "texture": "#4"}
			}
		},
		{
			"from": [8, 3, 5.9],
			"to": [8.4, 3.1, 6.3],
			"faces": {
				"north": {"uv": [0, 0, 16, 16], "texture": "#4"},
				"east": {"uv": [0, 0, 16, 16], "texture": "#4"},
				"south": {"uv": [0, 0, 16, 16], "texture": "#4"},
				"west": {"uv": [0, 0, 16, 16], "texture": "#4"},
				"up": {"uv": [0, 0, 16, 16], "texture": "#4"},
				"down": {"uv": [0, 0, 16, 16], "texture": "#4"}
			}
		},
		{
			"from": [8, 3, 6.4],
			"to": [8.4, 3.1, 6.8],
			"faces": {
				"north": {"uv": [0, 0, 16, 16], "texture": "#4"},
				"east": {"uv": [0, 0, 16, 16], "texture": "#4"},
				"south": {"uv": [0, 0, 16, 16], "texture": "#4"},
				"west": {"uv": [0, 0, 16, 16], "texture": "#4"},
				"up": {"uv": [0, 0, 16, 16], "texture": "#4"},
				"down": {"uv": [0, 0, 16, 16], "texture": "#4"}
			}
		},
		{
			"from": [8, 3, 7.3],
			"to": [8.4, 3.1, 7.7],
			"faces": {
				"north": {"uv": [0, 0, 16, 16], "texture": "#4"},
				"east": {"uv": [0, 0, 16, 16], "texture": "#4"},
				"south": {"uv": [0, 0, 16, 16], "texture": "#4"},
				"west": {"uv": [0, 0, 16, 16], "texture": "#4"},
				"up": {"uv": [0, 0, 16, 16], "texture": "#4"},
				"down": {"uv": [0, 0, 16, 16], "texture": "#4"}
			}
		},
		{
			"from": [7.6, 3, 6.9],
			"to": [8, 3.1, 7.3],
			"faces": {
				"north": {"uv": [0, 0, 16, 16], "texture": "#4"},
				"east": {"uv": [0, 0, 16, 16], "texture": "#4"},
				"south": {"uv": [0, 0, 16, 16], "texture": "#4"},
				"west": {"uv": [0, 0, 16, 16], "texture": "#4"},
				"up": {"uv": [0, 0, 16, 16], "texture": "#4"},
				"down": {"uv": [0, 0, 16, 16], "texture": "#4"}
			}
		},
		{
			"from": [7.2, 3, 6.6],
			"to": [7.6, 3.3, 7],
			"faces": {
				"north": {"uv": [1, 1, 15, 15], "texture": "#4"},
				"east": {"uv": [1, 1, 15, 15], "texture": "#4"},
				"south": {"uv": [1, 1, 15, 15], "texture": "#4"},
				"west": {"uv": [1, 1, 15, 15], "texture": "#4"},
				"up": {"uv": [1, 1, 15, 15], "texture": "#4"},
				"down": {"uv": [1, 1, 15, 15], "texture": "#4"}
			}
		},
		{
			"from": [7.7, 3, 6.6],
			"to": [8.1, 3.6, 7],
			"faces": {
				"north": {"uv": [1, 1, 15, 15], "texture": "#4"},
				"east": {"uv": [1, 1, 15, 15], "texture": "#4"},
				"south": {"uv": [1, 1, 15, 15], "texture": "#4"},
				"west": {"uv": [1, 1, 15, 15], "texture": "#4"},
				"up": {"uv": [1, 1, 15, 15], "texture": "#4"},
				"down": {"uv": [1, 1, 15, 15], "texture": "#4"}
			}
		},
		{
			"from": [7.9, 3, 7],
			"to": [8.3, 3.4, 7.4],
			"faces": {
				"north": {"uv": [0, 0, 16, 16], "texture": "#4"},
				"east": {"uv": [0, 0, 16, 16], "texture": "#4"},
				"south": {"uv": [0, 0, 16, 16], "texture": "#4"},
				"west": {"uv": [0, 0, 16, 16], "texture": "#4"},
				"up": {"uv": [0, 0, 16, 16], "texture": "#4"},
				"down": {"uv": [0, 0, 16, 16], "texture": "#4"}
			}
		},
		{
			"from": [8.2, 3, 6.6],
			"to": [8.6, 3.2, 7],
			"faces": {
				"north": {"uv": [2, 5, 4, 7], "texture": "#3"},
				"east": {"uv": [2, 5, 4, 7], "texture": "#3"},
				"south": {"uv": [2, 5, 4, 7], "texture": "#3"},
				"west": {"uv": [2, 5, 4, 7], "texture": "#3"},
				"up": {"uv": [2, 4, 4, 6], "texture": "#3"},
				"down": {"uv": [2, 5, 4, 7], "texture": "#3"}
			}
		},
		{
			"from": [6.7, 3, 6.4],
			"to": [7.1, 3.2, 6.8],
			"faces": {
				"north": {"uv": [2, 5, 4, 7], "texture": "#3"},
				"east": {"uv": [2, 5, 4, 7], "texture": "#3"},
				"south": {"uv": [2, 5, 4, 7], "texture": "#3"},
				"west": {"uv": [2, 5, 4, 7], "texture": "#3"},
				"up": {"uv": [2, 4, 4, 6], "texture": "#3"},
				"down": {"uv": [2, 5, 4, 7], "texture": "#3"}
			}
		},
		{
			"from": [7.5, 3, 6.3],
			"to": [7.9, 3.2, 6.7],
			"faces": {
				"north": {"uv": [2, 5, 4, 7], "texture": "#3"},
				"east": {"uv": [2, 5, 4, 7], "texture": "#3"},
				"south": {"uv": [2, 5, 4, 7], "texture": "#3"},
				"west": {"uv": [2, 5, 4, 7], "texture": "#3"},
				"up": {"uv": [2, 4, 4, 6], "texture": "#3"},
				"down": {"uv": [2, 5, 4, 7], "texture": "#3"}
			}
		},
		{
			"from": [7.5, 3, 7.1],
			"to": [7.9, 3.3, 7.5],
			"faces": {
				"north": {"uv": [4, 4, 6, 6], "texture": "#3"},
				"east": {"uv": [4, 4, 6, 6], "texture": "#3"},
				"south": {"uv": [4, 4, 6, 6], "texture": "#3"},
				"west": {"uv": [4, 4, 6, 6], "texture": "#3"},
				"up": {"uv": [4, 4, 6, 6], "texture": "#3"},
				"down": {"uv": [4, 4, 6, 6], "texture": "#3"}
			}
		},
		{
			"from": [8.3, 3, 7.3],
			"to": [8.7, 3.1, 7.7],
			"faces": {
				"north": {"uv": [4, 4, 6, 6], "texture": "#3"},
				"east": {"uv": [4, 4, 6, 6], "texture": "#3"},
				"south": {"uv": [4, 4, 6, 6], "texture": "#3"},
				"west": {"uv": [4, 4, 6, 6], "texture": "#3"},
				"up": {"uv": [4, 4, 6, 6], "texture": "#3"},
				"down": {"uv": [4, 4, 6, 6], "texture": "#3"}
			}
		},
		{
			"from": [7, 3, 7.3],
			"to": [7.4, 3.2, 7.7],
			"faces": {
				"north": {"uv": [4, 4, 6, 6], "texture": "#3"},
				"east": {"uv": [4, 4, 6, 6], "texture": "#3"},
				"south": {"uv": [4, 4, 6, 6], "texture": "#3"},
				"west": {"uv": [4, 4, 6, 6], "texture": "#3"},
				"up": {"uv": [4, 4, 6, 6], "texture": "#3"},
				"down": {"uv": [4, 4, 6, 6], "texture": "#3"}
			}
		},
		{
			"from": [7.8, 3, 7.4],
			"to": [8.2, 3.2, 7.8],
			"faces": {
				"north": {"uv": [4, 4, 6, 6], "texture": "#3"},
				"east": {"uv": [4, 4, 6, 6], "texture": "#3"},
				"south": {"uv": [4, 4, 6, 6], "texture": "#3"},
				"west": {"uv": [4, 4, 6, 6], "texture": "#3"},
				"up": {"uv": [4, 4, 6, 6], "texture": "#3"},
				"down": {"uv": [4, 4, 6, 6], "texture": "#3"}
			}
		},
		{
			"from": [6.7, 3, 7.3],
			"to": [7.1, 3.4, 7.7],
			"faces": {
				"north": {"uv": [1, 1, 15, 15], "texture": "#4"},
				"east": {"uv": [1, 1, 15, 15], "texture": "#4"},
				"south": {"uv": [1, 1, 15, 15], "texture": "#4"},
				"west": {"uv": [1, 1, 15, 15], "texture": "#4"},
				"up": {"uv": [1, 1, 15, 15], "texture": "#4"},
				"down": {"uv": [1, 1, 15, 15], "texture": "#4"}
			}
		},
		{
			"from": [8.5, 3, 6.9],
			"to": [8.9, 3.1, 7.3],
			"faces": {
				"north": {"uv": [0, 0, 16, 16], "texture": "#4"},
				"east": {"uv": [0, 0, 16, 16], "texture": "#4"},
				"south": {"uv": [0, 0, 16, 16], "texture": "#4"},
				"west": {"uv": [0, 0, 16, 16], "texture": "#4"},
				"up": {"uv": [0, 0, 16, 16], "texture": "#4"},
				"down": {"uv": [0, 0, 16, 16], "texture": "#4"}
			}
		},
		{
			"from": [8.5, 3, 7.8],
			"to": [8.9, 3.1, 8.2],
			"faces": {
				"north": {"uv": [0, 0, 16, 16], "texture": "#4"},
				"east": {"uv": [0, 0, 16, 16], "texture": "#4"},
				"south": {"uv": [0, 0, 16, 16], "texture": "#4"},
				"west": {"uv": [0, 0, 16, 16], "texture": "#4"},
				"up": {"uv": [0, 0, 16, 16], "texture": "#4"},
				"down": {"uv": [0, 0, 16, 16], "texture": "#4"}
			}
		},
		{
			"from": [7.5, 3, 5.9],
			"to": [7.9, 3.1, 6.3],
			"faces": {
				"north": {"uv": [0, 0, 16, 16], "texture": "#4"},
				"east": {"uv": [0, 0, 16, 16], "texture": "#4"},
				"south": {"uv": [0, 0, 16, 16], "texture": "#4"},
				"west": {"uv": [0, 0, 16, 16], "texture": "#4"},
				"up": {"uv": [0, 0, 16, 16], "texture": "#4"},
				"down": {"uv": [0, 0, 16, 16], "texture": "#4"}
			}
		}
	],
	"display": {
		"thirdperson_righthand": {
			"rotation": [66.5, 0, 0],
			"translation": [0, 6.75, 10.5],
			"scale": [2, 2, 2]
		},
		"thirdperson_lefthand": {
			"rotation": [70.5, 0, 0],
			"translation": [0.5, 6.25, 11.5],
			"scale": [2, 2, 2]
		},
		"firstperson_righthand": {
			"translation": [0, 11, 0.5],
			"scale": [2, 2, 2]
		},
		"firstperson_lefthand": {
			"translation": [0, 5.75, 0.25]
		},
		"ground": {
			"translation": [0, 16.5, 2.25],
			"scale": [2.58, 2.54, 2.54]
		},
		"gui": {
			"rotation": [180, -85, 180],
			"translation": [-2.25, 16, 0],
			"scale": [2.54, 2.64938, 2.54]
		},
		"head": {
			"translation": [0, 26.25, 1.5],
			"scale": [2.58, 2.54, 2.54]
		},
		"fixed": {
			"rotation": [-180, 87, -180],
			"translation": [0, 12.75, -4.5],
			"scale": [1.98, 2, 1.98]
		}
	}
}