{
"parent": "item/generated",
"textures":{
"layer0": "item/flower_pot"
},
"overrides":[
{"predicate": {"custom_model_data":1}, "model": "item/beer"},
{"predicate": {"custom_model_data":2}, "model": "item/beer1"},
{"predicate": {"custom_model_data":3}, "model": "item/godbeer"},
{"predicate": {"custom_model_data":4}, "model": "item/godbeer1"},
{"predicate": {"custom_model_data":5}, "model": "item/applebeer"},
{"predicate": {"custom_model_data":6}, "model": "item/applebeer1"},
{"predicate": {"custom_model_data":7}, "model": "item/58do"},
{"predicate": {"custom_model_data":8}, "model": "item/juice"},
{"predicate": {"custom_model_data":9}, "model": "item/tb"},
{"predicate": {"custom_model_data":10}, "model": "item/strabarrybeer"},
{"predicate": {"custom_model_data":11}, "model": "item/lemonbeer"},
{"predicate": {"custom_model_data":12}, "model": "item/mobeer"},
{"predicate": {"custom_model_data":13}, "model": "item/bananabeer"},
{"predicate": {"custom_model_data":14}, "model": "item/tubeer"},
{"predicate": {"custom_model_data":15}, "model": "item/haabeer"}
]
}