{
"parent": "item/generated",
"textures": {
"layer0": "item/gunpowder"
},

"overrides": [
{"predicate": {"custom_model_data":1}, "model": "item/sword"},
{"predicate": {"custom_model_data":2}, "model": "item/sword1"},
{"predicate": {"custom_model_data":3}, "model": "item/sword2"},
{"predicate": {"custom_model_data":4}, "model": "item/sword3"},
{"predicate": {"custom_model_data":5}, "model": "item/sword4"},
{"predicate": {"custom_model_data":88}, "model": "item/hutao"},
{"predicate": {"custom_model_data":89}, "model": "item/hutao1"}
]
}