{
"parent": "item/generated",
"textures": {
"layer0": "item/gunpowder"
},

"overrides": [
{"predicate": {"custom_model_data":1}, "model": "item/a001blue1"},
{"predicate": {"custom_model_data":2}, "model": "item/a001blue2"},
{"predicate": {"custom_model_data":3}, "model": "item/a001green"},
{"predicate": {"custom_model_data":4}, "model": "item/a001orange"},
{"predicate": {"custom_model_data":5}, "model": "item/a001purple"},
{"predicate": {"custom_model_data":6}, "model": "item/a001pink"},
{"predicate": {"custom_model_data":7}, "model": "item/a001red"},
{"predicate": {"custom_model_data":8}, "model": "item/a001yellow"},
{"predicate": {"custom_model_data":9}, "model": "item/a002"},
{"predicate": {"custom_model_data":10}, "model": "item/a003"},
{"predicate": {"custom_model_data":11}, "model": "item/bdag"},
{"predicate": {"custom_model_data":12}, "model": "item/excalibur"},
{"predicate": {"custom_model_data":13}, "model": "item/z17252"},
{"predicate": {"custom_model_data":14}, "model": "item/z1725"}
]
}