{
	"credit": "Made with Blockbench",
	"texture_size": [64, 64],
	"textures": {
		"1": "block/gold_block",
		"particle": "block/gold_block"
	},
	"elements": [
		{
			"from": [8.6, 0.8, 9],
			"to": [9.5, 1, 10],
			"faces": {
				"north": {"uv": [5, 2, 15, 12.075], "texture": "#1"},
				"east": {"uv": [5, 2, 15, 12.075], "texture": "#1"},
				"south": {"uv": [5, 2, 15, 12.075], "texture": "#1"},
				"west": {"uv": [5, 2, 15, 12.075], "texture": "#1"},
				"up": {"uv": [5, 2, 15, 12.075], "texture": "#1"},
				"down": {"uv": [5, 2, 15, 12.075], "texture": "#1"}
			}
		},
		{
			"from": [8.8, 1, 9],
			"to": [9.7, 1.1, 10],
			"faces": {
				"north": {"uv": [5, 2, 15, 12.075], "texture": "#1"},
				"east": {"uv": [5, 2, 15, 12.075], "texture": "#1"},
				"south": {"uv": [5, 2, 15, 12.075], "texture": "#1"},
				"west": {"uv": [5, 2, 15, 12.075], "texture": "#1"},
				"up": {"uv": [5, 2, 15, 12.075], "texture": "#1"},
				"down": {"uv": [5, 2, 15, 12.075], "texture": "#1"}
			}
		},
		{
			"from": [11.7, 0.8, 9],
			"to": [12.4, 1, 10],
			"faces": {
				"north": {"uv": [5, 2, 15, 12.075], "texture": "#1"},
				"east": {"uv": [5, 2, 15, 12.075], "texture": "#1"},
				"south": {"uv": [5, 2, 15, 12.075], "texture": "#1"},
				"west": {"uv": [5, 2, 15, 12.075], "texture": "#1"},
				"up": {"uv": [5, 2, 15, 12.075], "texture": "#1"},
				"down": {"uv": [5, 2, 15, 12.075], "texture": "#1"}
			}
		},
		{
			"from": [11.3, 0.8, 9],
			"to": [12.2, 1.1, 10],
			"faces": {
				"north": {"uv": [5, 2, 15, 12.075], "texture": "#1"},
				"east": {"uv": [5, 2, 15, 12.075], "texture": "#1"},
				"south": {"uv": [5, 2, 15, 12.075], "texture": "#1"},
				"west": {"uv": [5, 2, 15, 12.075], "texture": "#1"},
				"up": {"uv": [5, 2, 15, 12.075], "texture": "#1"},
				"down": {"uv": [5, 2, 15, 12.075], "texture": "#1"}
			}
		},
		{
			"from": [10, 0.8, 7.5],
			"to": [11, 1, 8.3],
			"faces": {
				"north": {"uv": [5, 2, 15, 12.075], "texture": "#1"},
				"east": {"uv": [5, 2, 15, 12.075], "texture": "#1"},
				"south": {"uv": [5, 2, 15, 12.075], "texture": "#1"},
				"west": {"uv": [5, 2, 15, 12.075], "texture": "#1"},
				"up": {"uv": [5, 2, 15, 12.075], "texture": "#1"},
				"down": {"uv": [5, 2, 15, 12.075], "texture": "#1"}
			}
		},
		{
			"from": [10, 1, 7.7],
			"to": [11, 1.1, 8.5],
			"faces": {
				"north": {"uv": [5, 2, 15, 12.075], "texture": "#1"},
				"east": {"uv": [5, 2, 15, 12.075], "texture": "#1"},
				"south": {"uv": [5, 2, 15, 12.075], "texture": "#1"},
				"west": {"uv": [5, 2, 15, 12.075], "texture": "#1"},
				"up": {"uv": [5, 2, 15, 12.075], "texture": "#1"},
				"down": {"uv": [5, 2, 15, 12.075], "texture": "#1"}
			}
		},
		{
			"from": [10, 0.8, 10.8],
			"to": [11, 1, 11.5],
			"faces": {
				"north": {"uv": [5, 2, 15, 12.075], "texture": "#1"},
				"east": {"uv": [5, 2, 15, 12.075], "texture": "#1"},
				"south": {"uv": [5, 2, 15, 12.075], "texture": "#1"},
				"west": {"uv": [5, 2, 15, 12.075], "texture": "#1"},
				"up": {"uv": [5, 2, 15, 12.075], "texture": "#1"},
				"down": {"uv": [5, 2, 15, 12.075], "texture": "#1"}
			}
		},
		{
			"from": [10, 1, 10.6],
			"to": [11, 1.1, 11.3],
			"faces": {
				"north": {"uv": [5, 2, 15, 12.075], "texture": "#1"},
				"east": {"uv": [5, 2, 15, 12.075], "texture": "#1"},
				"south": {"uv": [5, 2, 15, 12.075], "texture": "#1"},
				"west": {"uv": [5, 2, 15, 12.075], "texture": "#1"},
				"up": {"uv": [5, 2, 15, 12.075], "texture": "#1"},
				"down": {"uv": [5, 2, 15, 12.075], "texture": "#1"}
			}
		},
		{
			"from": [8.9, 0.8, 8.5],
			"to": [9.8, 1, 9],
			"rotation": {"angle": 0, "axis": "y", "origin": [9.25, 0.5, 8.05]},
			"faces": {
				"north": {"uv": [5, 2, 15, 12.125], "rotation": 180, "texture": "#1"},
				"east": {"uv": [5, 2, 15, 12.125], "rotation": 180, "texture": "#1"},
				"south": {"uv": [5, 2, 15, 12.125], "rotation": 180, "texture": "#1"},
				"west": {"uv": [5, 2, 15, 12.125], "rotation": 180, "texture": "#1"},
				"up": {"uv": [5, 2, 15, 12.125], "rotation": 180, "texture": "#1"},
				"down": {"uv": [5, 2, 15, 12.125], "rotation": 180, "texture": "#1"}
			}
		},
		{
			"from": [9, 0.8, 8.1],
			"to": [9.9, 1, 8.5],
			"rotation": {"angle": 0, "axis": "y", "origin": [9.25, 0.5, 8.05]},
			"faces": {
				"north": {"uv": [5, 2, 15, 12.125], "rotation": 180, "texture": "#1"},
				"east": {"uv": [5, 2, 15, 12.125], "rotation": 180, "texture": "#1"},
				"south": {"uv": [5, 2, 15, 12.125], "rotation": 180, "texture": "#1"},
				"west": {"uv": [5, 2, 15, 12.125], "rotation": 180, "texture": "#1"},
				"up": {"uv": [5, 2, 15, 12.125], "rotation": 180, "texture": "#1"},
				"down": {"uv": [5, 2, 15, 12.125], "rotation": 180, "texture": "#1"}
			}
		},
		{
			"from": [9.4, 0.8, 7.9],
			"to": [10, 1, 8.1],
			"rotation": {"angle": 0, "axis": "y", "origin": [9.25, 0.5, 8.05]},
			"faces": {
				"north": {"uv": [5, 2, 15, 12.125], "rotation": 180, "texture": "#1"},
				"east": {"uv": [5, 2, 15, 12.125], "rotation": 180, "texture": "#1"},
				"south": {"uv": [5, 2, 15, 12.125], "rotation": 180, "texture": "#1"},
				"west": {"uv": [5, 2, 15, 12.125], "rotation": 180, "texture": "#1"},
				"up": {"uv": [5, 2, 15, 12.125], "rotation": 180, "texture": "#1"},
				"down": {"uv": [5, 2, 15, 12.125], "rotation": 180, "texture": "#1"}
			}
		},
		{
			"from": [11, 0.8, 7.9],
			"to": [11.6, 1, 8.1],
			"rotation": {"angle": 0, "axis": "y", "origin": [9.5, 0.75, 8.325]},
			"faces": {
				"north": {"uv": [5, 2, 15, 12.125], "texture": "#1"},
				"east": {"uv": [5, 2, 15, 12.125], "texture": "#1"},
				"south": {"uv": [5, 2, 15, 12.125], "texture": "#1"},
				"west": {"uv": [5, 2, 15, 12.125], "texture": "#1"},
				"up": {"uv": [5, 2, 15, 12.125], "texture": "#1"},
				"down": {"uv": [5, 2, 15, 12.125], "texture": "#1"}
			}
		},
		{
			"from": [11.1, 0.8, 8.1],
			"to": [11.9, 1, 8.5],
			"rotation": {"angle": 0, "axis": "y", "origin": [9.5, 0.75, 8.325]},
			"faces": {
				"north": {"uv": [5, 2, 15, 12.125], "texture": "#1"},
				"east": {"uv": [5, 2, 15, 12.125], "texture": "#1"},
				"south": {"uv": [5, 2, 15, 12.125], "texture": "#1"},
				"west": {"uv": [5, 2, 15, 12.125], "texture": "#1"},
				"up": {"uv": [5, 2, 15, 12.125], "texture": "#1"},
				"down": {"uv": [5, 2, 15, 12.125], "texture": "#1"}
			}
		},
		{
			"from": [11.2, 0.8, 8.5],
			"to": [12, 1, 9],
			"rotation": {"angle": 0, "axis": "y", "origin": [9.5, 0.75, 8.325]},
			"faces": {
				"north": {"uv": [5, 2, 15, 12.125], "texture": "#1"},
				"east": {"uv": [5, 2, 15, 12.125], "texture": "#1"},
				"south": {"uv": [5, 2, 15, 12.125], "texture": "#1"},
				"west": {"uv": [5, 2, 15, 12.125], "texture": "#1"},
				"up": {"uv": [5, 2, 15, 12.125], "texture": "#1"},
				"down": {"uv": [5, 2, 15, 12.125], "texture": "#1"}
			}
		},
		{
			"from": [11, 0.8, 10.9],
			"to": [11.6, 1, 11],
			"rotation": {"angle": 0, "axis": "y", "origin": [11.5, 0.75, 8.325]},
			"faces": {
				"north": {"uv": [5, 2, 15, 12.125], "rotation": 180, "texture": "#1"},
				"east": {"uv": [5, 2, 15, 12.125], "rotation": 180, "texture": "#1"},
				"south": {"uv": [5, 2, 15, 12.125], "rotation": 180, "texture": "#1"},
				"west": {"uv": [5, 2, 15, 12.125], "rotation": 180, "texture": "#1"},
				"up": {"uv": [5, 2, 15, 12.125], "rotation": 180, "texture": "#1"},
				"down": {"uv": [5, 2, 15, 12.125], "rotation": 180, "texture": "#1"}
			}
		},
		{
			"from": [11.1, 0.8, 10.5],
			"to": [11.9, 1, 10.9],
			"rotation": {"angle": 0, "axis": "y", "origin": [11.5, 0.75, 8.325]},
			"faces": {
				"north": {"uv": [5, 2, 15, 12.125], "rotation": 180, "texture": "#1"},
				"east": {"uv": [5, 2, 15, 12.125], "rotation": 180, "texture": "#1"},
				"south": {"uv": [5, 2, 15, 12.125], "rotation": 180, "texture": "#1"},
				"west": {"uv": [5, 2, 15, 12.125], "rotation": 180, "texture": "#1"},
				"up": {"uv": [5, 2, 15, 12.125], "rotation": 180, "texture": "#1"},
				"down": {"uv": [5, 2, 15, 12.125], "rotation": 180, "texture": "#1"}
			}
		},
		{
			"from": [11.2, 0.8, 10],
			"to": [12, 1, 10.5],
			"rotation": {"angle": 0, "axis": "y", "origin": [11.5, 0.75, 8.325]},
			"faces": {
				"north": {"uv": [5, 2, 15, 12.125], "rotation": 180, "texture": "#1"},
				"east": {"uv": [5, 2, 15, 12.125], "rotation": 180, "texture": "#1"},
				"south": {"uv": [5, 2, 15, 12.125], "rotation": 180, "texture": "#1"},
				"west": {"uv": [5, 2, 15, 12.125], "rotation": 180, "texture": "#1"},
				"up": {"uv": [5, 2, 15, 12.125], "rotation": 180, "texture": "#1"},
				"down": {"uv": [5, 2, 15, 12.125], "rotation": 180, "texture": "#1"}
			}
		},
		{
			"from": [9.4, 0.8, 10.9],
			"to": [10, 1, 11],
			"rotation": {"angle": 0, "axis": "y", "origin": [9.5, 0.75, 10.125]},
			"faces": {
				"north": {"uv": [5, 2, 15, 12.125], "texture": "#1"},
				"east": {"uv": [5, 2, 15, 12.125], "texture": "#1"},
				"south": {"uv": [5, 2, 15, 12.125], "texture": "#1"},
				"west": {"uv": [5, 2, 15, 12.125], "texture": "#1"},
				"up": {"uv": [5, 2, 15, 12.125], "texture": "#1"},
				"down": {"uv": [5, 2, 15, 12.125], "texture": "#1"}
			}
		},
		{
			"from": [9, 0.8, 10.5],
			"to": [9.9, 1, 10.9],
			"rotation": {"angle": 0, "axis": "y", "origin": [9.5, 0.75, 10.125]},
			"faces": {
				"north": {"uv": [5, 2, 15, 12.125], "texture": "#1"},
				"east": {"uv": [5, 2, 15, 12.125], "texture": "#1"},
				"south": {"uv": [5, 2, 15, 12.125], "texture": "#1"},
				"west": {"uv": [5, 2, 15, 12.125], "texture": "#1"},
				"up": {"uv": [5, 2, 15, 12.125], "texture": "#1"},
				"down": {"uv": [5, 2, 15, 12.125], "texture": "#1"}
			}
		},
		{
			"from": [8.9, 0.8, 10],
			"to": [9.8, 1, 10.5],
			"rotation": {"angle": 0, "axis": "y", "origin": [9.5, 0.75, 10.125]},
			"faces": {
				"north": {"uv": [5, 2, 15, 12.125], "texture": "#1"},
				"east": {"uv": [5, 2, 15, 12.125], "texture": "#1"},
				"south": {"uv": [5, 2, 15, 12.125], "texture": "#1"},
				"west": {"uv": [5, 2, 15, 12.125], "texture": "#1"},
				"up": {"uv": [5, 2, 15, 12.125], "texture": "#1"},
				"down": {"uv": [5, 2, 15, 12.125], "texture": "#1"}
			}
		},
		{
			"from": [9.4, 0.9, 8.1],
			"to": [11.6, 1.3, 10.9],
			"faces": {
				"north": {"uv": [5, 5, 8.55, 8.7], "texture": "#1"},
				"east": {"uv": [5, 5, 8.55, 8.7], "texture": "#1"},
				"south": {"uv": [5, 5, 8.55, 8.7], "texture": "#1"},
				"west": {"uv": [5, 5, 8.55, 8.7], "texture": "#1"},
				"up": {"uv": [5, 5, 8.55, 8.7], "texture": "#1"},
				"down": {"uv": [5, 5, 8.55, 8.7], "texture": "#1"}
			}
		},
		{
			"from": [10, 1.3, 9],
			"to": [11, 1.7, 10],
			"faces": {
				"north": {"uv": [6, 7, 8.25, 9.25], "texture": "#1"},
				"east": {"uv": [6, 7, 8.25, 9.25], "texture": "#1"},
				"south": {"uv": [6, 7, 8.25, 9.25], "texture": "#1"},
				"west": {"uv": [6, 7, 8.25, 9.25], "texture": "#1"},
				"up": {"uv": [6, 7, 8.25, 9.25], "texture": "#1"},
				"down": {"uv": [6, 7, 8.25, 9.25], "texture": "#1"}
			}
		},
		{
			"from": [9.6, 1.3, 9.3],
			"to": [10, 1.7, 9.7],
			"faces": {
				"north": {"uv": [6, 7, 8.1, 9.1], "texture": "#1"},
				"east": {"uv": [6, 7, 8.1, 9.1], "texture": "#1"},
				"south": {"uv": [6, 7, 8.1, 9.1], "texture": "#1"},
				"west": {"uv": [6, 7, 8.1, 9.1], "texture": "#1"},
				"up": {"uv": [6, 7, 8.1, 9.1], "texture": "#1"},
				"down": {"uv": [6, 7, 8.1, 9.1], "texture": "#1"}
			}
		},
		{
			"from": [11, 1.3, 9.3],
			"to": [11.4, 1.7, 9.7],
			"faces": {
				"north": {"uv": [6, 7, 8.1, 9.1], "texture": "#1"},
				"east": {"uv": [6, 7, 8.1, 9.1], "texture": "#1"},
				"south": {"uv": [6, 7, 8.1, 9.1], "texture": "#1"},
				"west": {"uv": [6, 7, 8.1, 9.1], "texture": "#1"},
				"up": {"uv": [6, 7, 8.1, 9.1], "texture": "#1"},
				"down": {"uv": [6, 7, 8.1, 9.1], "texture": "#1"}
			}
		},
		{
			"from": [10.3, 1.3, 10],
			"to": [10.7, 1.7, 10.4],
			"faces": {
				"north": {"uv": [6, 7, 8.1, 9.1], "texture": "#1"},
				"east": {"uv": [6, 7, 8.1, 9.1], "texture": "#1"},
				"south": {"uv": [6, 7, 8.1, 9.1], "texture": "#1"},
				"west": {"uv": [6, 7, 8.1, 9.1], "texture": "#1"},
				"up": {"uv": [6, 7, 8.1, 9.1], "texture": "#1"},
				"down": {"uv": [6, 7, 8.1, 9.1], "texture": "#1"}
			}
		},
		{
			"from": [10.3, 1.3, 8.6],
			"to": [10.7, 1.7, 9],
			"faces": {
				"north": {"uv": [6, 7, 8.1, 9.1], "texture": "#1"},
				"east": {"uv": [6, 7, 8.1, 9.1], "texture": "#1"},
				"south": {"uv": [6, 7, 8.1, 9.1], "texture": "#1"},
				"west": {"uv": [6, 7, 8.1, 9.1], "texture": "#1"},
				"up": {"uv": [6, 7, 8.1, 9.1], "texture": "#1"},
				"down": {"uv": [6, 7, 8.1, 9.1], "texture": "#1"}
			}
		},
		{
			"from": [10, 2.6, 9],
			"to": [11, 3, 10],
			"faces": {
				"north": {"uv": [8, 3, 13.25, 9.1], "texture": "#1"},
				"east": {"uv": [8, 3, 13.25, 9.1], "texture": "#1"},
				"south": {"uv": [8, 3, 13.25, 9.1], "texture": "#1"},
				"west": {"uv": [8, 3, 13.25, 9.1], "texture": "#1"},
				"up": {"uv": [8, 3, 13.25, 9.1], "texture": "#1"},
				"down": {"uv": [8, 3, 13.25, 9.1], "texture": "#1"}
			}
		},
		{
			"from": [9.6, 2.6, 9.3],
			"to": [10, 3, 9.7],
			"faces": {
				"north": {"uv": [8, 3, 13.1, 9.1], "texture": "#1"},
				"east": {"uv": [8, 3, 13.1, 9.1], "texture": "#1"},
				"south": {"uv": [8, 3, 13.1, 9.1], "texture": "#1"},
				"west": {"uv": [8, 3, 13.1, 9.1], "texture": "#1"},
				"up": {"uv": [8, 3, 13.1, 9.1], "texture": "#1"},
				"down": {"uv": [8, 3, 13.1, 9.1], "texture": "#1"}
			}
		},
		{
			"from": [10, 2.4, 9.3],
			"to": [10.3, 2.6, 9.7],
			"faces": {
				"north": {"uv": [5, 3, 7.075, 5.05], "texture": "#1"},
				"east": {"uv": [5, 3, 7.075, 5.05], "texture": "#1"},
				"south": {"uv": [5, 3, 7.075, 5.05], "texture": "#1"},
				"west": {"uv": [5, 3, 7.075, 5.05], "texture": "#1"},
				"up": {"uv": [5, 3, 7.075, 5.05], "texture": "#1"},
				"down": {"uv": [5, 3, 7.075, 5.05], "texture": "#1"}
			}
		},
		{
			"from": [10.7, 2.4, 9.3],
			"to": [11, 2.6, 9.7],
			"faces": {
				"north": {"uv": [5, 3, 7.075, 5.05], "texture": "#1"},
				"east": {"uv": [5, 3, 7.075, 5.05], "texture": "#1"},
				"south": {"uv": [5, 3, 7.075, 5.05], "texture": "#1"},
				"west": {"uv": [5, 3, 7.075, 5.05], "texture": "#1"},
				"up": {"uv": [5, 3, 7.075, 5.05], "texture": "#1"},
				"down": {"uv": [5, 3, 7.075, 5.05], "texture": "#1"}
			}
		},
		{
			"from": [10.3, 2.4, 9.6],
			"to": [10.7, 2.6, 10],
			"faces": {
				"north": {"uv": [5, 3, 7.1, 5.05], "texture": "#1"},
				"east": {"uv": [5, 3, 7.1, 5.05], "texture": "#1"},
				"south": {"uv": [5, 3, 7.1, 5.05], "texture": "#1"},
				"west": {"uv": [5, 3, 7.1, 5.05], "texture": "#1"},
				"up": {"uv": [5, 3, 7.1, 5.05], "texture": "#1"},
				"down": {"uv": [5, 3, 7.1, 5.05], "texture": "#1"}
			}
		},
		{
			"from": [10.3, 2.4, 9],
			"to": [10.7, 2.6, 9.4],
			"faces": {
				"north": {"uv": [5, 3, 7.1, 5.05], "texture": "#1"},
				"east": {"uv": [5, 3, 7.1, 5.05], "texture": "#1"},
				"south": {"uv": [5, 3, 7.1, 5.05], "texture": "#1"},
				"west": {"uv": [5, 3, 7.1, 5.05], "texture": "#1"},
				"up": {"uv": [5, 3, 7.1, 5.05], "texture": "#1"},
				"down": {"uv": [5, 3, 7.1, 5.05], "texture": "#1"}
			}
		},
		{
			"from": [10.3, 2.6, 10],
			"to": [10.7, 3, 10.4],
			"faces": {
				"north": {"uv": [8, 3, 13.1, 9.1], "texture": "#1"},
				"east": {"uv": [8, 3, 13.1, 9.1], "texture": "#1"},
				"south": {"uv": [8, 3, 13.1, 9.1], "texture": "#1"},
				"west": {"uv": [8, 3, 13.1, 9.1], "texture": "#1"},
				"up": {"uv": [8, 3, 13.1, 9.1], "texture": "#1"},
				"down": {"uv": [8, 3, 13.1, 9.1], "texture": "#1"}
			}
		},
		{
			"from": [11, 2.6, 9.3],
			"to": [11.4, 3, 9.7],
			"faces": {
				"north": {"uv": [8, 3, 13.1, 9.1], "texture": "#1"},
				"east": {"uv": [8, 3, 13.1, 9.1], "texture": "#1"},
				"south": {"uv": [8, 3, 13.1, 9.1], "texture": "#1"},
				"west": {"uv": [8, 3, 13.1, 9.1], "texture": "#1"},
				"up": {"uv": [8, 3, 13.1, 9.1], "texture": "#1"},
				"down": {"uv": [8, 3, 13.1, 9.1], "texture": "#1"}
			}
		},
		{
			"from": [9.2, 3, 9.3],
			"to": [9.6, 3.1, 9.7],
			"faces": {
				"north": {"uv": [8, 3, 13.1, 9.025], "texture": "#1"},
				"east": {"uv": [8, 3, 13.1, 9.025], "texture": "#1"},
				"south": {"uv": [8, 3, 13.1, 9.025], "texture": "#1"},
				"west": {"uv": [8, 3, 13.1, 9.025], "texture": "#1"},
				"up": {"uv": [8, 3, 13.1, 9.025], "texture": "#1"},
				"down": {"uv": [8, 3, 13.1, 9.025], "texture": "#1"}
			}
		},
		{
			"from": [10.3, 2.6, 8.6],
			"to": [10.7, 3, 9],
			"faces": {
				"north": {"uv": [8, 3, 13.1, 9.1], "texture": "#1"},
				"east": {"uv": [8, 3, 13.1, 9.1], "texture": "#1"},
				"south": {"uv": [8, 3, 13.1, 9.1], "texture": "#1"},
				"west": {"uv": [8, 3, 13.1, 9.1], "texture": "#1"},
				"up": {"uv": [8, 3, 13.1, 9.1], "texture": "#1"},
				"down": {"uv": [8, 3, 13.1, 9.1], "texture": "#1"}
			}
		},
		{
			"from": [11, 3.1, 9.3],
			"to": [11.4, 3.5, 9.7],
			"faces": {
				"north": {"uv": [8, 3, 13.1, 9.1], "texture": "#1"},
				"east": {"uv": [8, 3, 13.1, 9.1], "texture": "#1"},
				"south": {"uv": [8, 3, 13.1, 9.1], "texture": "#1"},
				"west": {"uv": [8, 3, 13.1, 9.1], "texture": "#1"},
				"up": {"uv": [8, 3, 13.1, 9.1], "texture": "#1"},
				"down": {"uv": [8, 3, 13.1, 9.1], "texture": "#1"}
			}
		},
		{
			"from": [10, 3.1, 9],
			"to": [11, 3.5, 10],
			"faces": {
				"north": {"uv": [8, 3, 13.25, 9.1], "texture": "#1"},
				"east": {"uv": [8, 3, 13.25, 9.1], "texture": "#1"},
				"south": {"uv": [8, 3, 13.25, 9.1], "texture": "#1"},
				"west": {"uv": [8, 3, 13.25, 9.1], "texture": "#1"},
				"up": {"uv": [8, 3, 13.25, 9.1], "texture": "#1"},
				"down": {"uv": [8, 3, 13.25, 9.1], "texture": "#1"}
			}
		},
		{
			"from": [10.3, 3.1, 10],
			"to": [10.7, 3.5, 10.4],
			"faces": {
				"north": {"uv": [8, 3, 13.1, 9.1], "texture": "#1"},
				"east": {"uv": [8, 3, 13.1, 9.1], "texture": "#1"},
				"south": {"uv": [8, 3, 13.1, 9.1], "texture": "#1"},
				"west": {"uv": [8, 3, 13.1, 9.1], "texture": "#1"},
				"up": {"uv": [8, 3, 13.1, 9.1], "texture": "#1"},
				"down": {"uv": [8, 3, 13.1, 9.1], "texture": "#1"}
			}
		},
		{
			"from": [9.6, 3.1, 9.3],
			"to": [10, 3.5, 9.7],
			"faces": {
				"north": {"uv": [8, 3, 13.1, 9.1], "texture": "#1"},
				"east": {"uv": [8, 3, 13.1, 9.1], "texture": "#1"},
				"south": {"uv": [8, 3, 13.1, 9.1], "texture": "#1"},
				"west": {"uv": [8, 3, 13.1, 9.1], "texture": "#1"},
				"up": {"uv": [8, 3, 13.1, 9.1], "texture": "#1"},
				"down": {"uv": [8, 3, 13.1, 9.1], "texture": "#1"}
			}
		},
		{
			"from": [10.3, 3.1, 8.6],
			"to": [10.7, 3.5, 9],
			"faces": {
				"north": {"uv": [8, 3, 13.1, 9.1], "texture": "#1"},
				"east": {"uv": [8, 3, 13.1, 9.1], "texture": "#1"},
				"south": {"uv": [8, 3, 13.1, 9.1], "texture": "#1"},
				"west": {"uv": [8, 3, 13.1, 9.1], "texture": "#1"},
				"up": {"uv": [8, 3, 13.1, 9.1], "texture": "#1"},
				"down": {"uv": [8, 3, 13.1, 9.1], "texture": "#1"}
			}
		},
		{
			"from": [11, 3.5, 9.3],
			"to": [11.2, 3.7, 9.7],
			"faces": {
				"north": {"uv": [8, 3, 13.05, 9.05], "texture": "#1"},
				"east": {"uv": [8, 3, 13.05, 9.05], "texture": "#1"},
				"south": {"uv": [8, 3, 13.05, 9.05], "texture": "#1"},
				"west": {"uv": [8, 3, 13.05, 9.05], "texture": "#1"},
				"up": {"uv": [8, 3, 13.05, 9.05], "texture": "#1"},
				"down": {"uv": [8, 3, 13.05, 9.05], "texture": "#1"}
			}
		},
		{
			"from": [10, 3.5, 9],
			"to": [11, 3.7, 10],
			"faces": {
				"north": {"uv": [8, 3, 13.25, 9.05], "texture": "#1"},
				"east": {"uv": [8, 3, 13.25, 9.05], "texture": "#1"},
				"south": {"uv": [8, 3, 13.25, 9.05], "texture": "#1"},
				"west": {"uv": [8, 3, 13.25, 9.05], "texture": "#1"},
				"up": {"uv": [8, 3, 13.25, 9.05], "texture": "#1"},
				"down": {"uv": [8, 3, 13.25, 9.05], "texture": "#1"}
			}
		},
		{
			"from": [10.3, 3.5, 10],
			"to": [10.7, 3.7, 10.2],
			"faces": {
				"north": {"uv": [8, 3, 13.1, 9.05], "texture": "#1"},
				"east": {"uv": [8, 3, 13.1, 9.05], "texture": "#1"},
				"south": {"uv": [8, 3, 13.1, 9.05], "texture": "#1"},
				"west": {"uv": [8, 3, 13.1, 9.05], "texture": "#1"},
				"up": {"uv": [8, 3, 13.1, 9.05], "texture": "#1"},
				"down": {"uv": [8, 3, 13.1, 9.05], "texture": "#1"}
			}
		},
		{
			"from": [9.8, 3.5, 9.3],
			"to": [10, 3.7, 9.7],
			"faces": {
				"north": {"uv": [8, 3, 13.05, 9.05], "texture": "#1"},
				"east": {"uv": [8, 3, 13.05, 9.05], "texture": "#1"},
				"south": {"uv": [8, 3, 13.05, 9.05], "texture": "#1"},
				"west": {"uv": [8, 3, 13.05, 9.05], "texture": "#1"},
				"up": {"uv": [8, 3, 13.05, 9.05], "texture": "#1"},
				"down": {"uv": [8, 3, 13.05, 9.05], "texture": "#1"}
			}
		},
		{
			"from": [10.3, 3.5, 8.8],
			"to": [10.7, 3.7, 9],
			"faces": {
				"north": {"uv": [8, 3, 13.1, 9.05], "texture": "#1"},
				"east": {"uv": [8, 3, 13.1, 9.05], "texture": "#1"},
				"south": {"uv": [8, 3, 13.1, 9.05], "texture": "#1"},
				"west": {"uv": [8, 3, 13.1, 9.05], "texture": "#1"},
				"up": {"uv": [8, 3, 13.1, 9.05], "texture": "#1"},
				"down": {"uv": [8, 3, 13.1, 9.05], "texture": "#1"}
			}
		},
		{
			"from": [9.9, 3, 8.8],
			"to": [11.1, 3.1, 10.3],
			"faces": {
				"north": {"uv": [8, 3, 13.3, 9.025], "texture": "#1"},
				"east": {"uv": [8, 3, 13.3, 9.025], "texture": "#1"},
				"south": {"uv": [8, 3, 13.3, 9.025], "texture": "#1"},
				"west": {"uv": [8, 3, 13.3, 9.025], "texture": "#1"},
				"up": {"uv": [8, 3, 13.3, 9.025], "texture": "#1"},
				"down": {"uv": [8, 3, 13.3, 9.025], "texture": "#1"}
			}
		},
		{
			"from": [10.2, 3, 8.4],
			"to": [10.7, 3.1, 9.3],
			"faces": {
				"north": {"uv": [8, 3, 13.125, 9.025], "texture": "#1"},
				"east": {"uv": [8, 3, 13.125, 9.025], "texture": "#1"},
				"south": {"uv": [8, 3, 13.125, 9.025], "texture": "#1"},
				"west": {"uv": [8, 3, 13.125, 9.025], "texture": "#1"},
				"up": {"uv": [8, 3, 13.125, 9.025], "texture": "#1"},
				"down": {"uv": [8, 3, 13.125, 9.025], "texture": "#1"}
			}
		},
		{
			"from": [9.5, 3, 9.1],
			"to": [10, 3.1, 10],
			"faces": {
				"north": {"uv": [8, 3, 13.125, 9.025], "texture": "#1"},
				"east": {"uv": [8, 3, 13.125, 9.025], "texture": "#1"},
				"south": {"uv": [8, 3, 13.125, 9.025], "texture": "#1"},
				"west": {"uv": [8, 3, 13.125, 9.025], "texture": "#1"},
				"up": {"uv": [8, 3, 13.125, 9.025], "texture": "#1"},
				"down": {"uv": [8, 3, 13.125, 9.025], "texture": "#1"}
			}
		},
		{
			"from": [11.4, 3, 9.3],
			"to": [11.8, 3.1, 9.7],
			"rotation": {"angle": 0, "axis": "y", "origin": [10.925, 3.05, 9.525]},
			"faces": {
				"north": {"uv": [8, 3, 13.1, 9.025], "rotation": 180, "texture": "#1"},
				"east": {"uv": [8, 3, 13.1, 9.025], "rotation": 180, "texture": "#1"},
				"south": {"uv": [8, 3, 13.1, 9.025], "rotation": 180, "texture": "#1"},
				"west": {"uv": [8, 3, 13.1, 9.025], "rotation": 180, "texture": "#1"},
				"up": {"uv": [8, 3, 13.1, 9.025], "rotation": 180, "texture": "#1"},
				"down": {"uv": [8, 3, 13.1, 9.025], "rotation": 180, "texture": "#1"}
			}
		},
		{
			"from": [11, 3, 9.1],
			"to": [11.5, 3.1, 10],
			"rotation": {"angle": 0, "axis": "y", "origin": [10.925, 3.05, 9.525]},
			"faces": {
				"north": {"uv": [8, 3, 13.125, 9.025], "rotation": 180, "texture": "#1"},
				"east": {"uv": [8, 3, 13.125, 9.025], "rotation": 180, "texture": "#1"},
				"south": {"uv": [8, 3, 13.125, 9.025], "rotation": 180, "texture": "#1"},
				"west": {"uv": [8, 3, 13.125, 9.025], "rotation": 180, "texture": "#1"},
				"up": {"uv": [8, 3, 13.125, 9.025], "rotation": 180, "texture": "#1"},
				"down": {"uv": [8, 3, 13.125, 9.025], "rotation": 180, "texture": "#1"}
			}
		},
		{
			"from": [10.2, 3, 9.8],
			"to": [10.7, 3.1, 10.7],
			"faces": {
				"north": {"uv": [8, 3, 13.125, 9.025], "texture": "#1"},
				"east": {"uv": [8, 3, 13.125, 9.025], "texture": "#1"},
				"south": {"uv": [8, 3, 13.125, 9.025], "texture": "#1"},
				"west": {"uv": [8, 3, 13.125, 9.025], "texture": "#1"},
				"up": {"uv": [8, 3, 13.125, 9.025], "texture": "#1"},
				"down": {"uv": [8, 3, 13.125, 9.025], "texture": "#1"}
			}
		},
		{
			"from": [10.2, 1.7, 9.2],
			"to": [10.8, 2.7, 9.8],
			"faces": {
				"north": {"uv": [1, 1, 14.15, 14.25], "texture": "#1"},
				"east": {"uv": [1, 1, 14.15, 14.25], "texture": "#1"},
				"south": {"uv": [1, 1, 14.15, 14.25], "texture": "#1"},
				"west": {"uv": [1, 1, 14.15, 14.25], "texture": "#1"},
				"up": {"uv": [1, 1, 14.15, 14.25], "texture": "#1"},
				"down": {"uv": [1, 1, 14.15, 14.25], "texture": "#1"}
			}
		},
		{
			"from": [9.7, 3.7, 8.7],
			"to": [11.3, 3.8, 10.3],
			"faces": {
				"north": {"uv": [14.4, 12.9, 14.9, 14.425], "texture": "#1"},
				"east": {"uv": [14.4, 12.9, 14.9, 14.425], "texture": "#1"},
				"south": {"uv": [14.4, 12.9, 14.9, 14.425], "texture": "#1"},
				"west": {"uv": [14.4, 12.9, 14.9, 14.425], "texture": "#1"},
				"up": {"uv": [14.4, 12.9, 14.9, 14.425], "texture": "#1"},
				"down": {"uv": [14.4, 12.9, 14.9, 14.425], "texture": "#1"}
			}
		},
		{
			"from": [9.7, 3.8, 10.3],
			"to": [11.3, 3.9, 10.5],
			"faces": {
				"north": {"uv": [14.4, 12.9, 14.9, 14.425], "texture": "#1"},
				"east": {"uv": [14.4, 12.9, 14.9, 14.425], "texture": "#1"},
				"south": {"uv": [14.4, 12.9, 14.9, 14.425], "texture": "#1"},
				"west": {"uv": [14.4, 12.9, 14.9, 14.425], "texture": "#1"},
				"up": {"uv": [14.4, 12.9, 14.9, 14.425], "texture": "#1"},
				"down": {"uv": [14.4, 12.9, 14.9, 14.425], "texture": "#1"}
			}
		},
		{
			"from": [11.3, 3.85, 10.3],
			"to": [11.5, 3.95, 10.5],
			"faces": {
				"north": {"uv": [14.4, 12.9, 14.55, 14.425], "texture": "#1"},
				"east": {"uv": [14.4, 12.9, 14.55, 14.425], "texture": "#1"},
				"south": {"uv": [14.4, 12.9, 14.55, 14.425], "texture": "#1"},
				"west": {"uv": [14.4, 12.9, 14.55, 14.425], "texture": "#1"},
				"up": {"uv": [14.4, 12.9, 14.55, 14.425], "texture": "#1"},
				"down": {"uv": [14.4, 12.9, 14.55, 14.425], "texture": "#1"}
			}
		},
		{
			"from": [11.3, 3.95, 10.3],
			"to": [11.6, 4.05, 10.6],
			"faces": {
				"north": {"uv": [14.4, 12.9, 14.575, 14.425], "texture": "#1"},
				"east": {"uv": [14.4, 12.9, 14.575, 14.425], "texture": "#1"},
				"south": {"uv": [14.4, 12.9, 14.575, 14.425], "texture": "#1"},
				"west": {"uv": [14.4, 12.9, 14.575, 14.425], "texture": "#1"},
				"up": {"uv": [14.4, 12.9, 14.575, 14.425], "texture": "#1"},
				"down": {"uv": [14.4, 12.9, 14.575, 14.425], "texture": "#1"}
			}
		},
		{
			"from": [11.3, 4.05, 10.3],
			"to": [11.65, 4.35, 10.7],
			"faces": {
				"north": {"uv": [14.4, 12.9, 14.5875, 14.475], "texture": "#1"},
				"east": {"uv": [14.4, 12.9, 14.5875, 14.475], "texture": "#1"},
				"south": {"uv": [14.4, 12.9, 14.5875, 14.475], "texture": "#1"},
				"west": {"uv": [14.4, 12.9, 14.5875, 14.475], "texture": "#1"},
				"up": {"uv": [14.4, 12.9, 14.5875, 14.475], "texture": "#1"},
				"down": {"uv": [14.4, 12.9, 14.5875, 14.475], "texture": "#1"}
			}
		},
		{
			"from": [11.3, 4.35, 10.3],
			"to": [11.7, 4.75, 10.75],
			"faces": {
				"north": {"uv": [14.4, 12.9, 14.6, 14.5], "texture": "#1"},
				"east": {"uv": [14.4, 12.9, 14.6, 14.5], "texture": "#1"},
				"south": {"uv": [14.4, 12.9, 14.6, 14.5], "texture": "#1"},
				"west": {"uv": [14.4, 12.9, 14.6, 14.5], "texture": "#1"},
				"up": {"uv": [14.4, 12.9, 14.6, 14.5], "texture": "#1"},
				"down": {"uv": [14.4, 12.9, 14.6, 14.5], "texture": "#1"}
			}
		},
		{
			"from": [11.3, 4.75, 10.3],
			"to": [12, 4.95, 11.05],
			"faces": {
				"north": {"uv": [14.4, 12.9, 14.675, 14.45], "texture": "#1"},
				"east": {"uv": [14.4, 12.9, 14.675, 14.45], "texture": "#1"},
				"south": {"uv": [14.4, 12.9, 14.675, 14.45], "texture": "#1"},
				"west": {"uv": [14.4, 12.9, 14.675, 14.45], "texture": "#1"},
				"up": {"uv": [14.4, 12.9, 14.675, 14.45], "texture": "#1"},
				"down": {"uv": [14.4, 12.9, 14.675, 14.45], "texture": "#1"}
			}
		},
		{
			"from": [11.3, 4.95, 10.3],
			"to": [12.2, 5.05, 11.25],
			"faces": {
				"north": {"uv": [14.4, 12.9, 14.725, 14.425], "texture": "#1"},
				"east": {"uv": [14.4, 12.9, 14.725, 14.425], "texture": "#1"},
				"south": {"uv": [14.4, 12.9, 14.725, 14.425], "texture": "#1"},
				"west": {"uv": [14.4, 12.9, 14.725, 14.425], "texture": "#1"},
				"up": {"uv": [14.4, 12.9, 14.725, 14.425], "texture": "#1"},
				"down": {"uv": [14.4, 12.9, 14.725, 14.425], "texture": "#1"}
			}
		},
		{
			"from": [8.7875, 4.95, 10.2875],
			"to": [9.7375, 5.05, 11.1875],
			"rotation": {"angle": 0, "axis": "y", "origin": [8.475, 4.45, 10.5625]},
			"faces": {
				"north": {"uv": [14.4, 12.9, 14.7375, 14.425], "texture": "#1"},
				"east": {"uv": [14.4, 12.9, 14.7375, 14.425], "texture": "#1"},
				"south": {"uv": [14.4, 12.9, 14.7375, 14.425], "texture": "#1"},
				"west": {"uv": [14.4, 12.9, 14.7375, 14.425], "texture": "#1"},
				"up": {"uv": [14.4, 12.9, 14.7375, 14.425], "texture": "#1"},
				"down": {"uv": [14.4, 12.9, 14.7375, 14.425], "texture": "#1"}
			}
		},
		{
			"from": [8.9875, 4.75, 10.2875],
			"to": [9.7375, 4.95, 10.9875],
			"rotation": {"angle": 0, "axis": "y", "origin": [8.475, 4.45, 10.5625]},
			"faces": {
				"north": {"uv": [14.4, 12.9, 14.6875, 14.45], "texture": "#1"},
				"east": {"uv": [14.4, 12.9, 14.6875, 14.45], "texture": "#1"},
				"south": {"uv": [14.4, 12.9, 14.6875, 14.45], "texture": "#1"},
				"west": {"uv": [14.4, 12.9, 14.6875, 14.45], "texture": "#1"},
				"up": {"uv": [14.4, 12.9, 14.6875, 14.45], "texture": "#1"},
				"down": {"uv": [14.4, 12.9, 14.6875, 14.45], "texture": "#1"}
			}
		},
		{
			"from": [9.2875, 4.35, 10.2875],
			"to": [9.7375, 4.75, 10.6875],
			"rotation": {"angle": 0, "axis": "y", "origin": [8.475, 4.45, 10.5625]},
			"faces": {
				"north": {"uv": [14.4, 12.9, 14.6125, 14.5], "texture": "#1"},
				"east": {"uv": [14.4, 12.9, 14.6125, 14.5], "texture": "#1"},
				"south": {"uv": [14.4, 12.9, 14.6125, 14.5], "texture": "#1"},
				"west": {"uv": [14.4, 12.9, 14.6125, 14.5], "texture": "#1"},
				"up": {"uv": [14.4, 12.9, 14.6125, 14.5], "texture": "#1"},
				"down": {"uv": [14.4, 12.9, 14.6125, 14.5], "texture": "#1"}
			}
		},
		{
			"from": [9.3375, 4.05, 10.2875],
			"to": [9.7375, 4.35, 10.6375],
			"rotation": {"angle": 0, "axis": "y", "origin": [8.475, 4.45, 10.5625]},
			"faces": {
				"north": {"uv": [14.4, 12.9, 14.6, 14.475], "texture": "#1"},
				"east": {"uv": [14.4, 12.9, 14.6, 14.475], "texture": "#1"},
				"south": {"uv": [14.4, 12.9, 14.6, 14.475], "texture": "#1"},
				"west": {"uv": [14.4, 12.9, 14.6, 14.475], "texture": "#1"},
				"up": {"uv": [14.4, 12.9, 14.6, 14.475], "texture": "#1"},
				"down": {"uv": [14.4, 12.9, 14.6, 14.475], "texture": "#1"}
			}
		},
		{
			"from": [9.4375, 3.95, 10.2875],
			"to": [9.7375, 4.05, 10.5875],
			"rotation": {"angle": 0, "axis": "y", "origin": [8.475, 4.45, 10.5625]},
			"faces": {
				"north": {"uv": [14.4, 12.9, 14.575, 14.425], "texture": "#1"},
				"east": {"uv": [14.4, 12.9, 14.575, 14.425], "texture": "#1"},
				"south": {"uv": [14.4, 12.9, 14.575, 14.425], "texture": "#1"},
				"west": {"uv": [14.4, 12.9, 14.575, 14.425], "texture": "#1"},
				"up": {"uv": [14.4, 12.9, 14.575, 14.425], "texture": "#1"},
				"down": {"uv": [14.4, 12.9, 14.575, 14.425], "texture": "#1"}
			}
		},
		{
			"from": [9.5375, 3.85, 10.2875],
			"to": [9.7375, 3.95, 10.4875],
			"rotation": {"angle": 0, "axis": "y", "origin": [8.475, 4.45, 10.5625]},
			"faces": {
				"north": {"uv": [14.4, 12.9, 14.55, 14.425], "texture": "#1"},
				"east": {"uv": [14.4, 12.9, 14.55, 14.425], "texture": "#1"},
				"south": {"uv": [14.4, 12.9, 14.55, 14.425], "texture": "#1"},
				"west": {"uv": [14.4, 12.9, 14.55, 14.425], "texture": "#1"},
				"up": {"uv": [14.4, 12.9, 14.55, 14.425], "texture": "#1"},
				"down": {"uv": [14.4, 12.9, 14.55, 14.425], "texture": "#1"}
			}
		},
		{
			"from": [8.85, 4.95, 7.775],
			"to": [9.75, 5.05, 8.725],
			"rotation": {"angle": 0, "axis": "y", "origin": [9.475, 4.45, 7.5625]},
			"faces": {
				"north": {"uv": [14.4, 12.9, 14.725, 14.425], "texture": "#1"},
				"east": {"uv": [14.4, 12.9, 14.725, 14.425], "texture": "#1"},
				"south": {"uv": [14.4, 12.9, 14.725, 14.425], "texture": "#1"},
				"west": {"uv": [14.4, 12.9, 14.725, 14.425], "texture": "#1"},
				"up": {"uv": [14.4, 12.9, 14.725, 14.425], "texture": "#1"},
				"down": {"uv": [14.4, 12.9, 14.725, 14.425], "texture": "#1"}
			}
		},
		{
			"from": [9.05, 4.75, 7.975],
			"to": [9.75, 4.95, 8.725],
			"rotation": {"angle": 0, "axis": "y", "origin": [9.475, 4.45, 7.5625]},
			"faces": {
				"north": {"uv": [14.4, 12.9, 14.675, 14.45], "texture": "#1"},
				"east": {"uv": [14.4, 12.9, 14.675, 14.45], "texture": "#1"},
				"south": {"uv": [14.4, 12.9, 14.675, 14.45], "texture": "#1"},
				"west": {"uv": [14.4, 12.9, 14.675, 14.45], "texture": "#1"},
				"up": {"uv": [14.4, 12.9, 14.675, 14.45], "texture": "#1"},
				"down": {"uv": [14.4, 12.9, 14.675, 14.45], "texture": "#1"}
			}
		},
		{
			"from": [9.35, 4.35, 8.275],
			"to": [9.75, 4.75, 8.725],
			"rotation": {"angle": 0, "axis": "y", "origin": [9.475, 4.45, 7.5625]},
			"faces": {
				"north": {"uv": [14.4, 12.9, 14.6, 14.5], "texture": "#1"},
				"east": {"uv": [14.4, 12.9, 14.6, 14.5], "texture": "#1"},
				"south": {"uv": [14.4, 12.9, 14.6, 14.5], "texture": "#1"},
				"west": {"uv": [14.4, 12.9, 14.6, 14.5], "texture": "#1"},
				"up": {"uv": [14.4, 12.9, 14.6, 14.5], "texture": "#1"},
				"down": {"uv": [14.4, 12.9, 14.6, 14.5], "texture": "#1"}
			}
		},
		{
			"from": [9.4, 4.05, 8.325],
			"to": [9.75, 4.35, 8.725],
			"rotation": {"angle": 0, "axis": "y", "origin": [9.475, 4.45, 7.5625]},
			"faces": {
				"north": {"uv": [14.4, 12.9, 14.5875, 14.475], "texture": "#1"},
				"east": {"uv": [14.4, 12.9, 14.5875, 14.475], "texture": "#1"},
				"south": {"uv": [14.4, 12.9, 14.5875, 14.475], "texture": "#1"},
				"west": {"uv": [14.4, 12.9, 14.5875, 14.475], "texture": "#1"},
				"up": {"uv": [14.4, 12.9, 14.5875, 14.475], "texture": "#1"},
				"down": {"uv": [14.4, 12.9, 14.5875, 14.475], "texture": "#1"}
			}
		},
		{
			"from": [9.45, 3.95, 8.425],
			"to": [9.75, 4.05, 8.725],
			"rotation": {"angle": 0, "axis": "y", "origin": [9.475, 4.45, 7.5625]},
			"faces": {
				"north": {"uv": [14.4, 12.9, 14.575, 14.425], "texture": "#1"},
				"east": {"uv": [14.4, 12.9, 14.575, 14.425], "texture": "#1"},
				"south": {"uv": [14.4, 12.9, 14.575, 14.425], "texture": "#1"},
				"west": {"uv": [14.4, 12.9, 14.575, 14.425], "texture": "#1"},
				"up": {"uv": [14.4, 12.9, 14.575, 14.425], "texture": "#1"},
				"down": {"uv": [14.4, 12.9, 14.575, 14.425], "texture": "#1"}
			}
		},
		{
			"from": [9.55, 3.85, 8.525],
			"to": [9.75, 3.95, 8.725],
			"rotation": {"angle": 0, "axis": "y", "origin": [9.475, 4.45, 7.5625]},
			"faces": {
				"north": {"uv": [14.4, 12.9, 14.55, 14.425], "texture": "#1"},
				"east": {"uv": [14.4, 12.9, 14.55, 14.425], "texture": "#1"},
				"south": {"uv": [14.4, 12.9, 14.55, 14.425], "texture": "#1"},
				"west": {"uv": [14.4, 12.9, 14.55, 14.425], "texture": "#1"},
				"up": {"uv": [14.4, 12.9, 14.55, 14.425], "texture": "#1"},
				"down": {"uv": [14.4, 12.9, 14.55, 14.425], "texture": "#1"}
			}
		},
		{
			"from": [11.2125, 4.95, 7.8375],
			"to": [12.1625, 5.05, 8.7375],
			"rotation": {"angle": 0, "axis": "y", "origin": [11.775, 4.45, 8.4625]},
			"faces": {
				"north": {"uv": [14.4, 12.9, 14.7375, 14.425], "texture": "#1"},
				"east": {"uv": [14.4, 12.9, 14.7375, 14.425], "texture": "#1"},
				"south": {"uv": [14.4, 12.9, 14.7375, 14.425], "texture": "#1"},
				"west": {"uv": [14.4, 12.9, 14.7375, 14.425], "texture": "#1"},
				"up": {"uv": [14.4, 12.9, 14.7375, 14.425], "texture": "#1"},
				"down": {"uv": [14.4, 12.9, 14.7375, 14.425], "texture": "#1"}
			}
		},
		{
			"from": [11.2125, 4.75, 8.0375],
			"to": [11.9625, 4.95, 8.7375],
			"rotation": {"angle": 0, "axis": "y", "origin": [11.775, 4.45, 8.4625]},
			"faces": {
				"north": {"uv": [14.4, 12.9, 14.6875, 14.45], "texture": "#1"},
				"east": {"uv": [14.4, 12.9, 14.6875, 14.45], "texture": "#1"},
				"south": {"uv": [14.4, 12.9, 14.6875, 14.45], "texture": "#1"},
				"west": {"uv": [14.4, 12.9, 14.6875, 14.45], "texture": "#1"},
				"up": {"uv": [14.4, 12.9, 14.6875, 14.45], "texture": "#1"},
				"down": {"uv": [14.4, 12.9, 14.6875, 14.45], "texture": "#1"}
			}
		},
		{
			"from": [11.2125, 4.35, 8.3375],
			"to": [11.6625, 4.75, 8.7375],
			"rotation": {"angle": 0, "axis": "y", "origin": [11.775, 4.45, 8.4625]},
			"faces": {
				"north": {"uv": [14.4, 12.9, 14.6125, 14.5], "texture": "#1"},
				"east": {"uv": [14.4, 12.9, 14.6125, 14.5], "texture": "#1"},
				"south": {"uv": [14.4, 12.9, 14.6125, 14.5], "texture": "#1"},
				"west": {"uv": [14.4, 12.9, 14.6125, 14.5], "texture": "#1"},
				"up": {"uv": [14.4, 12.9, 14.6125, 14.5], "texture": "#1"},
				"down": {"uv": [14.4, 12.9, 14.6125, 14.5], "texture": "#1"}
			}
		},
		{
			"from": [11.2125, 4.05, 8.3875],
			"to": [11.6125, 4.35, 8.7375],
			"rotation": {"angle": 0, "axis": "y", "origin": [11.775, 4.45, 8.4625]},
			"faces": {
				"north": {"uv": [14.4, 12.9, 14.6, 14.475], "texture": "#1"},
				"east": {"uv": [14.4, 12.9, 14.6, 14.475], "texture": "#1"},
				"south": {"uv": [14.4, 12.9, 14.6, 14.475], "texture": "#1"},
				"west": {"uv": [14.4, 12.9, 14.6, 14.475], "texture": "#1"},
				"up": {"uv": [14.4, 12.9, 14.6, 14.475], "texture": "#1"},
				"down": {"uv": [14.4, 12.9, 14.6, 14.475], "texture": "#1"}
			}
		},
		{
			"from": [11.2125, 3.95, 8.4375],
			"to": [11.5125, 4.05, 8.7375],
			"rotation": {"angle": 0, "axis": "y", "origin": [11.775, 4.45, 8.4625]},
			"faces": {
				"north": {"uv": [14.4, 12.9, 14.575, 14.425], "texture": "#1"},
				"east": {"uv": [14.4, 12.9, 14.575, 14.425], "texture": "#1"},
				"south": {"uv": [14.4, 12.9, 14.575, 14.425], "texture": "#1"},
				"west": {"uv": [14.4, 12.9, 14.575, 14.425], "texture": "#1"},
				"up": {"uv": [14.4, 12.9, 14.575, 14.425], "texture": "#1"},
				"down": {"uv": [14.4, 12.9, 14.575, 14.425], "texture": "#1"}
			}
		},
		{
			"from": [11.2125, 3.85, 8.5375],
			"to": [11.4125, 3.95, 8.7375],
			"rotation": {"angle": 0, "axis": "y", "origin": [11.775, 4.45, 8.4625]},
			"faces": {
				"north": {"uv": [14.4, 12.9, 14.55, 14.425], "texture": "#1"},
				"east": {"uv": [14.4, 12.9, 14.55, 14.425], "texture": "#1"},
				"south": {"uv": [14.4, 12.9, 14.55, 14.425], "texture": "#1"},
				"west": {"uv": [14.4, 12.9, 14.55, 14.425], "texture": "#1"},
				"up": {"uv": [14.4, 12.9, 14.55, 14.425], "texture": "#1"},
				"down": {"uv": [14.4, 12.9, 14.55, 14.425], "texture": "#1"}
			}
		},
		{
			"from": [9.7, 3.8, 8.5],
			"to": [11.3, 3.9, 8.7],
			"faces": {
				"north": {"uv": [14.4, 12.9, 14.9, 14.425], "texture": "#1"},
				"east": {"uv": [14.4, 12.9, 14.9, 14.425], "texture": "#1"},
				"south": {"uv": [14.4, 12.9, 14.9, 14.425], "texture": "#1"},
				"west": {"uv": [14.4, 12.9, 14.9, 14.425], "texture": "#1"},
				"up": {"uv": [14.4, 12.9, 14.9, 14.425], "texture": "#1"},
				"down": {"uv": [14.4, 12.9, 14.9, 14.425], "texture": "#1"}
			}
		},
		{
			"from": [9.5, 3.8, 8.7],
			"to": [9.7, 3.9, 10.3],
			"rotation": {"angle": 0, "axis": "y", "origin": [10.5, 3.85, 9.1]},
			"faces": {
				"north": {"uv": [14.4, 12.9, 14.55, 14.425], "texture": "#1"},
				"east": {"uv": [14.4, 12.9, 14.55, 14.425], "texture": "#1"},
				"south": {"uv": [14.4, 12.9, 14.55, 14.425], "texture": "#1"},
				"west": {"uv": [14.4, 12.9, 14.55, 14.425], "texture": "#1"},
				"up": {"uv": [14.4, 12.9, 14.55, 14.425], "texture": "#1"},
				"down": {"uv": [14.4, 12.9, 14.55, 14.425], "texture": "#1"}
			}
		},
		{
			"from": [11.3, 3.8, 8.7],
			"to": [11.5, 3.9, 10.3],
			"rotation": {"angle": 0, "axis": "y", "origin": [10.5, 3.85, 9.1]},
			"faces": {
				"north": {"uv": [14.4, 12.9, 14.55, 14.425], "texture": "#1"},
				"east": {"uv": [14.4, 12.9, 14.55, 14.425], "texture": "#1"},
				"south": {"uv": [14.4, 12.9, 14.55, 14.425], "texture": "#1"},
				"west": {"uv": [14.4, 12.9, 14.55, 14.425], "texture": "#1"},
				"up": {"uv": [14.4, 12.9, 14.55, 14.425], "texture": "#1"},
				"down": {"uv": [14.4, 12.9, 14.55, 14.425], "texture": "#1"}
			}
		},
		{
			"from": [11.4, 3.9, 8.7],
			"to": [11.6, 4, 10.3],
			"rotation": {"angle": 0, "axis": "y", "origin": [10.5, 3.85, 9.1]},
			"faces": {
				"north": {"uv": [14.4, 12.9, 14.55, 14.425], "texture": "#1"},
				"east": {"uv": [14.4, 12.9, 14.55, 14.425], "texture": "#1"},
				"south": {"uv": [14.4, 12.9, 14.55, 14.425], "texture": "#1"},
				"west": {"uv": [14.4, 12.9, 14.55, 14.425], "texture": "#1"},
				"up": {"uv": [14.4, 12.9, 14.55, 14.425], "texture": "#1"},
				"down": {"uv": [14.4, 12.9, 14.55, 14.425], "texture": "#1"}
			}
		},
		{
			"from": [11.5, 4, 8.7],
			"to": [11.7, 4.4, 10.3],
			"rotation": {"angle": 0, "axis": "y", "origin": [10.5, 3.85, 9.1]},
			"faces": {
				"north": {"uv": [14.4, 12.9, 14.55, 14.5], "texture": "#1"},
				"east": {"uv": [14.4, 12.9, 14.55, 14.5], "texture": "#1"},
				"south": {"uv": [14.4, 12.9, 14.55, 14.5], "texture": "#1"},
				"west": {"uv": [14.4, 12.9, 14.55, 14.5], "texture": "#1"},
				"up": {"uv": [14.4, 12.9, 14.55, 14.5], "texture": "#1"},
				"down": {"uv": [14.4, 12.9, 14.55, 14.5], "texture": "#1"}
			}
		},
		{
			"from": [10.5, 4.4, 8.7],
			"to": [11.8, 4.8, 10.3],
			"rotation": {"angle": 0, "axis": "y", "origin": [10.5, 3.85, 9.1]},
			"faces": {
				"north": {"uv": [14.4, 12.9, 14.55, 14.5], "texture": "#1"},
				"east": {"uv": [14.4, 12.9, 14.55, 14.5], "texture": "#1"},
				"south": {"uv": [14.4, 12.9, 14.55, 14.5], "texture": "#1"},
				"west": {"uv": [14.4, 12.9, 14.55, 14.5], "texture": "#1"},
				"up": {"uv": [14.4, 12.9, 14.55, 14.5], "texture": "#1"},
				"down": {"uv": [14.4, 12.9, 14.55, 14.5], "texture": "#1"}
			}
		},
		{
			"from": [11.7, 4.8, 8.7],
			"to": [12.1, 4.9, 10.3],
			"rotation": {"angle": 0, "axis": "y", "origin": [10.5, 3.85, 9.1]},
			"faces": {
				"north": {"uv": [14.4, 12.9, 14.6, 14.425], "texture": "#1"},
				"east": {"uv": [14.4, 12.9, 14.6, 14.425], "texture": "#1"},
				"south": {"uv": [14.4, 12.9, 14.6, 14.425], "texture": "#1"},
				"west": {"uv": [14.4, 12.9, 14.6, 14.425], "texture": "#1"},
				"up": {"uv": [14.4, 12.9, 14.6, 14.425], "texture": "#1"},
				"down": {"uv": [14.4, 12.9, 14.6, 14.425], "texture": "#1"}
			}
		},
		{
			"from": [12, 4.9, 8.7],
			"to": [12.1, 5, 10.3],
			"rotation": {"angle": 0, "axis": "y", "origin": [10.5, 3.85, 9.1]},
			"faces": {
				"north": {"uv": [14.4, 12.9, 14.525, 14.425], "texture": "#1"},
				"east": {"uv": [14.4, 12.9, 14.525, 14.425], "texture": "#1"},
				"south": {"uv": [14.4, 12.9, 14.525, 14.425], "texture": "#1"},
				"west": {"uv": [14.4, 12.9, 14.525, 14.425], "texture": "#1"},
				"up": {"uv": [14.4, 12.9, 14.525, 14.425], "texture": "#1"},
				"down": {"uv": [14.4, 12.9, 14.525, 14.425], "texture": "#1"}
			}
		},
		{
			"from": [8.9, 4.9, 8.7],
			"to": [9, 5, 10.3],
			"rotation": {"angle": 0, "axis": "y", "origin": [11.775, 4.45, 9.5]},
			"faces": {
				"north": {"uv": [14.4, 12.9, 14.525, 14.425], "texture": "#1"},
				"east": {"uv": [14.4, 12.9, 14.525, 14.425], "texture": "#1"},
				"south": {"uv": [14.4, 12.9, 14.525, 14.425], "texture": "#1"},
				"west": {"uv": [14.4, 12.9, 14.525, 14.425], "texture": "#1"},
				"up": {"uv": [14.4, 12.9, 14.525, 14.425], "texture": "#1"},
				"down": {"uv": [14.4, 12.9, 14.525, 14.425], "texture": "#1"}
			}
		},
		{
			"from": [8.9, 4.8, 8.7],
			"to": [9.3, 4.9, 10.3],
			"rotation": {"angle": 0, "axis": "y", "origin": [11.775, 4.45, 9.5]},
			"faces": {
				"north": {"uv": [14.4, 12.9, 14.6, 14.425], "texture": "#1"},
				"east": {"uv": [14.4, 12.9, 14.6, 14.425], "texture": "#1"},
				"south": {"uv": [14.4, 12.9, 14.6, 14.425], "texture": "#1"},
				"west": {"uv": [14.4, 12.9, 14.6, 14.425], "texture": "#1"},
				"up": {"uv": [14.4, 12.9, 14.6, 14.425], "texture": "#1"},
				"down": {"uv": [14.4, 12.9, 14.6, 14.425], "texture": "#1"}
			}
		},
		{
			"from": [9.2, 4.4, 8.7],
			"to": [9.4, 4.8, 10.3],
			"rotation": {"angle": 0, "axis": "y", "origin": [11.775, 4.45, 9.5]},
			"faces": {
				"north": {"uv": [14.4, 12.9, 14.55, 14.5], "texture": "#1"},
				"east": {"uv": [14.4, 12.9, 14.55, 14.5], "texture": "#1"},
				"south": {"uv": [14.4, 12.9, 14.55, 14.5], "texture": "#1"},
				"west": {"uv": [14.4, 12.9, 14.55, 14.5], "texture": "#1"},
				"up": {"uv": [14.4, 12.9, 14.55, 14.5], "texture": "#1"},
				"down": {"uv": [14.4, 12.9, 14.55, 14.5], "texture": "#1"}
			}
		},
		{
			"from": [9.3, 4, 8.7],
			"to": [9.5, 4.4, 10.3],
			"rotation": {"angle": 0, "axis": "y", "origin": [11.775, 4.45, 9.5]},
			"faces": {
				"north": {"uv": [14.4, 12.9, 14.55, 14.5], "texture": "#1"},
				"east": {"uv": [14.4, 12.9, 14.55, 14.5], "texture": "#1"},
				"south": {"uv": [14.4, 12.9, 14.55, 14.5], "texture": "#1"},
				"west": {"uv": [14.4, 12.9, 14.55, 14.5], "texture": "#1"},
				"up": {"uv": [14.4, 12.9, 14.55, 14.5], "texture": "#1"},
				"down": {"uv": [14.4, 12.9, 14.55, 14.5], "texture": "#1"}
			}
		},
		{
			"from": [9.4, 3.9, 8.7],
			"to": [9.6, 4, 10.3],
			"rotation": {"angle": 0, "axis": "y", "origin": [11.775, 4.45, 9.5]},
			"faces": {
				"north": {"uv": [14.4, 12.9, 14.55, 14.425], "texture": "#1"},
				"east": {"uv": [14.4, 12.9, 14.55, 14.425], "texture": "#1"},
				"south": {"uv": [14.4, 12.9, 14.55, 14.425], "texture": "#1"},
				"west": {"uv": [14.4, 12.9, 14.55, 14.425], "texture": "#1"},
				"up": {"uv": [14.4, 12.9, 14.55, 14.425], "texture": "#1"},
				"down": {"uv": [14.4, 12.9, 14.55, 14.425], "texture": "#1"}
			}
		},
		{
			"from": [9.725, 4.9, 11.025],
			"to": [11.325, 5, 11.125],
			"rotation": {"angle": 0, "axis": "y", "origin": [9.225, 4.45, 11]},
			"faces": {
				"north": {"uv": [14.4, 12.9, 14.9, 14.425], "texture": "#1"},
				"east": {"uv": [14.4, 12.9, 14.9, 14.425], "texture": "#1"},
				"south": {"uv": [14.4, 12.9, 14.9, 14.425], "texture": "#1"},
				"west": {"uv": [14.4, 12.9, 14.9, 14.425], "texture": "#1"},
				"up": {"uv": [14.4, 12.9, 14.9, 14.425], "texture": "#1"},
				"down": {"uv": [14.4, 12.9, 14.9, 14.425], "texture": "#1"}
			}
		},
		{
			"from": [9.725, 5, 11.125],
			"to": [11.325, 5.3, 11.325],
			"rotation": {"angle": 0, "axis": "y", "origin": [9.225, 4.45, 11]},
			"faces": {
				"north": {"uv": [14.4, 12.9, 14.9, 14.475], "texture": "#1"},
				"east": {"uv": [14.4, 12.9, 14.9, 14.475], "texture": "#1"},
				"south": {"uv": [14.4, 12.9, 14.9, 14.475], "texture": "#1"},
				"west": {"uv": [14.4, 12.9, 14.9, 14.475], "texture": "#1"},
				"up": {"uv": [14.4, 12.9, 14.9, 14.475], "texture": "#1"},
				"down": {"uv": [14.4, 12.9, 14.9, 14.475], "texture": "#1"}
			}
		},
		{
			"from": [11.325, 5, 7.625],
			"to": [12.175, 5.3, 7.825],
			"rotation": {"angle": 0, "axis": "y", "origin": [9.225, 4.45, 11]},
			"faces": {
				"north": {"uv": [14.4, 12.9, 14.7125, 14.475], "texture": "#1"},
				"east": {"uv": [14.4, 12.9, 14.7125, 14.475], "texture": "#1"},
				"south": {"uv": [14.4, 12.9, 14.7125, 14.475], "texture": "#1"},
				"west": {"uv": [14.4, 12.9, 14.7125, 14.475], "texture": "#1"},
				"up": {"uv": [14.4, 12.9, 14.7125, 14.475], "texture": "#1"},
				"down": {"uv": [14.4, 12.9, 14.7125, 14.475], "texture": "#1"}
			}
		},
		{
			"from": [11.325, 5, 11.175],
			"to": [12.175, 5.3, 11.375],
			"rotation": {"angle": 0, "axis": "y", "origin": [9.225, 4.45, 11]},
			"faces": {
				"north": {"uv": [14.4, 12.9, 14.7125, 14.475], "texture": "#1"},
				"east": {"uv": [14.4, 12.9, 14.7125, 14.475], "texture": "#1"},
				"south": {"uv": [14.4, 12.9, 14.7125, 14.475], "texture": "#1"},
				"west": {"uv": [14.4, 12.9, 14.7125, 14.475], "texture": "#1"},
				"up": {"uv": [14.4, 12.9, 14.7125, 14.475], "texture": "#1"},
				"down": {"uv": [14.4, 12.9, 14.7125, 14.475], "texture": "#1"}
			}
		},
		{
			"from": [8.825, 5, 11.175],
			"to": [9.775, 5.3, 11.375],
			"rotation": {"angle": 0, "axis": "y", "origin": [9.225, 4.45, 11]},
			"faces": {
				"north": {"uv": [14.4, 12.9, 14.7375, 14.475], "texture": "#1"},
				"east": {"uv": [14.4, 12.9, 14.7375, 14.475], "texture": "#1"},
				"south": {"uv": [14.4, 12.9, 14.7375, 14.475], "texture": "#1"},
				"west": {"uv": [14.4, 12.9, 14.7375, 14.475], "texture": "#1"},
				"up": {"uv": [14.4, 12.9, 14.7375, 14.475], "texture": "#1"},
				"down": {"uv": [14.4, 12.9, 14.7375, 14.475], "texture": "#1"}
			}
		},
		{
			"from": [8.825, 5, 7.625],
			"to": [9.775, 5.3, 7.825],
			"rotation": {"angle": 0, "axis": "y", "origin": [9.225, 4.45, 11]},
			"faces": {
				"north": {"uv": [14.4, 12.9, 14.7375, 14.475], "texture": "#1"},
				"east": {"uv": [14.4, 12.9, 14.7375, 14.475], "texture": "#1"},
				"south": {"uv": [14.4, 12.9, 14.7375, 14.475], "texture": "#1"},
				"west": {"uv": [14.4, 12.9, 14.7375, 14.475], "texture": "#1"},
				"up": {"uv": [14.4, 12.9, 14.7375, 14.475], "texture": "#1"},
				"down": {"uv": [14.4, 12.9, 14.7375, 14.475], "texture": "#1"}
			}
		},
		{
			"from": [12.175, 5, 10.275],
			"to": [12.275, 5.25, 11.275],
			"rotation": {"angle": 0, "axis": "y", "origin": [12.675, 5.15, 11.225]},
			"faces": {
				"north": {"uv": [14.4, 12.9, 14.55, 14.475], "texture": "#1"},
				"east": {"uv": [14.4, 12.9, 14.55, 14.475], "texture": "#1"},
				"south": {"uv": [14.4, 12.9, 14.55, 14.475], "texture": "#1"},
				"west": {"uv": [14.4, 12.9, 14.55, 14.475], "texture": "#1"},
				"up": {"uv": [14.4, 12.9, 14.55, 14.475], "texture": "#1"},
				"down": {"uv": [14.4, 12.9, 14.55, 14.475], "texture": "#1"}
			}
		},
		{
			"from": [12.175, 5, 7.675],
			"to": [12.275, 5.25, 8.675],
			"rotation": {"angle": 0, "axis": "y", "origin": [12.675, 5.15, 11.225]},
			"faces": {
				"north": {"uv": [14.4, 12.9, 14.525, 14.4625], "texture": "#1"},
				"east": {"uv": [14.4, 12.9, 14.525, 14.4625], "texture": "#1"},
				"south": {"uv": [14.4, 12.9, 14.525, 14.4625], "texture": "#1"},
				"west": {"uv": [14.4, 12.9, 14.525, 14.4625], "texture": "#1"},
				"up": {"uv": [14.4, 12.9, 14.525, 14.4625], "texture": "#1"},
				"down": {"uv": [14.4, 12.9, 14.525, 14.4625], "texture": "#1"}
			}
		},
		{
			"from": [8.725, 5, 7.675],
			"to": [8.875, 5.25, 8.675],
			"rotation": {"angle": 0, "axis": "y", "origin": [12.675, 5.15, 11.225]},
			"faces": {
				"north": {"uv": [14.4, 12.9, 14.525, 14.4625], "texture": "#1"},
				"east": {"uv": [14.4, 12.9, 14.525, 14.4625], "texture": "#1"},
				"south": {"uv": [14.4, 12.9, 14.525, 14.4625], "texture": "#1"},
				"west": {"uv": [14.4, 12.9, 14.525, 14.4625], "texture": "#1"},
				"up": {"uv": [14.4, 12.9, 14.525, 14.4625], "texture": "#1"},
				"down": {"uv": [14.4, 12.9, 14.525, 14.4625], "texture": "#1"}
			}
		},
		{
			"from": [8.725, 5, 10.275],
			"to": [8.875, 5.25, 11.275],
			"rotation": {"angle": 0, "axis": "y", "origin": [12.675, 5.15, 11.225]},
			"faces": {
				"north": {"uv": [14.4, 12.9, 14.5375, 14.4625], "texture": "#1"},
				"east": {"uv": [14.4, 12.9, 14.5375, 14.4625], "texture": "#1"},
				"south": {"uv": [14.4, 12.9, 14.5375, 14.4625], "texture": "#1"},
				"west": {"uv": [14.4, 12.9, 14.5375, 14.4625], "texture": "#1"},
				"up": {"uv": [14.4, 12.9, 14.5375, 14.4625], "texture": "#1"},
				"down": {"uv": [14.4, 12.9, 14.5375, 14.4625], "texture": "#1"}
			}
		},
		{
			"from": [9.725, 5, 7.675],
			"to": [11.325, 5.3, 7.875],
			"rotation": {"angle": 0, "axis": "y", "origin": [9.225, 4.45, 11]},
			"faces": {
				"north": {"uv": [14.4, 12.9, 14.9, 14.475], "texture": "#1"},
				"east": {"uv": [14.4, 12.9, 14.9, 14.475], "texture": "#1"},
				"south": {"uv": [14.4, 12.9, 14.9, 14.475], "texture": "#1"},
				"west": {"uv": [14.4, 12.9, 14.9, 14.475], "texture": "#1"},
				"up": {"uv": [14.4, 12.9, 14.9, 14.475], "texture": "#1"},
				"down": {"uv": [14.4, 12.9, 14.9, 14.475], "texture": "#1"}
			}
		},
		{
			"from": [8.725, 4.95, 8.675],
			"to": [8.925, 5.25, 10.275],
			"rotation": {"angle": 0, "axis": "y", "origin": [10.525, 5.15, 9.175]},
			"faces": {
				"north": {"uv": [14.4, 12.9, 14.55, 14.475], "texture": "#1"},
				"east": {"uv": [14.4, 12.9, 14.55, 14.475], "texture": "#1"},
				"south": {"uv": [14.4, 12.9, 14.55, 14.475], "texture": "#1"},
				"west": {"uv": [14.4, 12.9, 14.55, 14.475], "texture": "#1"},
				"up": {"uv": [14.4, 12.9, 14.55, 14.475], "texture": "#1"},
				"down": {"uv": [14.4, 12.9, 14.55, 14.475], "texture": "#1"}
			}
		},
		{
			"from": [12.075, 4.95, 8.675],
			"to": [12.275, 5.25, 10.275],
			"rotation": {"angle": 0, "axis": "y", "origin": [10.525, 5.15, 9.175]},
			"faces": {
				"north": {"uv": [14.4, 12.9, 14.55, 14.475], "texture": "#1"},
				"east": {"uv": [14.4, 12.9, 14.55, 14.475], "texture": "#1"},
				"south": {"uv": [14.4, 12.9, 14.55, 14.475], "texture": "#1"},
				"west": {"uv": [14.4, 12.9, 14.55, 14.475], "texture": "#1"},
				"up": {"uv": [14.4, 12.9, 14.55, 14.475], "texture": "#1"},
				"down": {"uv": [14.4, 12.9, 14.55, 14.475], "texture": "#1"}
			}
		},
		{
			"from": [9.725, 4.8, 10.725],
			"to": [11.325, 4.9, 11.125],
			"rotation": {"angle": 0, "axis": "y", "origin": [9.225, 4.45, 11]},
			"faces": {
				"north": {"uv": [14.4, 12.9, 14.9, 14.425], "texture": "#1"},
				"east": {"uv": [14.4, 12.9, 14.9, 14.425], "texture": "#1"},
				"south": {"uv": [14.4, 12.9, 14.9, 14.425], "texture": "#1"},
				"west": {"uv": [14.4, 12.9, 14.9, 14.425], "texture": "#1"},
				"up": {"uv": [14.4, 12.9, 14.9, 14.425], "texture": "#1"},
				"down": {"uv": [14.4, 12.9, 14.9, 14.425], "texture": "#1"}
			}
		},
		{
			"from": [9.725, 4.4, 10.625],
			"to": [11.325, 4.8, 10.825],
			"rotation": {"angle": 0, "axis": "y", "origin": [9.225, 4.45, 11]},
			"faces": {
				"north": {"uv": [14.4, 12.9, 14.9, 14.5], "texture": "#1"},
				"east": {"uv": [14.4, 12.9, 14.9, 14.5], "texture": "#1"},
				"south": {"uv": [14.4, 12.9, 14.9, 14.5], "texture": "#1"},
				"west": {"uv": [14.4, 12.9, 14.9, 14.5], "texture": "#1"},
				"up": {"uv": [14.4, 12.9, 14.9, 14.5], "texture": "#1"},
				"down": {"uv": [14.4, 12.9, 14.9, 14.5], "texture": "#1"}
			}
		},
		{
			"from": [9.725, 4, 10.525],
			"to": [11.325, 4.4, 10.725],
			"rotation": {"angle": 0, "axis": "y", "origin": [9.225, 4.45, 11]},
			"faces": {
				"north": {"uv": [14.4, 12.9, 14.9, 14.5], "texture": "#1"},
				"east": {"uv": [14.4, 12.9, 14.9, 14.5], "texture": "#1"},
				"south": {"uv": [14.4, 12.9, 14.9, 14.5], "texture": "#1"},
				"west": {"uv": [14.4, 12.9, 14.9, 14.5], "texture": "#1"},
				"up": {"uv": [14.4, 12.9, 14.9, 14.5], "texture": "#1"},
				"down": {"uv": [14.4, 12.9, 14.9, 14.5], "texture": "#1"}
			}
		},
		{
			"from": [9.725, 3.9, 10.425],
			"to": [11.325, 4, 10.625],
			"rotation": {"angle": 0, "axis": "y", "origin": [9.225, 4.45, 11]},
			"faces": {
				"north": {"uv": [14.4, 12.9, 14.9, 14.425], "texture": "#1"},
				"east": {"uv": [14.4, 12.9, 14.9, 14.425], "texture": "#1"},
				"south": {"uv": [14.4, 12.9, 14.9, 14.425], "texture": "#1"},
				"west": {"uv": [14.4, 12.9, 14.9, 14.425], "texture": "#1"},
				"up": {"uv": [14.4, 12.9, 14.9, 14.425], "texture": "#1"},
				"down": {"uv": [14.4, 12.9, 14.9, 14.425], "texture": "#1"}
			}
		},
		{
			"from": [9.725, 4.9, 7.875],
			"to": [11.325, 5, 7.975],
			"rotation": {"angle": 0, "axis": "y", "origin": [10.525, 4.45, 10.8]},
			"faces": {
				"north": {"uv": [14.4, 12.9, 14.9, 14.425], "texture": "#1"},
				"east": {"uv": [14.4, 12.9, 14.9, 14.425], "texture": "#1"},
				"south": {"uv": [14.4, 12.9, 14.9, 14.425], "texture": "#1"},
				"west": {"uv": [14.4, 12.9, 14.9, 14.425], "texture": "#1"},
				"up": {"uv": [14.4, 12.9, 14.9, 14.425], "texture": "#1"},
				"down": {"uv": [14.4, 12.9, 14.9, 14.425], "texture": "#1"}
			}
		},
		{
			"from": [9.725, 4.8, 7.875],
			"to": [11.325, 4.9, 8.275],
			"rotation": {"angle": 0, "axis": "y", "origin": [10.525, 4.45, 10.8]},
			"faces": {
				"north": {"uv": [14.4, 12.9, 14.9, 14.425], "texture": "#1"},
				"east": {"uv": [14.4, 12.9, 14.9, 14.425], "texture": "#1"},
				"south": {"uv": [14.4, 12.9, 14.9, 14.425], "texture": "#1"},
				"west": {"uv": [14.4, 12.9, 14.9, 14.425], "texture": "#1"},
				"up": {"uv": [14.4, 12.9, 14.9, 14.425], "texture": "#1"},
				"down": {"uv": [14.4, 12.9, 14.9, 14.425], "texture": "#1"}
			}
		},
		{
			"from": [9.725, 4.4, 8.175],
			"to": [11.325, 4.8, 8.375],
			"rotation": {"angle": 0, "axis": "y", "origin": [10.525, 4.45, 10.8]},
			"faces": {
				"north": {"uv": [14.4, 12.9, 14.9, 14.5], "texture": "#1"},
				"east": {"uv": [14.4, 12.9, 14.9, 14.5], "texture": "#1"},
				"south": {"uv": [14.4, 12.9, 14.9, 14.5], "texture": "#1"},
				"west": {"uv": [14.4, 12.9, 14.9, 14.5], "texture": "#1"},
				"up": {"uv": [14.4, 12.9, 14.9, 14.5], "texture": "#1"},
				"down": {"uv": [14.4, 12.9, 14.9, 14.5], "texture": "#1"}
			}
		},
		{
			"from": [9.725, 4, 8.275],
			"to": [11.325, 4.4, 8.475],
			"rotation": {"angle": 0, "axis": "y", "origin": [10.525, 4.45, 10.8]},
			"faces": {
				"north": {"uv": [14.4, 12.9, 14.9, 14.5], "texture": "#1"},
				"east": {"uv": [14.4, 12.9, 14.9, 14.5], "texture": "#1"},
				"south": {"uv": [14.4, 12.9, 14.9, 14.5], "texture": "#1"},
				"west": {"uv": [14.4, 12.9, 14.9, 14.5], "texture": "#1"},
				"up": {"uv": [14.4, 12.9, 14.9, 14.5], "texture": "#1"},
				"down": {"uv": [14.4, 12.9, 14.9, 14.5], "texture": "#1"}
			}
		},
		{
			"from": [9.725, 3.9, 8.375],
			"to": [11.325, 4, 8.575],
			"rotation": {"angle": 0, "axis": "y", "origin": [10.525, 4.45, 10.8]},
			"faces": {
				"north": {"uv": [14.4, 12.9, 14.9, 14.425], "texture": "#1"},
				"east": {"uv": [14.4, 12.9, 14.9, 14.425], "texture": "#1"},
				"south": {"uv": [14.4, 12.9, 14.9, 14.425], "texture": "#1"},
				"west": {"uv": [14.4, 12.9, 14.9, 14.425], "texture": "#1"},
				"up": {"uv": [14.4, 12.9, 14.9, 14.425], "texture": "#1"},
				"down": {"uv": [14.4, 12.9, 14.9, 14.425], "texture": "#1"}
			}
		}
	],
	"display": {
		"thirdperson_righthand": {
			"rotation": [49.25, 0, 0],
			"translation": [-2, 5.25, 3.25]
		},
		"thirdperson_lefthand": {
			"rotation": [53.75, 0, 0],
			"translation": [2.75, 5.25, 4]
		},
		"firstperson_righthand": {
			"rotation": [0, -9.5, 0],
			"translation": [-2.5, 5.75, 0]
		},
		"firstperson_lefthand": {
			"translation": [0, 6, 1]
		},
		"ground": {
			"translation": [-4.25, 11.5, -2],
			"scale": [2, 2, 2]
		},
		"gui": {
			"rotation": [-180, 89.25, -180],
			"translation": [-3, 10.25, 0],
			"scale": [2, 2, 2]
		},
		"fixed": {
			"translation": [-4.5, 10.75, -6.75],
			"scale": [2, 2, 2]
		}
	}
}