{
	"credit": "Made with Blockbench",
	"textures": {
		"0": "block/glass",
		"6": "block/haaaa",
		"7": "block/hhaa-removebg-preview",
		"particle": "block/glass"
	},
	"elements": [
		{
			"from": [7, 0.4, 8],
			"to": [8, 0.5, 9],
			"faces": {
				"north": {"uv": [0, 0, 15.9, 15.9], "texture": "#0"},
				"east": {"uv": [0, 0, 15.9, 15.9], "texture": "#0"},
				"south": {"uv": [0, 0, 15.9, 15.9], "texture": "#0"},
				"west": {"uv": [0, 0, 15.9, 15.9], "texture": "#0"},
				"up": {"uv": [0, 0, 15.9, 15.9], "texture": "#0"},
				"down": {"uv": [0, 0, 15.9, 15.9], "texture": "#0"}
			}
		},
		{
			"from": [7.2, 0.4, 7.8],
			"to": [7.8, 0.5, 8],
			"faces": {
				"north": {"uv": [0.2, 0.4, 16, 16], "texture": "#0"},
				"east": {"uv": [0.2, 0.4, 16, 16], "texture": "#0"},
				"south": {"uv": [0.2, 0.4, 16, 16], "texture": "#0"},
				"west": {"uv": [0.2, 0.4, 16, 16], "texture": "#0"},
				"up": {"uv": [0.2, 0.4, 16, 16], "texture": "#0"},
				"down": {"uv": [0.2, 0.4, 16, 16], "texture": "#0"}
			}
		},
		{
			"from": [7.2, 0.4, 9],
			"to": [7.8, 0.5, 9.2],
			"faces": {
				"north": {"uv": [0.2, 0.4, 16, 16], "texture": "#0"},
				"east": {"uv": [0.2, 0.4, 16, 16], "texture": "#0"},
				"south": {"uv": [0.2, 0.4, 16, 16], "texture": "#0"},
				"west": {"uv": [0.2, 0.4, 16, 16], "texture": "#0"},
				"up": {"uv": [0.2, 0.4, 16, 16], "texture": "#0"},
				"down": {"uv": [0.2, 0.4, 16, 16], "texture": "#0"}
			}
		},
		{
			"from": [6.8, 0.4, 8.2],
			"to": [7, 0.5, 8.8],
			"rotation": {"angle": 0, "axis": "y", "origin": [6.6, 0.15, 9.1]},
			"faces": {
				"north": {"uv": [0.2, 0.4, 15.6, 16], "texture": "#0"},
				"east": {"uv": [0.2, 0.4, 15.6, 16], "texture": "#0"},
				"south": {"uv": [0.2, 0.4, 15.6, 16], "texture": "#0"},
				"west": {"uv": [0.2, 0.4, 15.6, 16], "texture": "#0"},
				"up": {"uv": [0.2, 0.4, 15.6, 16], "texture": "#0"},
				"down": {"uv": [0.2, 0.4, 15.6, 16], "texture": "#0"}
			}
		},
		{
			"from": [8, 0.4, 8.2],
			"to": [8.2, 0.5, 8.8],
			"rotation": {"angle": 0, "axis": "y", "origin": [6.6, 0.15, 9.1]},
			"faces": {
				"north": {"uv": [0.2, 0.4, 15.6, 16], "texture": "#0"},
				"east": {"uv": [0.2, 0.4, 15.6, 16], "texture": "#0"},
				"south": {"uv": [0.2, 0.4, 15.6, 16], "texture": "#0"},
				"west": {"uv": [0.2, 0.4, 15.6, 16], "texture": "#0"},
				"up": {"uv": [0.2, 0.4, 15.6, 16], "texture": "#0"},
				"down": {"uv": [0.2, 0.4, 15.6, 16], "texture": "#0"}
			}
		},
		{
			"from": [7.2, 0.5, 8.2],
			"to": [7.8, 0.6, 8.8],
			"faces": {
				"north": {"uv": [0, 1, 14.3, 14.6], "texture": "#0"},
				"east": {"uv": [0, 1, 14.3, 14.6], "texture": "#0"},
				"south": {"uv": [0, 1, 14.3, 14.6], "texture": "#0"},
				"west": {"uv": [0, 1, 14.3, 14.6], "texture": "#0"},
				"up": {"uv": [0, 1, 14.3, 14.6], "texture": "#0"},
				"down": {"uv": [0, 1, 14.3, 14.6], "texture": "#0"}
			}
		},
		{
			"from": [7.2, 2.4, 8.2],
			"to": [7.8, 2.7, 8.8],
			"faces": {
				"north": {"uv": [0.3, 0.5, 16, 16], "texture": "#0"},
				"east": {"uv": [0.3, 0.5, 16, 16], "texture": "#0"},
				"south": {"uv": [0.3, 0.5, 16, 16], "texture": "#0"},
				"west": {"uv": [0.3, 0.5, 16, 16], "texture": "#0"},
				"up": {"uv": [0.3, 0.5, 16, 16], "texture": "#0"},
				"down": {"uv": [0.3, 0.5, 16, 16], "texture": "#0"}
			}
		},
		{
			"from": [7.1, 2.7, 8.1],
			"to": [7.9, 3, 8.9],
			"faces": {
				"north": {"uv": [0, 1, 15.7, 15.7], "texture": "#0"},
				"east": {"uv": [0, 1, 15.7, 15.7], "texture": "#0"},
				"south": {"uv": [0, 1, 15.7, 15.7], "texture": "#0"},
				"west": {"uv": [0, 1, 15.7, 15.7], "texture": "#0"},
				"up": {"uv": [0, 1, 15.7, 15.7], "texture": "#0"},
				"down": {"uv": [0, 1, 15.7, 15.7], "texture": "#0"}
			}
		},
		{
			"from": [7.2, 2.7, 8.2],
			"to": [7.8, 3, 8.8],
			"faces": {
				"north": {"uv": [6.49572, 8.00665, 8.22725, 9.14219], "texture": "#6"},
				"east": {"uv": [6.49572, 8.00665, 8.22725, 9.14219], "texture": "#6"},
				"south": {"uv": [6.49572, 8.00665, 8.22725, 9.14219], "texture": "#6"},
				"west": {"uv": [6.49572, 8.00665, 8.22725, 9.14219], "texture": "#6"},
				"up": {"uv": [6.49572, 8.00665, 8.22725, 9.14219], "texture": "#6"},
				"down": {"uv": [6.49572, 8.00665, 8.22725, 9.14219], "texture": "#6"}
			}
		},
		{
			"from": [6.9, 3, 8.1],
			"to": [7.2, 3.3, 8.9],
			"faces": {
				"north": {"uv": [0, 1, 15.2, 15.7], "texture": "#0"},
				"east": {"uv": [0, 1, 15.2, 15.7], "texture": "#0"},
				"south": {"uv": [0, 1, 15.2, 15.7], "texture": "#0"},
				"west": {"uv": [0, 1, 15.2, 15.7], "texture": "#0"},
				"up": {"uv": [0, 1, 15.2, 15.7], "texture": "#0"},
				"down": {"uv": [0, 1, 15.2, 15.7], "texture": "#0"}
			}
		},
		{
			"from": [7.8, 3, 8.1],
			"to": [8.1, 3.3, 8.9],
			"faces": {
				"north": {"uv": [0, 1, 15.2, 15.7], "texture": "#0"},
				"east": {"uv": [0, 1, 15.2, 15.7], "texture": "#0"},
				"south": {"uv": [0, 1, 15.2, 15.7], "texture": "#0"},
				"west": {"uv": [0, 1, 15.2, 15.7], "texture": "#0"},
				"up": {"uv": [0, 1, 15.2, 15.7], "texture": "#0"},
				"down": {"uv": [0, 1, 15.2, 15.7], "texture": "#0"}
			}
		},
		{
			"from": [7.15, 3, 7.95],
			"to": [7.95, 3.3, 8.25],
			"rotation": {"angle": 0, "axis": "y", "origin": [7.55, 3.85, 8.5]},
			"faces": {
				"north": {"uv": [0, 1, 15.7, 15.7], "texture": "#0"},
				"east": {"uv": [0, 1, 15.7, 15.7], "texture": "#0"},
				"south": {"uv": [0, 1, 15.7, 15.7], "texture": "#0"},
				"west": {"uv": [0, 1, 15.7, 15.7], "texture": "#0"},
				"up": {"uv": [0, 1, 15.7, 15.7], "texture": "#0"},
				"down": {"uv": [0, 1, 15.7, 15.7], "texture": "#0"}
			}
		},
		{
			"from": [7.15, 3.3, 7.85],
			"to": [7.95, 4.5, 8.05],
			"rotation": {"angle": 0, "axis": "y", "origin": [7.55, 3.85, 8.5]},
			"faces": {
				"north": {"uv": [0.2, 0.1, 16, 15.9], "texture": "#0"},
				"east": {"uv": [0.2, 0.1, 16, 15.9], "texture": "#0"},
				"south": {"uv": [0.2, 0.1, 16, 15.9], "texture": "#0"},
				"west": {"uv": [0.2, 0.1, 16, 15.9], "texture": "#0"},
				"up": {"uv": [0.2, 0.1, 16, 15.9], "texture": "#0"},
				"down": {"uv": [0.2, 0.1, 16, 15.9], "texture": "#0"}
			}
		},
		{
			"from": [7.15, 3.3, 8.95],
			"to": [7.95, 4.5, 9.15],
			"rotation": {"angle": 0, "axis": "y", "origin": [7.55, 3.85, 8.5]},
			"faces": {
				"north": {"uv": [0.2, 0.1, 16, 15.9], "texture": "#0"},
				"east": {"uv": [0.2, 0.1, 16, 15.9], "texture": "#0"},
				"south": {"uv": [0.2, 0.1, 16, 15.9], "texture": "#0"},
				"west": {"uv": [0.2, 0.1, 16, 15.9], "texture": "#0"},
				"up": {"uv": [0.2, 0.1, 16, 15.9], "texture": "#0"},
				"down": {"uv": [0.2, 0.1, 16, 15.9], "texture": "#0"}
			}
		},
		{
			"from": [6.8, 3.3, 8.1],
			"to": [7, 4.5, 8.9],
			"rotation": {"angle": 0, "axis": "y", "origin": [6.9, 3.9, 8.5]},
			"faces": {
				"north": {"uv": [0.2, 0.1, 15.4, 15.9], "texture": "#0"},
				"east": {"uv": [0.2, 0.1, 15.4, 15.9], "texture": "#0"},
				"south": {"uv": [0.2, 0.1, 15.4, 15.9], "texture": "#0"},
				"west": {"uv": [0.2, 0.1, 15.4, 15.9], "texture": "#0"},
				"up": {"uv": [0.2, 0.1, 15.4, 15.9], "texture": "#0"},
				"down": {"uv": [0.2, 0.1, 15.4, 15.9], "texture": "#0"}
			}
		},
		{
			"from": [7, 3.3, 8],
			"to": [7.2, 4.5, 8.1],
			"rotation": {"angle": 0, "axis": "y", "origin": [6.65, 4.6, 9.1]},
			"faces": {
				"north": {"uv": [0.2, 0.1, 15.4, 15.9], "texture": "#0"},
				"east": {"uv": [0.2, 0.1, 15.4, 15.9], "texture": "#0"},
				"south": {"uv": [0.2, 0.1, 15.4, 15.9], "texture": "#0"},
				"west": {"uv": [0.2, 0.1, 15.4, 15.9], "texture": "#0"},
				"up": {"uv": [0.2, 0.1, 15.4, 15.9], "texture": "#0"},
				"down": {"uv": [0.2, 0.1, 15.4, 15.9], "texture": "#0"}
			}
		},
		{
			"from": [7, 3.3, 8.9],
			"to": [7.2, 4.5, 9],
			"rotation": {"angle": 0, "axis": "y", "origin": [6.65, 4.6, 9.1]},
			"faces": {
				"north": {"uv": [0.2, 0.1, 15.4, 15.9], "texture": "#0"},
				"east": {"uv": [0.2, 0.1, 15.4, 15.9], "texture": "#0"},
				"south": {"uv": [0.2, 0.1, 15.4, 15.9], "texture": "#0"},
				"west": {"uv": [0.2, 0.1, 15.4, 15.9], "texture": "#0"},
				"up": {"uv": [0.2, 0.1, 15.4, 15.9], "texture": "#0"},
				"down": {"uv": [0.2, 0.1, 15.4, 15.9], "texture": "#0"}
			}
		},
		{
			"from": [7.9, 3.3, 8.9],
			"to": [8.1, 4.5, 9],
			"rotation": {"angle": 0, "axis": "y", "origin": [6.65, 4.6, 9.1]},
			"faces": {
				"north": {"uv": [0.2, 0.1, 15.4, 15.9], "texture": "#0"},
				"east": {"uv": [0.2, 0.1, 15.4, 15.9], "texture": "#0"},
				"south": {"uv": [0.2, 0.1, 15.4, 15.9], "texture": "#0"},
				"west": {"uv": [0.2, 0.1, 15.4, 15.9], "texture": "#0"},
				"up": {"uv": [0.2, 0.1, 15.4, 15.9], "texture": "#0"},
				"down": {"uv": [0.2, 0.1, 15.4, 15.9], "texture": "#0"}
			}
		},
		{
			"from": [7.9, 3.3, 8],
			"to": [8.1, 4.5, 8.1],
			"rotation": {"angle": 0, "axis": "y", "origin": [6.65, 4.6, 9.1]},
			"faces": {
				"north": {"uv": [0.2, 0.1, 15.4, 15.9], "texture": "#0"},
				"east": {"uv": [0.2, 0.1, 15.4, 15.9], "texture": "#0"},
				"south": {"uv": [0.2, 0.1, 15.4, 15.9], "texture": "#0"},
				"west": {"uv": [0.2, 0.1, 15.4, 15.9], "texture": "#0"},
				"up": {"uv": [0.2, 0.1, 15.4, 15.9], "texture": "#0"},
				"down": {"uv": [0.2, 0.1, 15.4, 15.9], "texture": "#0"}
			}
		},
		{
			"from": [8, 3.3, 8.1],
			"to": [8.2, 4.5, 8.9],
			"rotation": {"angle": 0, "axis": "y", "origin": [6.65, 4.6, 9.1]},
			"faces": {
				"north": {"uv": [0.2, 0.1, 15.4, 15.9], "texture": "#0"},
				"east": {"uv": [0.2, 0.1, 15.4, 15.9], "texture": "#0"},
				"south": {"uv": [0.2, 0.1, 15.4, 15.9], "texture": "#0"},
				"west": {"uv": [0.2, 0.1, 15.4, 15.9], "texture": "#0"},
				"up": {"uv": [0.2, 0.1, 15.4, 15.9], "texture": "#0"},
				"down": {"uv": [0.2, 0.1, 15.4, 15.9], "texture": "#0"}
			}
		},
		{
			"from": [7.15, 3, 8.75],
			"to": [7.95, 3.3, 9.05],
			"rotation": {"angle": 0, "axis": "y", "origin": [7.55, 3.85, 8.5]},
			"faces": {
				"north": {"uv": [0, 1, 15.7, 15.7], "texture": "#0"},
				"east": {"uv": [0, 1, 15.7, 15.7], "texture": "#0"},
				"south": {"uv": [0, 1, 15.7, 15.7], "texture": "#0"},
				"west": {"uv": [0, 1, 15.7, 15.7], "texture": "#0"},
				"up": {"uv": [0, 1, 15.7, 15.7], "texture": "#0"},
				"down": {"uv": [0, 1, 15.7, 15.7], "texture": "#0"}
			}
		},
		{
			"from": [7.15, 3, 8.05],
			"to": [7.95, 4.3, 8.75],
			"rotation": {"angle": 0, "axis": "y", "origin": [7.55, 3.85, 8.5]},
			"faces": {
				"north": {"uv": [6.23262, 8.60855, 8.04162, 9.63215], "texture": "#6"},
				"east": {"uv": [6.23262, 8.60855, 8.04162, 9.63215], "texture": "#6"},
				"south": {"uv": [6.23262, 8.60855, 8.04162, 9.63215], "texture": "#6"},
				"west": {"uv": [6.23262, 8.60855, 8.04162, 9.63215], "texture": "#6"},
				"up": {"uv": [7.71262, 7.20855, 9.52162, 8.23215], "texture": "#6"},
				"down": {"uv": [6.23262, 8.60855, 8.04162, 9.63215], "texture": "#6"}
			}
		},
		{
			"from": [7.8, 3, 8.1],
			"to": [8, 4.3, 8.9],
			"faces": {
				"north": {"uv": [6.23262, 8.60855, 8.04162, 9.63215], "texture": "#6"},
				"east": {"uv": [6.23262, 8.60855, 8.04162, 9.63215], "texture": "#6"},
				"south": {"uv": [6.23262, 8.60855, 8.04162, 9.63215], "texture": "#6"},
				"west": {"uv": [6.23262, 8.60855, 8.04162, 9.63215], "texture": "#6"},
				"up": {"uv": [7.71262, 7.20855, 9.52162, 8.23215], "texture": "#6"},
				"down": {"uv": [6.23262, 8.60855, 8.04162, 9.63215], "texture": "#6"}
			}
		},
		{
			"from": [7.15, 3, 8.75],
			"to": [7.95, 4.3, 8.95],
			"rotation": {"angle": 0, "axis": "y", "origin": [7.55, 3.85, 8.5]},
			"faces": {
				"north": {"uv": [6.23262, 8.60855, 8.04162, 9.63215], "texture": "#6"},
				"east": {"uv": [6.23262, 8.60855, 8.04162, 9.63215], "texture": "#6"},
				"south": {"uv": [6.23262, 8.60855, 8.04162, 9.63215], "texture": "#6"},
				"west": {"uv": [6.23262, 8.60855, 8.04162, 9.63215], "texture": "#6"},
				"up": {"uv": [7.71262, 7.20855, 9.52162, 8.23215], "texture": "#6"},
				"down": {"uv": [6.23262, 8.60855, 8.04162, 9.63215], "texture": "#6"}
			}
		},
		{
			"from": [7, 3, 8.1],
			"to": [7.2, 4.3, 8.9],
			"faces": {
				"north": {"uv": [6.23262, 8.60855, 8.04162, 9.63215], "texture": "#6"},
				"east": {"uv": [6.23262, 8.60855, 8.04162, 9.63215], "texture": "#6"},
				"south": {"uv": [6.23262, 8.60855, 8.04162, 9.63215], "texture": "#6"},
				"west": {"uv": [6.23262, 8.60855, 8.04162, 9.63215], "texture": "#6"},
				"up": {"uv": [7.71262, 7.20855, 9.52162, 8.23215], "texture": "#6"},
				"down": {"uv": [6.23262, 8.60855, 8.04162, 9.63215], "texture": "#6"}
			}
		},
		{
			"from": [7.4, 0.5, 8.4],
			"to": [7.6, 2.4, 8.6],
			"faces": {
				"north": {"uv": [10.8, 0, 16, 16], "texture": "#0"},
				"east": {"uv": [10.7, 0, 15.9, 16], "texture": "#0"},
				"south": {"uv": [10.7, 0, 15.9, 16], "texture": "#0"},
				"west": {"uv": [10.7, 0, 15.9, 16], "texture": "#0"},
				"up": {"uv": [10.7, 0, 15.9, 16], "texture": "#0"},
				"down": {"uv": [10.8, 0, 16, 16], "texture": "#0"}
			}
		},
		{
			"from": [7.2, 3.6, 7.85],
			"to": [7.9, 4.3, 7.95],
			"rotation": {"angle": 0, "axis": "y", "origin": [7.3, 3.9, 8.5]},
			"faces": {
				"north": {"uv": [1.16709, 2.28411, 13.89861, 13.79664], "texture": "#7"},
				"east": {"uv": [0, 1.70589, 1.94667, 5.58144], "texture": "#7"},
				"south": {"uv": [0.032, 1.60989, 1.97867, 5.48544], "texture": "#7"},
				"west": {"uv": [0.128, 1.51389, 2.07467, 5.38944], "texture": "#7"},
				"up": {"uv": [0.128, 1.51389, 2.07467, 5.38944], "texture": "#7"},
				"down": {"uv": [0.192, 0.42589, 2.13867, 4.30144], "texture": "#7"}
			}
		}
	],
	"display": {
		"thirdperson_righthand": {
			"rotation": [65.75, 0, 0],
			"translation": [1.25, 6, 11],
			"scale": [2, 2, 2]
		},
		"thirdperson_lefthand": {
			"rotation": [68.75, 0, 0],
			"translation": [0, 5.75, 11.25],
			"scale": [2, 2, 2]
		},
		"firstperson_righthand": {
			"translation": [1.5, 11.25, 0],
			"scale": [2, 2, 2]
		},
		"firstperson_lefthand": {
			"translation": [-0.5, 12.25, 0],
			"scale": [2, 2, 2]
		},
		"ground": {
			"translation": [1.5, 11.5, -1.5],
			"scale": [2, 2, 2]
		},
		"gui": {
			"translation": [1.75, 16, 0],
			"scale": [3, 3, 3]
		},
		"head": {
			"translation": [1, 21.75, -1.5],
			"scale": [2, 2, 2]
		},
		"fixed": {
			"translation": [1.75, 17, -4],
			"scale": [3, 3, 3]
		}
	}
}