{
	"credit": "Made with Blockbench",
	"textures": {
		"0": "block/redstone_block",
		"1": "block/gold_block",
		"2": "block/black_concrete",
		"3": "block/humo",
		"4": "block/black_glazed_terracotta",
		"5": "block/anvil_top",
		"particle": "block/redstone_block"
	},
	"elements": [
		{
			"from": [8.6, 13.3, 7],
			"to": [9.5, 14.4, 8],
			"rotation": {"angle": 0, "axis": "y", "origin": [0, -2.8, 0]},
			"faces": {
				"north": {"uv": [10, 0, 12.9, 7], "texture": "#4"},
				"east": {"uv": [10, 0, 12.9, 7], "texture": "#4"},
				"south": {"uv": [10, 0, 12.9, 7], "texture": "#4"},
				"west": {"uv": [10, 0, 12.9, 7], "texture": "#4"},
				"up": {"uv": [10, 0, 12.9, 7], "texture": "#4"},
				"down": {"uv": [10, 0, 12.9, 7], "texture": "#4"}
			}
		},
		{
			"from": [8.6, 12.3, 7],
			"to": [9.5, 13.4, 8],
			"rotation": {"angle": 0, "axis": "y", "origin": [0, -2.8, 0]},
			"faces": {
				"north": {"uv": [8, 0, 13.9, 6], "texture": "#4"},
				"east": {"uv": [10, 0, 12.9, 7], "texture": "#4"},
				"south": {"uv": [10, 0, 12.9, 7], "texture": "#4"},
				"west": {"uv": [10, 0, 12.9, 7], "texture": "#4"},
				"up": {"uv": [10, 0, 12.9, 7], "texture": "#4"},
				"down": {"uv": [10, 0, 12.9, 7], "texture": "#4"}
			}
		},
		{
			"from": [8.6, 11.2, 7],
			"to": [9.5, 12.3, 8],
			"rotation": {"angle": 0, "axis": "y", "origin": [0, -2.8, 0]},
			"faces": {
				"north": {"uv": [8, 0, 13.9, 6], "texture": "#4"},
				"east": {"uv": [10, 0, 12.9, 7], "texture": "#4"},
				"south": {"uv": [10, 0, 12.9, 7], "texture": "#4"},
				"west": {"uv": [10, 0, 12.9, 7], "texture": "#4"},
				"up": {"uv": [10, 0, 12.9, 7], "texture": "#4"},
				"down": {"uv": [10, 0, 12.9, 7], "texture": "#4"}
			}
		},
		{
			"from": [8.6, 10.1, 7],
			"to": [9.5, 11.2, 8],
			"rotation": {"angle": 0, "axis": "y", "origin": [0, -2.8, 0]},
			"faces": {
				"north": {"uv": [8, 0, 13.9, 6], "texture": "#4"},
				"east": {"uv": [10, 0, 12.9, 7], "texture": "#4"},
				"south": {"uv": [10, 0, 12.9, 7], "texture": "#4"},
				"west": {"uv": [10, 0, 12.9, 7], "texture": "#4"},
				"up": {"uv": [10, 0, 12.9, 7], "texture": "#4"},
				"down": {"uv": [10, 0, 12.9, 7], "texture": "#4"}
			}
		},
		{
			"from": [8.6, 9, 7],
			"to": [9.5, 10.1, 8],
			"rotation": {"angle": 0, "axis": "y", "origin": [0, -2.8, 0]},
			"faces": {
				"north": {"uv": [8, 0, 13.9, 6], "texture": "#4"},
				"east": {"uv": [10, 0, 12.9, 7], "texture": "#4"},
				"south": {"uv": [10, 0, 12.9, 7], "texture": "#4"},
				"west": {"uv": [10, 0, 12.9, 7], "texture": "#4"},
				"up": {"uv": [10, 0, 12.9, 7], "texture": "#4"},
				"down": {"uv": [10, 0, 12.9, 7], "texture": "#4"}
			}
		},
		{
			"from": [8.6, 7.9, 7],
			"to": [9.5, 9, 8],
			"rotation": {"angle": 0, "axis": "y", "origin": [0, -2.8, 0]},
			"faces": {
				"north": {"uv": [8, 0, 13.9, 6], "texture": "#4"},
				"east": {"uv": [10, 0, 12.9, 7], "texture": "#4"},
				"south": {"uv": [10, 0, 12.9, 7], "texture": "#4"},
				"west": {"uv": [10, 0, 12.9, 7], "texture": "#4"},
				"up": {"uv": [10, 0, 12.9, 7], "texture": "#4"},
				"down": {"uv": [10, 0, 12.9, 7], "texture": "#4"}
			}
		},
		{
			"from": [8.6, 6.8, 7],
			"to": [9.5, 7.9, 8],
			"rotation": {"angle": 0, "axis": "y", "origin": [0, -2.8, 0]},
			"faces": {
				"north": {"uv": [8, 0, 13.9, 6], "texture": "#4"},
				"east": {"uv": [10, 0, 12.9, 7], "texture": "#4"},
				"south": {"uv": [10, 0, 12.9, 7], "texture": "#4"},
				"west": {"uv": [10, 0, 12.9, 7], "texture": "#4"},
				"up": {"uv": [10, 0, 12.9, 7], "texture": "#4"},
				"down": {"uv": [10, 0, 12.9, 7], "texture": "#4"}
			}
		},
		{
			"from": [8.6, 5.7, 7],
			"to": [9.5, 6.8, 8],
			"rotation": {"angle": 0, "axis": "y", "origin": [0, -2.8, 0]},
			"faces": {
				"north": {"uv": [8, 0, 13.9, 6], "texture": "#4"},
				"east": {"uv": [10, 0, 12.9, 7], "texture": "#4"},
				"south": {"uv": [10, 0, 12.9, 7], "texture": "#4"},
				"west": {"uv": [10, 0, 12.9, 7], "texture": "#4"},
				"up": {"uv": [10, 0, 12.9, 7], "texture": "#4"},
				"down": {"uv": [10, 0, 12.9, 7], "texture": "#4"}
			}
		},
		{
			"from": [8.6, 2.4, 7],
			"to": [9.5, 3.5, 8],
			"rotation": {"angle": 0, "axis": "y", "origin": [0, -2.8, 0]},
			"faces": {
				"north": {"uv": [8, 0, 13.9, 6], "texture": "#4"},
				"east": {"uv": [10, 0, 12.9, 7], "texture": "#4"},
				"south": {"uv": [10, 0, 12.9, 7], "texture": "#4"},
				"west": {"uv": [10, 0, 12.9, 7], "texture": "#4"},
				"up": {"uv": [10, 0, 12.9, 7], "texture": "#4"},
				"down": {"uv": [10, 0, 12.9, 7], "texture": "#4"}
			}
		},
		{
			"from": [8.6, 3.5, 7],
			"to": [9.5, 4.6, 8],
			"rotation": {"angle": 0, "axis": "y", "origin": [0, -2.8, 0]},
			"faces": {
				"north": {"uv": [8, 0, 13.9, 6], "texture": "#4"},
				"east": {"uv": [10, 0, 12.9, 7], "texture": "#4"},
				"south": {"uv": [10, 0, 12.9, 7], "texture": "#4"},
				"west": {"uv": [10, 0, 12.9, 7], "texture": "#4"},
				"up": {"uv": [10, 0, 12.9, 7], "texture": "#4"},
				"down": {"uv": [10, 0, 12.9, 7], "texture": "#4"}
			}
		},
		{
			"from": [8.6, 4.6, 7],
			"to": [9.5, 5.7, 8],
			"rotation": {"angle": 0, "axis": "y", "origin": [0, -2.8, 0]},
			"faces": {
				"north": {"uv": [8, 0, 13.9, 6], "texture": "#4"},
				"east": {"uv": [10, 0, 12.9, 7], "texture": "#4"},
				"south": {"uv": [10, 0, 12.9, 7], "texture": "#4"},
				"west": {"uv": [10, 0, 12.9, 7], "texture": "#4"},
				"up": {"uv": [10, 0, 12.9, 7], "texture": "#4"},
				"down": {"uv": [10, 0, 12.9, 7], "texture": "#4"}
			}
		},
		{
			"from": [8.6, -0.9, 7],
			"to": [9.5, 0.2, 8],
			"rotation": {"angle": 0, "axis": "y", "origin": [0, -2.8, 0]},
			"faces": {
				"north": {"uv": [8, 0, 13.9, 6], "texture": "#4"},
				"east": {"uv": [10, 0, 12.9, 7], "texture": "#4"},
				"south": {"uv": [10, 0, 12.9, 7], "texture": "#4"},
				"west": {"uv": [10, 0, 12.9, 7], "texture": "#4"},
				"up": {"uv": [10, 0, 12.9, 7], "texture": "#4"},
				"down": {"uv": [10, 0, 12.9, 7], "texture": "#4"}
			}
		},
		{
			"from": [8.6, -2, 7],
			"to": [9.5, -0.9, 8],
			"rotation": {"angle": 0, "axis": "y", "origin": [0, -2.8, 0]},
			"faces": {
				"north": {"uv": [8, 0, 13.9, 6], "texture": "#4"},
				"east": {"uv": [10, 0, 12.9, 7], "texture": "#4"},
				"south": {"uv": [10, 0, 12.9, 7], "texture": "#4"},
				"west": {"uv": [10, 0, 12.9, 7], "texture": "#4"},
				"up": {"uv": [10, 0, 12.9, 7], "texture": "#4"},
				"down": {"uv": [10, 0, 12.9, 7], "texture": "#4"}
			}
		},
		{
			"from": [8.6, -2.7, 7],
			"to": [9.5, -2, 8],
			"rotation": {"angle": 0, "axis": "y", "origin": [0, -2.8, 0]},
			"faces": {
				"north": {"uv": [8, 0, 13.9, 6], "texture": "#4"},
				"east": {"uv": [10, 0, 12.9, 7], "texture": "#4"},
				"south": {"uv": [10, 0, 12.9, 7], "texture": "#4"},
				"west": {"uv": [10, 0, 12.9, 7], "texture": "#4"},
				"up": {"uv": [10, 0, 12.9, 7], "texture": "#4"},
				"down": {"uv": [10, 0, 12.9, 7], "texture": "#4"}
			}
		},
		{
			"from": [8.6, 0.2, 7],
			"to": [9.5, 1.3, 8],
			"rotation": {"angle": 0, "axis": "y", "origin": [0, -2.8, 0]},
			"faces": {
				"north": {"uv": [8, 0, 13.9, 6], "texture": "#4"},
				"east": {"uv": [10, 0, 12.9, 7], "texture": "#4"},
				"south": {"uv": [10, 0, 12.9, 7], "texture": "#4"},
				"west": {"uv": [10, 0, 12.9, 7], "texture": "#4"},
				"up": {"uv": [10, 0, 12.9, 7], "texture": "#4"},
				"down": {"uv": [10, 0, 12.9, 7], "texture": "#4"}
			}
		},
		{
			"from": [8.6, 1.3, 7],
			"to": [9.5, 2.4, 8],
			"rotation": {"angle": 0, "axis": "y", "origin": [0, -2.8, 0]},
			"faces": {
				"north": {"uv": [8, 0, 13.9, 6], "texture": "#4"},
				"east": {"uv": [10, 0, 12.9, 7], "texture": "#4"},
				"south": {"uv": [10, 0, 12.9, 7], "texture": "#4"},
				"west": {"uv": [10, 0, 12.9, 7], "texture": "#4"},
				"up": {"uv": [10, 0, 12.9, 7], "texture": "#4"},
				"down": {"uv": [10, 0, 12.9, 7], "texture": "#4"}
			}
		},
		{
			"from": [8.6, -0.9, 7],
			"to": [9.5, 0.2, 8],
			"rotation": {"angle": 0, "axis": "y", "origin": [0, -2.8, 0]},
			"faces": {
				"north": {"uv": [8, 0, 13.9, 6], "texture": "#4"},
				"east": {"uv": [10, 0, 12.9, 7], "texture": "#4"},
				"south": {"uv": [10, 0, 12.9, 7], "texture": "#4"},
				"west": {"uv": [10, 0, 12.9, 7], "texture": "#4"},
				"up": {"uv": [10, 0, 12.9, 7], "texture": "#4"},
				"down": {"uv": [10, 0, 12.9, 7], "texture": "#4"}
			}
		},
		{
			"from": [8.6, 0.2, 7],
			"to": [9.5, 1.3, 8],
			"rotation": {"angle": 0, "axis": "y", "origin": [0, -2.8, 0]},
			"faces": {
				"north": {"uv": [8, 0, 13.9, 6], "texture": "#4"},
				"east": {"uv": [10, 0, 12.9, 7], "texture": "#4"},
				"south": {"uv": [10, 0, 12.9, 7], "texture": "#4"},
				"west": {"uv": [10, 0, 12.9, 7], "texture": "#4"},
				"up": {"uv": [10, 0, 12.9, 7], "texture": "#4"},
				"down": {"uv": [10, 0, 12.9, 7], "texture": "#4"}
			}
		},
		{
			"from": [8.6, 1.3, 7],
			"to": [9.5, 2.4, 8],
			"rotation": {"angle": 0, "axis": "y", "origin": [0, -2.8, 0]},
			"faces": {
				"north": {"uv": [8, 0, 13.9, 6], "texture": "#4"},
				"east": {"uv": [10, 0, 12.9, 7], "texture": "#4"},
				"south": {"uv": [10, 0, 12.9, 7], "texture": "#4"},
				"west": {"uv": [10, 0, 12.9, 7], "texture": "#4"},
				"up": {"uv": [10, 0, 12.9, 7], "texture": "#4"},
				"down": {"uv": [10, 0, 12.9, 7], "texture": "#4"}
			}
		},
		{
			"from": [8.3, -2.8, 6.7],
			"to": [9.8, -2.4, 8.3],
			"rotation": {"angle": 0, "axis": "y", "origin": [0, -2.8, 0]},
			"faces": {
				"north": {"uv": [0, 0, 16, 16], "texture": "#1"},
				"east": {"uv": [0, 0, 16, 16], "texture": "#1"},
				"south": {"uv": [0, 0, 16, 16], "texture": "#1"},
				"west": {"uv": [0, 0, 16, 16], "texture": "#1"},
				"up": {"uv": [0, 0, 16, 16], "texture": "#1"},
				"down": {"uv": [0, 0, 16, 16], "texture": "#1"}
			}
		},
		{
			"from": [8.5, -3.1, 7],
			"to": [9.5, -2.8, 8],
			"rotation": {"angle": 0, "axis": "y", "origin": [0, -2.8, 0]},
			"faces": {
				"north": {"uv": [0, 0, 16, 16], "texture": "#1"},
				"east": {"uv": [0, 0, 16, 16], "texture": "#1"},
				"south": {"uv": [0, 0, 16, 16], "texture": "#1"},
				"west": {"uv": [0, 0, 16, 16], "texture": "#1"},
				"up": {"uv": [0, 0, 16, 16], "texture": "#1"},
				"down": {"uv": [0, 0, 16, 16], "texture": "#1"}
			}
		},
		{
			"from": [8.3, -3.4, 6.7],
			"to": [9.8, -3.1, 8.3],
			"rotation": {"angle": 0, "axis": "y", "origin": [0, -2.8, 0]},
			"faces": {
				"north": {"uv": [0, 0, 16, 16], "texture": "#1"},
				"east": {"uv": [0, 0, 16, 16], "texture": "#1"},
				"south": {"uv": [0, 0, 16, 16], "texture": "#1"},
				"west": {"uv": [0, 0, 16, 16], "texture": "#1"},
				"up": {"uv": [0, 0, 16, 16], "texture": "#1"},
				"down": {"uv": [0, 0, 16, 16], "texture": "#1"}
			}
		},
		{
			"from": [8.4, -3.6, 6.8],
			"to": [9.7, -3.4, 8.2],
			"rotation": {"angle": 0, "axis": "y", "origin": [0, -2.8, 0]},
			"faces": {
				"north": {"uv": [0, 0, 16, 16], "texture": "#1"},
				"east": {"uv": [0, 0, 16, 16], "texture": "#1"},
				"south": {"uv": [0, 0, 16, 16], "texture": "#1"},
				"west": {"uv": [0, 0, 16, 16], "texture": "#1"},
				"up": {"uv": [0, 0, 16, 16], "texture": "#1"},
				"down": {"uv": [0, 0, 16, 16], "texture": "#1"}
			}
		},
		{
			"from": [8.5, -3.8, 6.9],
			"to": [9.6, -3.6, 8.1],
			"rotation": {"angle": 0, "axis": "y", "origin": [0, -2.8, 0]},
			"faces": {
				"north": {"uv": [0, 0, 16, 16], "texture": "#1"},
				"east": {"uv": [0, 0, 16, 16], "texture": "#1"},
				"south": {"uv": [0, 0, 16, 16], "texture": "#1"},
				"west": {"uv": [0, 0, 16, 16], "texture": "#1"},
				"up": {"uv": [0, 0, 16, 16], "texture": "#1"},
				"down": {"uv": [0, 0, 16, 16], "texture": "#1"}
			}
		},
		{
			"from": [8.7, -4.4, 7.1],
			"to": [9.4, -3.8, 7.9],
			"rotation": {"angle": 0, "axis": "y", "origin": [0, -2.8, 0]},
			"faces": {
				"north": {"uv": [0, 0, 16, 16], "texture": "#1"},
				"east": {"uv": [0, 0, 16, 16], "texture": "#1"},
				"south": {"uv": [0, 0, 16, 16], "texture": "#1"},
				"west": {"uv": [0, 0, 16, 16], "texture": "#1"},
				"up": {"uv": [0, 0, 16, 16], "texture": "#1"},
				"down": {"uv": [0, 0, 16, 16], "texture": "#1"}
			}
		},
		{
			"from": [8.8, -5, 7.3],
			"to": [9.3, -4.4, 7.7],
			"rotation": {"angle": 0, "axis": "y", "origin": [0, -2.8, 0]},
			"faces": {
				"north": {"uv": [0, 0, 16, 16], "texture": "#1"},
				"east": {"uv": [0, 0, 16, 16], "texture": "#1"},
				"south": {"uv": [0, 0, 16, 16], "texture": "#1"},
				"west": {"uv": [0, 0, 16, 16], "texture": "#1"},
				"up": {"uv": [0, 0, 16, 16], "texture": "#1"},
				"down": {"uv": [0, 0, 16, 16], "texture": "#1"}
			}
		},
		{
			"from": [8.9, -5.6, 7.4],
			"to": [9.2, -5, 7.6],
			"rotation": {"angle": 0, "axis": "y", "origin": [0, -2.8, 0]},
			"faces": {
				"north": {"uv": [0, 0, 16, 16], "texture": "#1"},
				"east": {"uv": [0, 0, 16, 16], "texture": "#1"},
				"south": {"uv": [0, 0, 16, 16], "texture": "#1"},
				"west": {"uv": [0, 0, 16, 16], "texture": "#1"},
				"up": {"uv": [0, 0, 16, 16], "texture": "#1"},
				"down": {"uv": [0, 0, 16, 16], "texture": "#1"}
			}
		},
		{
			"from": [8.4, -3.2, 6.8],
			"to": [9.7, -3, 8.2],
			"rotation": {"angle": 0, "axis": "y", "origin": [0, -2.8, 0]},
			"faces": {
				"north": {"uv": [0, 0, 16, 16], "texture": "#1"},
				"east": {"uv": [0, 0, 16, 16], "texture": "#1"},
				"south": {"uv": [0, 0, 16, 16], "texture": "#1"},
				"west": {"uv": [0, 0, 16, 16], "texture": "#1"},
				"up": {"uv": [0, 0, 16, 16], "texture": "#1"},
				"down": {"uv": [0, 0, 16, 16], "texture": "#1"}
			}
		},
		{
			"from": [8.5, 14.4, 7],
			"to": [9.6, 24.6, 8],
			"rotation": {"angle": 0, "axis": "y", "origin": [0, -2.8, 0]},
			"faces": {
				"north": {"uv": [7, 6, 9.9, 11], "texture": "#1"},
				"east": {"uv": [7, 6, 9.9, 11], "texture": "#1"},
				"south": {"uv": [7, 6, 9.9, 11], "texture": "#1"},
				"west": {"uv": [7, 6, 9.9, 11], "texture": "#1"},
				"up": {"uv": [7, 6, 9.9, 11], "texture": "#1"},
				"down": {"uv": [7, 6, 9.9, 11], "texture": "#1"}
			}
		},
		{
			"from": [8.3, 15, 7.3],
			"to": [9.8, 15.5, 7.8],
			"rotation": {"angle": 45, "axis": "x", "origin": [9.05, 15.25, 7.25]},
			"faces": {
				"north": {"uv": [2, 7, 2.9, 8], "rotation": 90, "texture": "#1"},
				"east": {"uv": [2, 7, 2.9, 8], "rotation": 90, "texture": "#1"},
				"south": {"uv": [2, 7, 2.9, 8], "rotation": 90, "texture": "#1"},
				"west": {"uv": [2, 7, 2.9, 8], "rotation": 90, "texture": "#1"},
				"up": {"uv": [2, 7, 2.9, 8], "rotation": 90, "texture": "#1"},
				"down": {"uv": [2, 7, 2.9, 8], "rotation": 90, "texture": "#1"}
			}
		},
		{
			"from": [8.3, 16, 6.3],
			"to": [9.8, 16.5, 6.8],
			"rotation": {"angle": 45, "axis": "x", "origin": [9.05, 15.25, 7.25]},
			"faces": {
				"north": {"uv": [2, 7, 2.9, 8], "rotation": 90, "texture": "#1"},
				"east": {"uv": [2, 7, 2.9, 8], "rotation": 90, "texture": "#1"},
				"south": {"uv": [2, 7, 2.9, 8], "rotation": 90, "texture": "#1"},
				"west": {"uv": [2, 7, 2.9, 8], "rotation": 90, "texture": "#1"},
				"up": {"uv": [2, 7, 2.9, 8], "rotation": 90, "texture": "#1"},
				"down": {"uv": [2, 7, 2.9, 8], "rotation": 90, "texture": "#1"}
			}
		},
		{
			"from": [8.3, 16.9, 5.4],
			"to": [9.8, 17.4, 5.9],
			"rotation": {"angle": 45, "axis": "x", "origin": [9.05, 15.25, 7.25]},
			"faces": {
				"north": {"uv": [2, 7, 2.9, 8], "rotation": 90, "texture": "#1"},
				"east": {"uv": [2, 7, 2.9, 8], "rotation": 90, "texture": "#1"},
				"south": {"uv": [2, 7, 2.9, 8], "rotation": 90, "texture": "#1"},
				"west": {"uv": [2, 7, 2.9, 8], "rotation": 90, "texture": "#1"},
				"up": {"uv": [2, 7, 2.9, 8], "rotation": 90, "texture": "#1"},
				"down": {"uv": [2, 7, 2.9, 8], "rotation": 90, "texture": "#1"}
			}
		},
		{
			"from": [8.3, 17.7, 4.6],
			"to": [9.8, 18.2, 5.1],
			"rotation": {"angle": 45, "axis": "x", "origin": [9.05, 15.25, 7.25]},
			"faces": {
				"north": {"uv": [2, 7, 2.9, 8], "rotation": 90, "texture": "#1"},
				"east": {"uv": [2, 7, 2.9, 8], "rotation": 90, "texture": "#1"},
				"south": {"uv": [2, 7, 2.9, 8], "rotation": 90, "texture": "#1"},
				"west": {"uv": [2, 7, 2.9, 8], "rotation": 90, "texture": "#1"},
				"up": {"uv": [2, 7, 2.9, 8], "rotation": 90, "texture": "#1"},
				"down": {"uv": [2, 7, 2.9, 8], "rotation": 90, "texture": "#1"}
			}
		},
		{
			"from": [8.6, 23.6, 8],
			"to": [9.5, 24.6, 9],
			"rotation": {"angle": 0, "axis": "y", "origin": [0, -2.8, 0]},
			"faces": {
				"north": {"uv": [7, 6, 9.9, 9.8], "texture": "#1"},
				"east": {"uv": [7, 6, 9.9, 9.8], "texture": "#1"},
				"south": {"uv": [7, 6, 9.9, 9.8], "texture": "#1"},
				"west": {"uv": [7, 6, 9.9, 9.8], "texture": "#1"},
				"up": {"uv": [7, 6, 9.9, 9.8], "texture": "#1"},
				"down": {"uv": [7, 6, 9.9, 9.8], "texture": "#1"}
			}
		},
		{
			"from": [8.6, 23.6, 6],
			"to": [9.5, 24.6, 7],
			"rotation": {"angle": 0, "axis": "y", "origin": [0, -2.8, 0]},
			"faces": {
				"north": {"uv": [7, 6, 9.9, 9.8], "texture": "#1"},
				"east": {"uv": [7, 6, 9.9, 9.8], "texture": "#1"},
				"south": {"uv": [7, 6, 9.9, 9.8], "texture": "#1"},
				"west": {"uv": [7, 6, 9.9, 9.8], "texture": "#1"},
				"up": {"uv": [7, 6, 9.9, 9.8], "texture": "#1"},
				"down": {"uv": [7, 6, 9.9, 9.8], "texture": "#1"}
			}
		},
		{
			"from": [8.6, 25.2, 7],
			"to": [9.5, 26.2, 8],
			"rotation": {"angle": 0, "axis": "y", "origin": [0, -2.8, 0]},
			"faces": {
				"north": {"uv": [3, 2, 10, 8], "texture": "#1"},
				"east": {"uv": [3, 2, 10, 8], "texture": "#1"},
				"south": {"uv": [3, 2, 10, 8], "texture": "#1"},
				"west": {"uv": [3, 2, 10, 8], "texture": "#1"},
				"up": {"uv": [3, 2, 10, 8], "texture": "#1"},
				"down": {"uv": [3, 2, 10, 8], "texture": "#1"}
			}
		},
		{
			"from": [8.9, 26.2, 6.9],
			"to": [9.2, 27.1, 8.1],
			"rotation": {"angle": 0, "axis": "y", "origin": [0, -2.8, 0]},
			"faces": {
				"north": {"uv": [0, 0, 1.2, 0.9], "texture": "#2"},
				"east": {"uv": [0, 0, 1.2, 0.9], "texture": "#2"},
				"south": {"uv": [0, 0, 1.2, 0.9], "texture": "#2"},
				"west": {"uv": [0, 0, 1.2, 0.9], "texture": "#2"},
				"up": {"uv": [0, 0, 1.2, 0.9], "texture": "#2"},
				"down": {"uv": [0, 0, 1.2, 0.9], "texture": "#2"}
			}
		},
		{
			"from": [8.8, 27.1, 7.1],
			"to": [9.3, 27.4, 7.9],
			"rotation": {"angle": 0, "axis": "y", "origin": [0, -2.8, 0]},
			"faces": {
				"north": {"uv": [0, 0, 0.8, 0.3], "texture": "#2"},
				"east": {"uv": [0, 0, 0.8, 0.3], "texture": "#2"},
				"south": {"uv": [0, 0, 0.8, 0.3], "texture": "#2"},
				"west": {"uv": [0, 0, 0.8, 0.3], "texture": "#2"},
				"up": {"uv": [0, 0, 0.8, 0.3], "texture": "#2"},
				"down": {"uv": [0, 0, 0.8, 0.3], "texture": "#2"}
			}
		},
		{
			"from": [8.8, 26.2, 7.9],
			"to": [9.3, 27.2, 8],
			"rotation": {"angle": 0, "axis": "y", "origin": [0, -2.8, 0]},
			"faces": {
				"north": {"uv": [0, 0, 0.1, 1], "texture": "#2"},
				"east": {"uv": [0, 0, 0.1, 1], "texture": "#2"},
				"south": {"uv": [0, 0, 0.1, 1], "texture": "#2"},
				"west": {"uv": [0, 0, 0.1, 1], "texture": "#2"},
				"up": {"uv": [0, 0, 0.1, 1], "texture": "#2"},
				"down": {"uv": [0, 0, 0.1, 1], "texture": "#2"}
			}
		},
		{
			"from": [8.8, 26.2, 7],
			"to": [9.3, 27.2, 7.1],
			"rotation": {"angle": 0, "axis": "y", "origin": [0, -2.8, 0]},
			"faces": {
				"north": {"uv": [0, 0, 0.1, 1], "texture": "#2"},
				"east": {"uv": [0, 0, 0.1, 1], "texture": "#2"},
				"south": {"uv": [0, 0, 0.1, 1], "texture": "#2"},
				"west": {"uv": [0, 0, 0.1, 1], "texture": "#2"},
				"up": {"uv": [0, 0, 0.1, 1], "texture": "#2"},
				"down": {"uv": [0, 0, 0.1, 1], "texture": "#2"}
			}
		},
		{
			"from": [8.9, 27.4, 7.3],
			"to": [9.2, 27.7, 7.7],
			"rotation": {"angle": 0, "axis": "y", "origin": [0, -2.8, 0]},
			"faces": {
				"north": {"uv": [0, 0, 0.4, 0.3], "texture": "#2"},
				"east": {"uv": [0, 0, 0.4, 0.3], "texture": "#2"},
				"south": {"uv": [0, 0, 0.4, 0.3], "texture": "#2"},
				"west": {"uv": [0, 0, 0.4, 0.3], "texture": "#2"},
				"up": {"uv": [0, 0, 0.4, 0.3], "texture": "#2"},
				"down": {"uv": [0, 0, 0.4, 0.3], "texture": "#2"}
			}
		},
		{
			"from": [8.9, 27.7, 7.4],
			"to": [9.2, 28.1, 7.6],
			"rotation": {"angle": 0, "axis": "y", "origin": [0, -2.8, 0]},
			"faces": {
				"north": {"uv": [0, 0, 0.2, 0.4], "texture": "#2"},
				"east": {"uv": [0, 0, 0.2, 0.4], "texture": "#2"},
				"south": {"uv": [0, 0, 0.2, 0.4], "texture": "#2"},
				"west": {"uv": [0, 0, 0.2, 0.4], "texture": "#2"},
				"up": {"uv": [0, 0, 0.2, 0.4], "texture": "#2"},
				"down": {"uv": [0, 0, 0.2, 0.4], "texture": "#2"}
			}
		},
		{
			"from": [8.6, 23.2, 6.6],
			"to": [9.5, 23.6, 7],
			"rotation": {"angle": 0, "axis": "y", "origin": [0, -2.8, 0]},
			"faces": {
				"north": {"uv": [7, 6, 9.3, 9.8], "texture": "#1"},
				"east": {"uv": [7, 6, 9.3, 9.8], "texture": "#1"},
				"south": {"uv": [7, 6, 9.3, 9.8], "texture": "#1"},
				"west": {"uv": [7, 6, 9.3, 9.8], "texture": "#1"},
				"up": {"uv": [7, 6, 9.3, 9.8], "texture": "#1"},
				"down": {"uv": [7, 6, 9.3, 9.8], "texture": "#1"}
			}
		},
		{
			"from": [8.6, 23.2, 8],
			"to": [9.5, 23.6, 8.4],
			"rotation": {"angle": 0, "axis": "y", "origin": [0, -2.8, 0]},
			"faces": {
				"north": {"uv": [7, 6, 9.3, 9.8], "texture": "#1"},
				"east": {"uv": [7, 6, 9.3, 9.8], "texture": "#1"},
				"south": {"uv": [7, 6, 9.3, 9.8], "texture": "#1"},
				"west": {"uv": [7, 6, 9.3, 9.8], "texture": "#1"},
				"up": {"uv": [7, 6, 9.3, 9.8], "texture": "#1"},
				"down": {"uv": [7, 6, 9.3, 9.8], "texture": "#1"}
			}
		},
		{
			"from": [8.4, 14.35, 6.9],
			"to": [9.7, 19.55, 8.1],
			"rotation": {"angle": 0, "axis": "y", "origin": [0, -2.8, 0]},
			"faces": {
				"north": {"uv": [7, 4, 8.2, 9.2], "texture": "#5"},
				"east": {"uv": [7, 4, 8.2, 9.2], "texture": "#5"},
				"south": {"uv": [7, 4, 8.2, 9.2], "texture": "#5"},
				"west": {"uv": [7, 4, 8.2, 9.2], "texture": "#5"},
				"up": {"uv": [7, 4, 8.2, 9.2], "texture": "#5"},
				"down": {"uv": [7, 4, 8.2, 9.2], "texture": "#5"}
			}
		},
		{
			"from": [9.3, 24.55, 7.2],
			"to": [9.7, 25.55, 7.8],
			"rotation": {"angle": 0, "axis": "y", "origin": [0, -2.8, 0]},
			"faces": {
				"north": {"uv": [1, 2, 13, 13], "texture": "#1"},
				"east": {"uv": [1, 2, 13, 13], "texture": "#1"},
				"south": {"uv": [1, 2, 13, 13], "texture": "#1"},
				"west": {"uv": [1, 2, 13, 13], "texture": "#1"},
				"up": {"uv": [1, 2, 13, 13], "texture": "#1"},
				"down": {"uv": [1, 2, 13, 13], "texture": "#1"}
			}
		},
		{
			"from": [8.4, 24.55, 7.2],
			"to": [8.8, 25.55, 7.8],
			"rotation": {"angle": 0, "axis": "y", "origin": [0, -2.8, 0]},
			"faces": {
				"north": {"uv": [1, 1, 6, 6], "texture": "#1"},
				"east": {"uv": [1, 1, 6, 6], "texture": "#1"},
				"south": {"uv": [1, 1, 6, 6], "texture": "#1"},
				"west": {"uv": [1, 1, 6, 6], "texture": "#1"},
				"up": {"uv": [1, 1, 6, 6], "texture": "#1"},
				"down": {"uv": [1, 1, 6, 6], "texture": "#1"}
			}
		},
		{
			"from": [8.75, 24.55, 6.9],
			"to": [9.35, 25.55, 7.3],
			"rotation": {"angle": 0, "axis": "y", "origin": [8.6, 25.05, 6.8]},
			"faces": {
				"north": {"uv": [1, 2, 13, 13], "texture": "#1"},
				"east": {"uv": [1, 2, 13, 13], "texture": "#1"},
				"south": {"uv": [1, 2, 13, 13], "texture": "#1"},
				"west": {"uv": [1, 2, 13, 13], "texture": "#1"},
				"up": {"uv": [1, 2, 13, 13], "texture": "#1"},
				"down": {"uv": [1, 2, 13, 13], "texture": "#1"}
			}
		},
		{
			"from": [8.75, 24.55, 7.75],
			"to": [9.35, 25.55, 8.15],
			"rotation": {"angle": 0, "axis": "y", "origin": [8.6, 25.05, 6.8]},
			"faces": {
				"north": {"uv": [1, 2, 13, 13], "texture": "#1"},
				"east": {"uv": [1, 2, 13, 13], "texture": "#1"},
				"south": {"uv": [1, 2, 13, 13], "texture": "#1"},
				"west": {"uv": [1, 2, 13, 13], "texture": "#1"},
				"up": {"uv": [1, 2, 13, 13], "texture": "#1"},
				"down": {"uv": [1, 2, 13, 13], "texture": "#1"}
			}
		},
		{
			"from": [8.8, 26.5, 7.25],
			"to": [9.3, 27, 7.75],
			"rotation": {"angle": 0, "axis": "y", "origin": [0, -2.8, 0]},
			"faces": {
				"north": {"uv": [3, 2, 7.5, 7.5], "texture": "#0"},
				"east": {"uv": [3, 2, 7.5, 7.5], "texture": "#0"},
				"south": {"uv": [3, 2, 7.5, 7.5], "texture": "#0"},
				"west": {"uv": [3, 2, 7.5, 7.5], "texture": "#0"},
				"up": {"uv": [3, 2, 7.5, 7.5], "texture": "#0"},
				"down": {"uv": [3, 2, 7.5, 7.5], "texture": "#0"}
			}
		},
		{
			"from": [8.9, 25, 8.1],
			"to": [9.2, 25.5, 9],
			"rotation": {"angle": 0, "axis": "y", "origin": [0, -2.3, 0]},
			"faces": {
				"north": {"uv": [0, 0, 0.9, 0.5], "texture": "#0"},
				"east": {"uv": [0, 0, 0.9, 0.5], "texture": "#0"},
				"south": {"uv": [0, 0, 0.9, 0.5], "texture": "#0"},
				"west": {"uv": [0, 0, 0.9, 0.5], "texture": "#0"},
				"up": {"uv": [0, 0, 0.9, 0.5], "texture": "#0"},
				"down": {"uv": [0, 0, 0.9, 0.5], "texture": "#0"}
			}
		},
		{
			"from": [9, 24.6, 8.1],
			"to": [9.1, 25, 8.8],
			"rotation": {"angle": 0, "axis": "y", "origin": [0, -2.3, 0]},
			"faces": {
				"north": {"uv": [0, 0, 15.7, 16], "texture": "#2"},
				"east": {"uv": [0, 0, 15.7, 16], "texture": "#2"},
				"south": {"uv": [0, 0, 15.7, 16], "texture": "#2"},
				"west": {"uv": [0, 0, 15.7, 16], "texture": "#2"},
				"up": {"uv": [0, 0, 15.7, 16], "texture": "#2"},
				"down": {"uv": [0, 0, 15.7, 16], "texture": "#2"}
			}
		},
		{
			"from": [9, 24.6, 8.1],
			"to": [9.1, 25, 8.8],
			"rotation": {"angle": 0, "axis": "y", "origin": [0, -2.3, 0]},
			"color": 2,
			"faces": {
				"north": {"uv": [0, 0, 0.1, 0.4], "texture": "#missing"},
				"east": {"uv": [0, 0, 0.7, 0.4], "texture": "#missing"},
				"south": {"uv": [0, 0, 0.1, 0.4], "texture": "#missing"},
				"west": {"uv": [0, 0, 0.7, 0.4], "texture": "#missing"},
				"up": {"uv": [0, 0, 0.1, 0.7], "texture": "#missing"},
				"down": {"uv": [0, 0, 0.1, 0.7], "texture": "#missing"}
			}
		},
		{
			"from": [9, 24.9, 8.6],
			"to": [9.1, 25.3, 9.3],
			"rotation": {"angle": 0, "axis": "y", "origin": [0, -2.3, 0]},
			"faces": {
				"north": {"uv": [0, 0, 15.7, 16], "texture": "#2"},
				"east": {"uv": [0, 0, 15.7, 16], "texture": "#2"},
				"south": {"uv": [0, 0, 15.7, 16], "texture": "#2"},
				"west": {"uv": [0, 0, 15.7, 16], "texture": "#2"},
				"up": {"uv": [0, 0, 15.7, 16], "texture": "#2"},
				"down": {"uv": [0, 0, 15.7, 16], "texture": "#2"}
			}
		},
		{
			"from": [8.9, 25.3, 9],
			"to": [9.2, 25.8, 9.4],
			"rotation": {"angle": 0, "axis": "y", "origin": [0, -2.3, 0]},
			"faces": {
				"north": {"uv": [0, 0, 0.4, 0.5], "texture": "#0"},
				"east": {"uv": [0, 0, 0.4, 0.5], "texture": "#0"},
				"south": {"uv": [0, 0, 0.4, 0.5], "texture": "#0"},
				"west": {"uv": [0, 0, 0.4, 0.5], "texture": "#0"},
				"up": {"uv": [0, 0, 0.4, 0.5], "texture": "#0"},
				"down": {"uv": [0, 0, 0.4, 0.5], "texture": "#0"}
			}
		},
		{
			"from": [8.9, 25.7, 8.9],
			"to": [9.2, 26.4, 9.5],
			"rotation": {"angle": 0, "axis": "y", "origin": [0, -2.3, 0]},
			"faces": {
				"north": {"uv": [0, 0, 0.6, 0.7], "texture": "#0"},
				"east": {"uv": [0, 0, 0.6, 0.7], "texture": "#0"},
				"south": {"uv": [0, 0, 0.6, 0.7], "texture": "#0"},
				"west": {"uv": [0, 0, 0.6, 0.7], "texture": "#0"},
				"up": {"uv": [0, 0, 0.6, 0.7], "texture": "#0"},
				"down": {"uv": [0, 0, 0.6, 0.7], "texture": "#0"}
			}
		},
		{
			"from": [8.9, 26.4, 9.1],
			"to": [9.2, 27.1, 9.7],
			"rotation": {"angle": 0, "axis": "y", "origin": [0, -2.3, 0]},
			"faces": {
				"north": {"uv": [0, 0, 0.6, 0.7], "texture": "#0"},
				"east": {"uv": [0, 0, 0.6, 0.7], "texture": "#0"},
				"south": {"uv": [0, 0, 0.6, 0.7], "texture": "#0"},
				"west": {"uv": [0, 0, 0.6, 0.7], "texture": "#0"},
				"up": {"uv": [0, 0, 0.6, 0.7], "texture": "#0"},
				"down": {"uv": [0, 0, 0.6, 0.7], "texture": "#0"}
			}
		},
		{
			"from": [8.9, 27.1, 9.4],
			"to": [9.2, 27.8, 9.6],
			"rotation": {"angle": 0, "axis": "y", "origin": [0, -2.3, 0]},
			"faces": {
				"north": {"uv": [0, 0, 0.2, 0.7], "texture": "#0"},
				"east": {"uv": [0, 0, 0.2, 0.7], "texture": "#0"},
				"south": {"uv": [0, 0, 0.2, 0.7], "texture": "#0"},
				"west": {"uv": [0, 0, 0.2, 0.7], "texture": "#0"},
				"up": {"uv": [0, 0, 0.2, 0.7], "texture": "#0"},
				"down": {"uv": [0, 0, 0.2, 0.7], "texture": "#0"}
			}
		},
		{
			"from": [8.9, 27.6, 8.1],
			"to": [9.2, 28.3, 8.6],
			"rotation": {"angle": -22.5, "axis": "x", "origin": [9.05, 28.15, 8.35]},
			"faces": {
				"north": {"uv": [0, 0, 0.5, 0.7], "texture": "#0"},
				"east": {"uv": [0, 0, 0.5, 0.7], "texture": "#0"},
				"south": {"uv": [0, 0, 0.5, 0.7], "texture": "#0"},
				"west": {"uv": [0, 0, 0.5, 0.7], "texture": "#0"},
				"up": {"uv": [0, 0, 0.5, 0.7], "texture": "#0"},
				"down": {"uv": [0, 0, 0.5, 0.7], "texture": "#0"}
			}
		},
		{
			"from": [8.9, 27.2609, 8.40615],
			"to": [9.2, 27.9609, 8.90615],
			"rotation": {"angle": 0, "axis": "x", "origin": [9.05, 27.4109, 8.65615]},
			"faces": {
				"north": {"uv": [0, 0, 0.5, 0.7], "texture": "#0"},
				"east": {"uv": [0, 0, 0.5, 0.7], "texture": "#0"},
				"south": {"uv": [0, 0, 0.5, 0.7], "texture": "#0"},
				"west": {"uv": [0, 0, 0.5, 0.7], "texture": "#0"},
				"up": {"uv": [0, 0, 0.5, 0.7], "texture": "#0"},
				"down": {"uv": [0, 0, 0.5, 0.7], "texture": "#0"}
			}
		},
		{
			"from": [8.9, 27.0609, 8.90615],
			"to": [9.2, 27.6609, 9.40615],
			"rotation": {"angle": 0, "axis": "x", "origin": [9.05, 27.4109, 8.65615]},
			"faces": {
				"north": {"uv": [0, 0, 0.5, 0.6], "texture": "#0"},
				"east": {"uv": [0, 0, 0.5, 0.6], "texture": "#0"},
				"south": {"uv": [0, 0, 0.5, 0.6], "texture": "#0"},
				"west": {"uv": [0, 0, 0.5, 0.6], "texture": "#0"},
				"up": {"uv": [0, 0, 0.5, 0.6], "texture": "#0"},
				"down": {"uv": [0, 0, 0.5, 0.6], "texture": "#0"}
			}
		},
		{
			"from": [8.9, 28.3, 8.1],
			"to": [9.2, 29, 8.5],
			"rotation": {"angle": -22.5, "axis": "x", "origin": [9.05, 28.15, 8.35]},
			"faces": {
				"north": {"uv": [0, 0, 0.4, 0.7], "texture": "#0"},
				"east": {"uv": [0, 0, 0.4, 0.7], "texture": "#0"},
				"south": {"uv": [0, 0, 0.4, 0.7], "texture": "#0"},
				"west": {"uv": [0, 0, 0.4, 0.7], "texture": "#0"},
				"up": {"uv": [0, 0, 0.4, 0.7], "texture": "#0"},
				"down": {"uv": [0, 0, 0.4, 0.7], "texture": "#0"}
			}
		},
		{
			"from": [8.9, 28.83963, 7.79375],
			"to": [9.2, 30.63963, 8.09375],
			"rotation": {"angle": 0, "axis": "x", "origin": [9.05, 29.28963, 7.89375]},
			"faces": {
				"north": {"uv": [0, 0, 0.3, 1.8], "texture": "#0"},
				"east": {"uv": [0, 0, 0.3, 1.8], "texture": "#0"},
				"south": {"uv": [0, 0, 0.3, 1.8], "texture": "#0"},
				"west": {"uv": [0, 0, 0.3, 1.8], "texture": "#0"},
				"up": {"uv": [0, 0, 0.3, 1.8], "texture": "#0"},
				"down": {"uv": [0, 0, 0.3, 1.8], "texture": "#0"}
			}
		},
		{
			"from": [8.9, 30.63963, 7.79375],
			"to": [9.2, 31.53963, 7.99375],
			"rotation": {"angle": 0, "axis": "x", "origin": [9.05, 29.28963, 7.89375]},
			"faces": {
				"north": {"uv": [0, 0, 0.2, 0.9], "texture": "#0"},
				"east": {"uv": [0, 0, 0.2, 0.9], "texture": "#0"},
				"south": {"uv": [0, 0, 0.2, 0.9], "texture": "#0"},
				"west": {"uv": [0, 0, 0.2, 0.9], "texture": "#0"},
				"up": {"uv": [0, 0, 0.2, 0.9], "texture": "#0"},
				"down": {"uv": [0, 0, 0.2, 0.9], "texture": "#0"}
			}
		},
		{
			"from": [8.9, 25.8, 9.5],
			"to": [9.2, 26.3, 9.6],
			"rotation": {"angle": 0, "axis": "y", "origin": [0, -2.3, 0]},
			"faces": {
				"north": {"uv": [0, 0, 0.1, 0.5], "texture": "#0"},
				"east": {"uv": [0, 0, 0.1, 0.5], "texture": "#0"},
				"south": {"uv": [0, 0, 0.1, 0.5], "texture": "#0"},
				"west": {"uv": [0, 0, 0.1, 0.5], "texture": "#0"},
				"up": {"uv": [0, 0, 0.1, 0.5], "texture": "#0"},
				"down": {"uv": [0, 0, 0.1, 0.5], "texture": "#0"}
			}
		},
		{
			"from": [8.9, 30.63963, 7.00625],
			"to": [9.2, 31.53963, 7.20625],
			"rotation": {"angle": 0, "axis": "x", "origin": [9.05, 29.28963, 7.10625]},
			"faces": {
				"north": {"uv": [0.2, 0, 0.4, 0.9], "texture": "#0"},
				"east": {"uv": [0.2, 0, 0.4, 0.9], "texture": "#0"},
				"south": {"uv": [0.2, 0, 0.4, 0.9], "texture": "#0"},
				"west": {"uv": [0.2, 0, 0.4, 0.9], "texture": "#0"},
				"up": {"uv": [0.2, 0, 0.4, 0.9], "texture": "#0"},
				"down": {"uv": [0.2, 0, 0.4, 0.9], "texture": "#0"}
			}
		},
		{
			"from": [8.9, 28.83963, 6.90625],
			"to": [9.2, 30.63963, 7.20625],
			"rotation": {"angle": 0, "axis": "x", "origin": [9.05, 29.28963, 7.10625]},
			"faces": {
				"north": {"uv": [0.3, 0, 0.6, 1.8], "texture": "#0"},
				"east": {"uv": [0.3, 0, 0.6, 1.8], "texture": "#0"},
				"south": {"uv": [0.3, 0, 0.6, 1.8], "texture": "#0"},
				"west": {"uv": [0.3, 0, 0.6, 1.8], "texture": "#0"},
				"up": {"uv": [0.3, 0, 0.6, 1.8], "texture": "#0"},
				"down": {"uv": [0.3, 0, 0.6, 1.8], "texture": "#0"}
			}
		},
		{
			"from": [8.9, 28.3, 6.5],
			"to": [9.2, 29, 6.9],
			"rotation": {"angle": 22.5, "axis": "x", "origin": [9.05, 28.15, 6.65]},
			"faces": {
				"north": {"uv": [0.4, 0, 0.8, 0.7], "texture": "#0"},
				"east": {"uv": [0.4, 0, 0.8, 0.7], "texture": "#0"},
				"south": {"uv": [0.4, 0, 0.8, 0.7], "texture": "#0"},
				"west": {"uv": [0.4, 0, 0.8, 0.7], "texture": "#0"},
				"up": {"uv": [0.4, 0, 0.8, 0.7], "texture": "#0"},
				"down": {"uv": [0.4, 0, 0.8, 0.7], "texture": "#0"}
			}
		},
		{
			"from": [8.9, 27.6, 6.4],
			"to": [9.2, 28.3, 6.9],
			"rotation": {"angle": 22.5, "axis": "x", "origin": [9.05, 28.15, 6.65]},
			"faces": {
				"north": {"uv": [0.5, 0, 1, 0.7], "texture": "#0"},
				"east": {"uv": [0.5, 0, 1, 0.7], "texture": "#0"},
				"south": {"uv": [0.5, 0, 1, 0.7], "texture": "#0"},
				"west": {"uv": [0.5, 0, 1, 0.7], "texture": "#0"},
				"up": {"uv": [0.5, 0, 1, 0.7], "texture": "#0"},
				"down": {"uv": [0.5, 0, 1, 0.7], "texture": "#0"}
			}
		},
		{
			"from": [8.9, 27.2609, 6.09385],
			"to": [9.2, 27.9609, 6.59385],
			"rotation": {"angle": 0, "axis": "x", "origin": [9.05, 27.4109, 6.34385]},
			"faces": {
				"north": {"uv": [0.5, 0, 1, 0.7], "texture": "#0"},
				"east": {"uv": [0.5, 0, 1, 0.7], "texture": "#0"},
				"south": {"uv": [0.5, 0, 1, 0.7], "texture": "#0"},
				"west": {"uv": [0.5, 0, 1, 0.7], "texture": "#0"},
				"up": {"uv": [0.5, 0, 1, 0.7], "texture": "#0"},
				"down": {"uv": [0.5, 0, 1, 0.7], "texture": "#0"}
			}
		},
		{
			"from": [8.9, 27.0609, 5.59385],
			"to": [9.2, 27.6609, 6.09385],
			"rotation": {"angle": 0, "axis": "x", "origin": [9.05, 27.4109, 6.34385]},
			"faces": {
				"north": {"uv": [0.5, 0, 1, 0.6], "texture": "#0"},
				"east": {"uv": [0.5, 0, 1, 0.6], "texture": "#0"},
				"south": {"uv": [0.5, 0, 1, 0.6], "texture": "#0"},
				"west": {"uv": [0.5, 0, 1, 0.6], "texture": "#0"},
				"up": {"uv": [0.5, 0, 1, 0.6], "texture": "#0"},
				"down": {"uv": [0.5, 0, 1, 0.6], "texture": "#0"}
			}
		},
		{
			"from": [8.9, 27.1, 5.4],
			"to": [9.2, 27.8, 5.6],
			"rotation": {"angle": 0, "axis": "y", "origin": [0, -2.3, 15]},
			"faces": {
				"north": {"uv": [0.2, 0, 0.4, 0.7], "texture": "#0"},
				"east": {"uv": [0.2, 0, 0.4, 0.7], "texture": "#0"},
				"south": {"uv": [0.2, 0, 0.4, 0.7], "texture": "#0"},
				"west": {"uv": [0.2, 0, 0.4, 0.7], "texture": "#0"},
				"up": {"uv": [0.2, 0, 0.4, 0.7], "texture": "#0"},
				"down": {"uv": [0.2, 0, 0.4, 0.7], "texture": "#0"}
			}
		},
		{
			"from": [8.9, 26.4, 5.3],
			"to": [9.2, 27.1, 5.9],
			"rotation": {"angle": 0, "axis": "y", "origin": [0, -2.3, 15]},
			"faces": {
				"north": {"uv": [0.6, 0, 1.2, 0.7], "texture": "#0"},
				"east": {"uv": [0.6, 0, 1.2, 0.7], "texture": "#0"},
				"south": {"uv": [0.6, 0, 1.2, 0.7], "texture": "#0"},
				"west": {"uv": [0.6, 0, 1.2, 0.7], "texture": "#0"},
				"up": {"uv": [0.6, 0, 1.2, 0.7], "texture": "#0"},
				"down": {"uv": [0.6, 0, 1.2, 0.7], "texture": "#0"}
			}
		},
		{
			"from": [8.9, 25.7, 5.5],
			"to": [9.2, 26.4, 6.1],
			"rotation": {"angle": 0, "axis": "y", "origin": [0, -2.3, 15]},
			"faces": {
				"north": {"uv": [0.6, 0, 1.2, 0.7], "texture": "#0"},
				"east": {"uv": [0.6, 0, 1.2, 0.7], "texture": "#0"},
				"south": {"uv": [0.6, 0, 1.2, 0.7], "texture": "#0"},
				"west": {"uv": [0.6, 0, 1.2, 0.7], "texture": "#0"},
				"up": {"uv": [0.6, 0, 1.2, 0.7], "texture": "#0"},
				"down": {"uv": [0.6, 0, 1.2, 0.7], "texture": "#0"}
			}
		},
		{
			"from": [8.9, 25.8, 5.4],
			"to": [9.2, 26.3, 5.5],
			"rotation": {"angle": 0, "axis": "y", "origin": [0, -2.3, 15]},
			"faces": {
				"north": {"uv": [0.1, 0, 0.2, 0.5], "texture": "#0"},
				"east": {"uv": [0.1, 0, 0.2, 0.5], "texture": "#0"},
				"south": {"uv": [0.1, 0, 0.2, 0.5], "texture": "#0"},
				"west": {"uv": [0.1, 0, 0.2, 0.5], "texture": "#0"},
				"up": {"uv": [0.1, 0, 0.2, 0.5], "texture": "#0"},
				"down": {"uv": [0.1, 0, 0.2, 0.5], "texture": "#0"}
			}
		},
		{
			"from": [8.9, 25.3, 5.6],
			"to": [9.2, 25.8, 6],
			"rotation": {"angle": 0, "axis": "y", "origin": [0, -2.3, 15]},
			"faces": {
				"north": {"uv": [0.4, 0, 0.8, 0.5], "texture": "#0"},
				"east": {"uv": [0.4, 0, 0.8, 0.5], "texture": "#0"},
				"south": {"uv": [0.4, 0, 0.8, 0.5], "texture": "#0"},
				"west": {"uv": [0.4, 0, 0.8, 0.5], "texture": "#0"},
				"up": {"uv": [0.4, 0, 0.8, 0.5], "texture": "#0"},
				"down": {"uv": [0.4, 0, 0.8, 0.5], "texture": "#0"}
			}
		},
		{
			"from": [8.9, 25, 6],
			"to": [9.2, 25.5, 6.9],
			"rotation": {"angle": 0, "axis": "y", "origin": [0, -2.3, 15]},
			"faces": {
				"north": {"uv": [0.9, 0, 1.8, 0.5], "texture": "#0"},
				"east": {"uv": [0.9, 0, 1.8, 0.5], "texture": "#0"},
				"south": {"uv": [0.9, 0, 1.8, 0.5], "texture": "#0"},
				"west": {"uv": [0.9, 0, 1.8, 0.5], "texture": "#0"},
				"up": {"uv": [0.9, 0, 1.8, 0.5], "texture": "#0"},
				"down": {"uv": [0.9, 0, 1.8, 0.5], "texture": "#0"}
			}
		},
		{
			"from": [9, 24.9, 5.7],
			"to": [9.1, 25.3, 6.4],
			"rotation": {"angle": 0, "axis": "y", "origin": [0, -2.3, 15]},
			"faces": {
				"north": {"uv": [0.7, 0, 16, 16], "texture": "#2"},
				"east": {"uv": [0.7, 0, 16, 16], "texture": "#2"},
				"south": {"uv": [0.7, 0, 16, 16], "texture": "#2"},
				"west": {"uv": [0.7, 0, 16, 16], "texture": "#2"},
				"up": {"uv": [0.7, 0, 16, 16], "texture": "#2"},
				"down": {"uv": [0.7, 0, 16, 16], "texture": "#2"}
			}
		},
		{
			"from": [9, 24.6, 6.2],
			"to": [9.1, 25, 6.9],
			"rotation": {"angle": 0, "axis": "y", "origin": [0, -2.3, 15]},
			"faces": {
				"north": {"uv": [0.7, 0, 16, 16], "texture": "#2"},
				"east": {"uv": [0.7, 0, 16, 16], "texture": "#2"},
				"south": {"uv": [0.7, 0, 16, 16], "texture": "#2"},
				"west": {"uv": [0.7, 0, 16, 16], "texture": "#2"},
				"up": {"uv": [0.7, 0, 16, 16], "texture": "#2"},
				"down": {"uv": [0.7, 0, 16, 16], "texture": "#2"}
			}
		},
		{
			"from": [8.7, 22.4, 6.1],
			"to": [9.4, 23.2, 7],
			"faces": {
				"north": {"uv": [0, 0, 0.9, 0.8], "texture": "#3"},
				"east": {"uv": [0, 0, 0.9, 0.8], "texture": "#3"},
				"south": {"uv": [0, 0, 0.9, 0.8], "texture": "#3"},
				"west": {"uv": [0, 0, 0.9, 0.8], "texture": "#3"},
				"up": {"uv": [0, 0, 0.9, 0.8], "texture": "#3"},
				"down": {"uv": [0, 0, 0.9, 0.8], "texture": "#3"}
			}
		},
		{
			"from": [8.7, 22, 5.3],
			"to": [9.4, 22.4, 6.6],
			"faces": {
				"north": {"uv": [0, 0, 1.3, 0.4], "texture": "#3"},
				"east": {"uv": [0, 0, 1.3, 0.4], "texture": "#3"},
				"south": {"uv": [0, 0, 1.3, 0.4], "texture": "#3"},
				"west": {"uv": [0, 0, 1.3, 0.4], "texture": "#3"},
				"up": {"uv": [0, 0, 1.3, 0.4], "texture": "#3"},
				"down": {"uv": [0, 0, 1.3, 0.4], "texture": "#3"}
			}
		},
		{
			"from": [8.7, 22.1, 4.8],
			"to": [9.4, 22.5, 5.3],
			"faces": {
				"north": {"uv": [0, 0, 0.5, 0.4], "texture": "#3"},
				"east": {"uv": [0, 0, 0.5, 0.4], "texture": "#3"},
				"south": {"uv": [0, 0, 0.5, 0.4], "texture": "#3"},
				"west": {"uv": [0, 0, 0.5, 0.4], "texture": "#3"},
				"up": {"uv": [0, 0, 0.5, 0.4], "texture": "#3"},
				"down": {"uv": [0, 0, 0.5, 0.4], "texture": "#3"}
			}
		},
		{
			"from": [8.7, 21.7, 4.5],
			"to": [9.4, 22.1, 5.3],
			"faces": {
				"north": {"uv": [0, 0, 0.8, 0.4], "texture": "#3"},
				"east": {"uv": [0, 0, 0.8, 0.4], "texture": "#3"},
				"south": {"uv": [0, 0, 0.8, 0.4], "texture": "#3"},
				"west": {"uv": [0, 0, 0.8, 0.4], "texture": "#3"},
				"up": {"uv": [0, 0, 0.8, 0.4], "texture": "#3"},
				"down": {"uv": [0, 0, 0.8, 0.4], "texture": "#3"}
			}
		},
		{
			"from": [8.7, 21.3, 4.6],
			"to": [9.4, 21.7, 5.1],
			"faces": {
				"north": {"uv": [0, 0, 0.5, 0.4], "texture": "#3"},
				"east": {"uv": [0, 0, 0.5, 0.4], "texture": "#3"},
				"south": {"uv": [0, 0, 0.5, 0.4], "texture": "#3"},
				"west": {"uv": [0, 0, 0.5, 0.4], "texture": "#3"},
				"up": {"uv": [0, 0, 0.5, 0.4], "texture": "#3"},
				"down": {"uv": [0, 0, 0.5, 0.4], "texture": "#3"}
			}
		},
		{
			"from": [8.7, 20.9, 4.8],
			"to": [9.4, 21.3, 5.3],
			"faces": {
				"north": {"uv": [0, 0, 0.5, 0.4], "texture": "#3"},
				"east": {"uv": [0, 0, 0.5, 0.4], "texture": "#3"},
				"south": {"uv": [0, 0, 0.5, 0.4], "texture": "#3"},
				"west": {"uv": [0, 0, 0.5, 0.4], "texture": "#3"},
				"up": {"uv": [0, 0, 0.5, 0.4], "texture": "#3"},
				"down": {"uv": [0, 0, 0.5, 0.4], "texture": "#3"}
			}
		},
		{
			"from": [8.7, 20.5, 5],
			"to": [9.4, 20.9, 5.5],
			"faces": {
				"north": {"uv": [0, 0, 0.5, 0.4], "texture": "#3"},
				"east": {"uv": [0, 0, 0.5, 0.4], "texture": "#3"},
				"south": {"uv": [0, 0, 0.5, 0.4], "texture": "#3"},
				"west": {"uv": [0, 0, 0.5, 0.4], "texture": "#3"},
				"up": {"uv": [0, 0, 0.5, 0.4], "texture": "#3"},
				"down": {"uv": [0, 0, 0.5, 0.4], "texture": "#3"}
			}
		},
		{
			"from": [8.7, 20.1, 5.1],
			"to": [9.4, 20.5, 5.6],
			"faces": {
				"north": {"uv": [0, 0, 0.5, 0.4], "texture": "#3"},
				"east": {"uv": [0, 0, 0.5, 0.4], "texture": "#3"},
				"south": {"uv": [0, 0, 0.5, 0.4], "texture": "#3"},
				"west": {"uv": [0, 0, 0.5, 0.4], "texture": "#3"},
				"up": {"uv": [0, 0, 0.5, 0.4], "texture": "#3"},
				"down": {"uv": [0, 0, 0.5, 0.4], "texture": "#3"}
			}
		},
		{
			"from": [8.7, 19.65, 5.25],
			"to": [9.4, 20.15, 5.65],
			"rotation": {"angle": -22.5, "axis": "x", "origin": [9, 19.9, 5.35]},
			"faces": {
				"north": {"uv": [0, 0, 0.5, 0.4], "rotation": 90, "texture": "#3"},
				"east": {"uv": [0, 0, 0.5, 0.4], "rotation": 90, "texture": "#3"},
				"south": {"uv": [0, 0, 0.5, 0.4], "rotation": 90, "texture": "#3"},
				"west": {"uv": [0, 0, 0.5, 0.4], "rotation": 90, "texture": "#3"},
				"up": {"uv": [0, 0, 0.5, 0.4], "rotation": 90, "texture": "#3"},
				"down": {"uv": [0, 0, 0.5, 0.4], "rotation": 90, "texture": "#3"}
			}
		},
		{
			"from": [8.7, 19.32633, 5.53373],
			"to": [9.4, 19.82633, 5.73373],
			"rotation": {"angle": 0, "axis": "x", "origin": [9, 19.47633, 5.63373]},
			"faces": {
				"north": {"uv": [0, 0, 0.5, 0.2], "rotation": 90, "texture": "#3"},
				"east": {"uv": [0, 0, 0.5, 0.2], "rotation": 90, "texture": "#3"},
				"south": {"uv": [0, 0, 0.5, 0.2], "rotation": 90, "texture": "#3"},
				"west": {"uv": [0, 0, 0.5, 0.2], "rotation": 90, "texture": "#3"},
				"up": {"uv": [0, 0, 0.5, 0.2], "rotation": 90, "texture": "#3"},
				"down": {"uv": [0, 0, 0.5, 0.2], "rotation": 90, "texture": "#3"}
			}
		},
		{
			"from": [8.8, 20.12633, 6.73373],
			"to": [9.3, 20.62633, 7.03373],
			"rotation": {"angle": 0, "axis": "x", "origin": [9, 19.47633, 5.63373]},
			"faces": {
				"north": {"uv": [0, 0, 0.5, 0.3], "rotation": 90, "texture": "#3"},
				"east": {"uv": [0, 0, 0.5, 0.3], "rotation": 90, "texture": "#3"},
				"south": {"uv": [0, 0, 0.5, 0.3], "rotation": 90, "texture": "#3"},
				"west": {"uv": [0, 0, 0.5, 0.3], "rotation": 90, "texture": "#3"},
				"up": {"uv": [0, 0, 0.5, 0.3], "rotation": 90, "texture": "#3"},
				"down": {"uv": [0, 0, 0.5, 0.3], "rotation": 90, "texture": "#3"}
			}
		},
		{
			"from": [8.8, 20.62633, 6.53373],
			"to": [9.3, 21.12633, 7.03373],
			"rotation": {"angle": 0, "axis": "x", "origin": [9, 19.47633, 5.63373]},
			"faces": {
				"north": {"uv": [0, 0, 0.5, 0.5], "rotation": 90, "texture": "#3"},
				"east": {"uv": [0, 0, 0.5, 0.5], "rotation": 90, "texture": "#3"},
				"south": {"uv": [0, 0, 0.5, 0.5], "rotation": 90, "texture": "#3"},
				"west": {"uv": [0, 0, 0.5, 0.5], "rotation": 90, "texture": "#3"},
				"up": {"uv": [0, 0, 0.5, 0.5], "rotation": 90, "texture": "#3"},
				"down": {"uv": [0, 0, 0.5, 0.5], "rotation": 90, "texture": "#3"}
			}
		},
		{
			"from": [8.8, 21.12633, 6.43373],
			"to": [9.3, 21.62633, 7.03373],
			"rotation": {"angle": 0, "axis": "x", "origin": [9, 19.47633, 5.63373]},
			"faces": {
				"north": {"uv": [0, 0, 0.5, 0.6], "rotation": 90, "texture": "#3"},
				"east": {"uv": [0, 0, 0.5, 0.6], "rotation": 90, "texture": "#3"},
				"south": {"uv": [0, 0, 0.5, 0.6], "rotation": 90, "texture": "#3"},
				"west": {"uv": [0, 0, 0.5, 0.6], "rotation": 90, "texture": "#3"},
				"up": {"uv": [0, 0, 0.5, 0.6], "rotation": 90, "texture": "#3"},
				"down": {"uv": [0, 0, 0.5, 0.6], "rotation": 90, "texture": "#3"}
			}
		},
		{
			"from": [8.8, 21.62633, 6.53373],
			"to": [9.3, 22.42633, 7.03373],
			"rotation": {"angle": 0, "axis": "x", "origin": [9, 19.47633, 5.63373]},
			"faces": {
				"north": {"uv": [0, 0, 0.8, 0.5], "rotation": 90, "texture": "#3"},
				"east": {"uv": [0, 0, 0.8, 0.5], "rotation": 90, "texture": "#3"},
				"south": {"uv": [0, 0, 0.8, 0.5], "rotation": 90, "texture": "#3"},
				"west": {"uv": [0, 0, 0.8, 0.5], "rotation": 90, "texture": "#3"},
				"up": {"uv": [0, 0, 0.8, 0.5], "rotation": 90, "texture": "#3"},
				"down": {"uv": [0, 0, 0.8, 0.5], "rotation": 90, "texture": "#3"}
			}
		},
		{
			"from": [8.8, 21.62633, 7.96627],
			"to": [9.3, 22.42633, 8.46627],
			"rotation": {"angle": 0, "axis": "x", "origin": [9, 19.47633, 10.36627]},
			"faces": {
				"north": {"uv": [0, 0.5, 0.8, 1], "rotation": 90, "texture": "#3"},
				"east": {"uv": [0, 0.5, 0.8, 1], "rotation": 90, "texture": "#3"},
				"south": {"uv": [0, 0.5, 0.8, 1], "rotation": 90, "texture": "#3"},
				"west": {"uv": [0, 0.5, 0.8, 1], "rotation": 90, "texture": "#3"},
				"up": {"uv": [0, 0.5, 0.8, 1], "rotation": 90, "texture": "#3"},
				"down": {"uv": [0, 0.5, 0.8, 1], "rotation": 90, "texture": "#3"}
			}
		},
		{
			"from": [8.8, 21.12633, 7.96627],
			"to": [9.3, 21.62633, 8.56627],
			"rotation": {"angle": 0, "axis": "x", "origin": [9, 19.47633, 10.36627]},
			"faces": {
				"north": {"uv": [0, 0.6, 0.5, 1.2], "rotation": 90, "texture": "#3"},
				"east": {"uv": [0, 0.6, 0.5, 1.2], "rotation": 90, "texture": "#3"},
				"south": {"uv": [0, 0.6, 0.5, 1.2], "rotation": 90, "texture": "#3"},
				"west": {"uv": [0, 0.6, 0.5, 1.2], "rotation": 90, "texture": "#3"},
				"up": {"uv": [0, 0.6, 0.5, 1.2], "rotation": 90, "texture": "#3"},
				"down": {"uv": [0, 0.6, 0.5, 1.2], "rotation": 90, "texture": "#3"}
			}
		},
		{
			"from": [8.8, 20.62633, 7.96627],
			"to": [9.3, 21.12633, 8.46627],
			"rotation": {"angle": 0, "axis": "x", "origin": [9, 19.47633, 10.36627]},
			"faces": {
				"north": {"uv": [0, 0.5, 0.5, 1], "rotation": 90, "texture": "#3"},
				"east": {"uv": [0, 0.5, 0.5, 1], "rotation": 90, "texture": "#3"},
				"south": {"uv": [0, 0.5, 0.5, 1], "rotation": 90, "texture": "#3"},
				"west": {"uv": [0, 0.5, 0.5, 1], "rotation": 90, "texture": "#3"},
				"up": {"uv": [0, 0.5, 0.5, 1], "rotation": 90, "texture": "#3"},
				"down": {"uv": [0, 0.5, 0.5, 1], "rotation": 90, "texture": "#3"}
			}
		},
		{
			"from": [8.8, 20.12633, 7.96627],
			"to": [9.3, 20.62633, 8.26627],
			"rotation": {"angle": 0, "axis": "x", "origin": [9, 19.47633, 10.36627]},
			"faces": {
				"north": {"uv": [0, 0.3, 0.5, 0.6], "rotation": 90, "texture": "#3"},
				"east": {"uv": [0, 0.3, 0.5, 0.6], "rotation": 90, "texture": "#3"},
				"south": {"uv": [0, 0.3, 0.5, 0.6], "rotation": 90, "texture": "#3"},
				"west": {"uv": [0, 0.3, 0.5, 0.6], "rotation": 90, "texture": "#3"},
				"up": {"uv": [0, 0.3, 0.5, 0.6], "rotation": 90, "texture": "#3"},
				"down": {"uv": [0, 0.3, 0.5, 0.6], "rotation": 90, "texture": "#3"}
			}
		},
		{
			"from": [8.7, 23, 5.3],
			"to": [9.4, 23.2, 5.9],
			"faces": {
				"north": {"uv": [0, 0, 0.6, 0.2], "texture": "#3"},
				"east": {"uv": [0, 0, 0.6, 0.2], "texture": "#3"},
				"south": {"uv": [0, 0, 0.6, 0.2], "texture": "#3"},
				"west": {"uv": [0, 0, 0.6, 0.2], "texture": "#3"},
				"up": {"uv": [0, 0, 0.6, 0.2], "texture": "#3"},
				"down": {"uv": [0, 0, 0.6, 0.2], "texture": "#3"}
			}
		},
		{
			"from": [8.7, 22.4, 5.1],
			"to": [9.4, 23, 6.1],
			"faces": {
				"north": {"uv": [0, 0, 1, 0.6], "texture": "#3"},
				"east": {"uv": [0, 0, 1, 0.6], "texture": "#3"},
				"south": {"uv": [0, 0, 1, 0.6], "texture": "#3"},
				"west": {"uv": [0, 0, 1, 0.6], "texture": "#3"},
				"up": {"uv": [0, 0, 1, 0.6], "texture": "#3"},
				"down": {"uv": [0, 0, 1, 0.6], "texture": "#3"}
			}
		},
		{
			"from": [8.7, 22.4, 8],
			"to": [9.4, 23.2, 8.9],
			"rotation": {"angle": 0, "axis": "y", "origin": [0, 0, 15]},
			"faces": {
				"north": {"uv": [0.9, 0, 1.8, 0.8], "texture": "#3"},
				"east": {"uv": [0.9, 0, 1.8, 0.8], "texture": "#3"},
				"south": {"uv": [0.9, 0, 1.8, 0.8], "texture": "#3"},
				"west": {"uv": [0.9, 0, 1.8, 0.8], "texture": "#3"},
				"up": {"uv": [0.9, 0, 1.8, 0.8], "texture": "#3"},
				"down": {"uv": [0.9, 0, 1.8, 0.8], "texture": "#3"}
			}
		},
		{
			"from": [8.7, 22, 8.4],
			"to": [9.4, 22.4, 9.7],
			"rotation": {"angle": 0, "axis": "y", "origin": [0, 0, 15]},
			"faces": {
				"north": {"uv": [1.3, 0, 2.6, 0.4], "texture": "#3"},
				"east": {"uv": [1.3, 0, 2.6, 0.4], "texture": "#3"},
				"south": {"uv": [1.3, 0, 2.6, 0.4], "texture": "#3"},
				"west": {"uv": [1.3, 0, 2.6, 0.4], "texture": "#3"},
				"up": {"uv": [1.3, 0, 2.6, 0.4], "texture": "#3"},
				"down": {"uv": [1.3, 0, 2.6, 0.4], "texture": "#3"}
			}
		},
		{
			"from": [8.7, 22.4, 8.9],
			"to": [9.4, 23, 9.9],
			"rotation": {"angle": 0, "axis": "y", "origin": [0, 0, 15]},
			"faces": {
				"north": {"uv": [1, 0, 2, 0.6], "texture": "#3"},
				"east": {"uv": [1, 0, 2, 0.6], "texture": "#3"},
				"south": {"uv": [1, 0, 2, 0.6], "texture": "#3"},
				"west": {"uv": [1, 0, 2, 0.6], "texture": "#3"},
				"up": {"uv": [1, 0, 2, 0.6], "texture": "#3"},
				"down": {"uv": [1, 0, 2, 0.6], "texture": "#3"}
			}
		},
		{
			"from": [8.7, 23, 9.1],
			"to": [9.4, 23.2, 9.7],
			"rotation": {"angle": 0, "axis": "y", "origin": [0, 0, 15]},
			"faces": {
				"north": {"uv": [0.6, 0, 1.2, 0.2], "texture": "#3"},
				"east": {"uv": [0.6, 0, 1.2, 0.2], "texture": "#3"},
				"south": {"uv": [0.6, 0, 1.2, 0.2], "texture": "#3"},
				"west": {"uv": [0.6, 0, 1.2, 0.2], "texture": "#3"},
				"up": {"uv": [0.6, 0, 1.2, 0.2], "texture": "#3"},
				"down": {"uv": [0.6, 0, 1.2, 0.2], "texture": "#3"}
			}
		},
		{
			"from": [8.7, 22.1, 9.7],
			"to": [9.4, 22.5, 10.2],
			"rotation": {"angle": 0, "axis": "y", "origin": [0, 0, 15]},
			"faces": {
				"north": {"uv": [0.5, 0, 1, 0.4], "texture": "#3"},
				"east": {"uv": [0.5, 0, 1, 0.4], "texture": "#3"},
				"south": {"uv": [0.5, 0, 1, 0.4], "texture": "#3"},
				"west": {"uv": [0.5, 0, 1, 0.4], "texture": "#3"},
				"up": {"uv": [0.5, 0, 1, 0.4], "texture": "#3"},
				"down": {"uv": [0.5, 0, 1, 0.4], "texture": "#3"}
			}
		},
		{
			"from": [8.7, 21.7, 9.7],
			"to": [9.4, 22.1, 10.5],
			"rotation": {"angle": 0, "axis": "y", "origin": [0, 0, 15]},
			"faces": {
				"north": {"uv": [0.8, 0, 1.6, 0.4], "texture": "#3"},
				"east": {"uv": [0.8, 0, 1.6, 0.4], "texture": "#3"},
				"south": {"uv": [0.8, 0, 1.6, 0.4], "texture": "#3"},
				"west": {"uv": [0.8, 0, 1.6, 0.4], "texture": "#3"},
				"up": {"uv": [0.8, 0, 1.6, 0.4], "texture": "#3"},
				"down": {"uv": [0.8, 0, 1.6, 0.4], "texture": "#3"}
			}
		},
		{
			"from": [8.7, 21.3, 9.9],
			"to": [9.4, 21.7, 10.4],
			"rotation": {"angle": 0, "axis": "y", "origin": [0, 0, 15]},
			"faces": {
				"north": {"uv": [0.5, 0, 1, 0.4], "texture": "#3"},
				"east": {"uv": [0.5, 0, 1, 0.4], "texture": "#3"},
				"south": {"uv": [0.5, 0, 1, 0.4], "texture": "#3"},
				"west": {"uv": [0.5, 0, 1, 0.4], "texture": "#3"},
				"up": {"uv": [0.5, 0, 1, 0.4], "texture": "#3"},
				"down": {"uv": [0.5, 0, 1, 0.4], "texture": "#3"}
			}
		},
		{
			"from": [8.7, 20.9, 9.7],
			"to": [9.4, 21.3, 10.2],
			"rotation": {"angle": 0, "axis": "y", "origin": [0, 0, 15]},
			"faces": {
				"north": {"uv": [0.5, 0, 1, 0.4], "texture": "#3"},
				"east": {"uv": [0.5, 0, 1, 0.4], "texture": "#3"},
				"south": {"uv": [0.5, 0, 1, 0.4], "texture": "#3"},
				"west": {"uv": [0.5, 0, 1, 0.4], "texture": "#3"},
				"up": {"uv": [0.5, 0, 1, 0.4], "texture": "#3"},
				"down": {"uv": [0.5, 0, 1, 0.4], "texture": "#3"}
			}
		},
		{
			"from": [8.7, 20.5, 9.5],
			"to": [9.4, 20.9, 10],
			"rotation": {"angle": 0, "axis": "y", "origin": [0, 0, 15]},
			"faces": {
				"north": {"uv": [0.5, 0, 1, 0.4], "texture": "#3"},
				"east": {"uv": [0.5, 0, 1, 0.4], "texture": "#3"},
				"south": {"uv": [0.5, 0, 1, 0.4], "texture": "#3"},
				"west": {"uv": [0.5, 0, 1, 0.4], "texture": "#3"},
				"up": {"uv": [0.5, 0, 1, 0.4], "texture": "#3"},
				"down": {"uv": [0.5, 0, 1, 0.4], "texture": "#3"}
			}
		},
		{
			"from": [8.7, 20.1, 9.4],
			"to": [9.4, 20.5, 9.9],
			"rotation": {"angle": 0, "axis": "y", "origin": [0, 0, 15]},
			"faces": {
				"north": {"uv": [0.5, 0, 1, 0.4], "texture": "#3"},
				"east": {"uv": [0.5, 0, 1, 0.4], "texture": "#3"},
				"south": {"uv": [0.5, 0, 1, 0.4], "texture": "#3"},
				"west": {"uv": [0.5, 0, 1, 0.4], "texture": "#3"},
				"up": {"uv": [0.5, 0, 1, 0.4], "texture": "#3"},
				"down": {"uv": [0.5, 0, 1, 0.4], "texture": "#3"}
			}
		},
		{
			"from": [8.7, 19.65, 9.35],
			"to": [9.4, 20.15, 9.75],
			"rotation": {"angle": 22.5, "axis": "x", "origin": [9, 19.9, 9.65]},
			"faces": {
				"north": {"uv": [0, 0.4, 0.5, 0.8], "rotation": 90, "texture": "#3"},
				"east": {"uv": [0, 0.4, 0.5, 0.8], "rotation": 90, "texture": "#3"},
				"south": {"uv": [0, 0.4, 0.5, 0.8], "rotation": 90, "texture": "#3"},
				"west": {"uv": [0, 0.4, 0.5, 0.8], "rotation": 90, "texture": "#3"},
				"up": {"uv": [0, 0.4, 0.5, 0.8], "rotation": 90, "texture": "#3"},
				"down": {"uv": [0, 0.4, 0.5, 0.8], "rotation": 90, "texture": "#3"}
			}
		},
		{
			"from": [8.7, 19.32633, 9.26627],
			"to": [9.4, 19.82633, 9.46627],
			"rotation": {"angle": 0, "axis": "x", "origin": [9, 19.47633, 9.36627]},
			"faces": {
				"north": {"uv": [0, 0.2, 0.5, 0.4], "rotation": 90, "texture": "#3"},
				"east": {"uv": [0, 0.2, 0.5, 0.4], "rotation": 90, "texture": "#3"},
				"south": {"uv": [0, 0.2, 0.5, 0.4], "rotation": 90, "texture": "#3"},
				"west": {"uv": [0, 0.2, 0.5, 0.4], "rotation": 90, "texture": "#3"},
				"up": {"uv": [0, 0.2, 0.5, 0.4], "rotation": 90, "texture": "#3"},
				"down": {"uv": [0, 0.2, 0.5, 0.4], "rotation": 90, "texture": "#3"}
			}
		}
	],
	"display": {
		"thirdperson_righthand": {
			"rotation": [8.75, 0, 0],
			"translation": [0, -2, 0.25],
			"scale": [1, 1.46875, 1]
		},
		"thirdperson_lefthand": {
			"rotation": [161.05, 122, -89.74],
			"translation": [-4.75, -6.75, 2.75],
			"scale": [1, 1.04688, 1]
		},
		"firstperson_righthand": {
			"translation": [0, -2.75, 0],
			"scale": [1, 0.92969, 1]
		},
		"firstperson_lefthand": {
			"translation": [23.75, 2.5, 0]
		},
		"ground": {
			"rotation": [-10.5, -32.16, 84.05],
			"translation": [0, -4.25, 0],
			"scale": [1, 1.42578, 1]
		},
		"gui": {
			"rotation": [85.03, 45.43, -86.42],
			"translation": [-1.5, -1.5, 0],
			"scale": [1, 0.85156, 1]
		},
		"head": {
			"translation": [1.75, 0, 0]
		},
		"fixed": {
			"rotation": [-90.98, 40.49, 90.61],
			"translation": [1, 0, 0],
			"scale": [1, 1.05078, 1]
		}
	}
}