{
	"credit": "Made with Blockbench",
	"textures": {
		"0": "20190620_color-blog000-02.jpg",
		"3": "block/quartz_block_side",
		"4": "block/redstone_block",
		"particle": "20190620_color-blog000-02.jpg"
	},
	"elements": [
		{
			"from": [6, 5.1, 5],
			"to": [12, 12.1, 10],
			"rotation": {"angle": 0, "axis": "y", "origin": [0, 0.1, 0]},
			"faces": {
				"north": {"uv": [7.69143, 7.64571, 8.12571, 8.04], "texture": "#3"},
				"east": {"uv": [7.69143, 7.64571, 8.12571, 8.04], "texture": "#3"},
				"south": {"uv": [7.69143, 7.64571, 8.12571, 8.04], "texture": "#3"},
				"west": {"uv": [7.69143, 7.64571, 8.12571, 8.04], "texture": "#3"},
				"up": {"uv": [7.69143, 7.64571, 8.12571, 8.04], "texture": "#3"},
				"down": {"uv": [7.69143, 7.64571, 8.12571, 8.04], "texture": "#3"}
			}
		},
		{
			"from": [5.6, 5.4, 5],
			"to": [6, 11.8, 10],
			"rotation": {"angle": 0, "axis": "y", "origin": [0, 0.1, 0]},
			"faces": {
				"north": {"uv": [7.69143, 7.64571, 8.12571, 8.04], "texture": "#3"},
				"east": {"uv": [7.69143, 7.64571, 8.12571, 8.04], "texture": "#3"},
				"south": {"uv": [7.69143, 7.64571, 8.12571, 8.04], "texture": "#3"},
				"west": {"uv": [7.69143, 7.64571, 8.12571, 8.04], "texture": "#3"},
				"up": {"uv": [7.69143, 7.64571, 8.12571, 8.04], "texture": "#3"},
				"down": {"uv": [7.69143, 7.64571, 8.12571, 8.04], "texture": "#3"}
			}
		},
		{
			"from": [11.9, 5.4, 5],
			"to": [12.3, 11.8, 10],
			"rotation": {"angle": 0, "axis": "y", "origin": [0, 0.1, 0]},
			"faces": {
				"north": {"uv": [7.69143, 7.64571, 8.12571, 8.04], "texture": "#3"},
				"east": {"uv": [7.69143, 7.64571, 8.12571, 8.04], "texture": "#3"},
				"south": {"uv": [7.69143, 7.64571, 8.12571, 8.04], "texture": "#3"},
				"west": {"uv": [7.69143, 7.64571, 8.12571, 8.04], "texture": "#3"},
				"up": {"uv": [7.69143, 7.64571, 8.12571, 8.04], "texture": "#3"},
				"down": {"uv": [7.69143, 7.64571, 8.12571, 8.04], "texture": "#3"}
			}
		},
		{
			"from": [10.1, 7.3, 10],
			"to": [10.5, 7.7, 10.1],
			"rotation": {"angle": 45, "axis": "z", "origin": [9.7, 7.3, 10.1]},
			"faces": {
				"north": {"uv": [7.69143, 7.64571, 8.12571, 8.04], "texture": "#3"},
				"east": {"uv": [7.69143, 7.64571, 8.12571, 8.04], "texture": "#3"},
				"south": {"uv": [7.69143, 7.64571, 8.12571, 8.04], "texture": "#3"},
				"west": {"uv": [7.69143, 7.64571, 8.12571, 8.04], "texture": "#3"},
				"up": {"uv": [7.69143, 7.64571, 8.12571, 8.04], "texture": "#3"},
				"down": {"uv": [7.69143, 7.64571, 8.12571, 8.04], "texture": "#3"}
			}
		},
		{
			"from": [6.5, 12, 5],
			"to": [11.5, 12.6, 10],
			"faces": {
				"north": {"uv": [7.69143, 7.64571, 8.12571, 8.04], "texture": "#3"},
				"east": {"uv": [7.69143, 7.64571, 8.12571, 8.04], "texture": "#3"},
				"south": {"uv": [7.69143, 7.64571, 8.12571, 8.04], "texture": "#3"},
				"west": {"uv": [7.69143, 7.64571, 8.12571, 8.04], "texture": "#3"},
				"up": {"uv": [7.69143, 7.64571, 8.12571, 8.04], "texture": "#3"},
				"down": {"uv": [7.69143, 7.64571, 8.12571, 8.04], "texture": "#3"}
			}
		},
		{
			"from": [6.5, 4, 5.75],
			"to": [11.5, 5, 9],
			"faces": {
				"north": {"uv": [7.33714, 7.49714, 8.62286, 8.26857], "texture": "#3"},
				"east": {"uv": [7.33714, 7.49714, 8.62286, 8.26857], "texture": "#3"},
				"south": {"uv": [7.33714, 7.49714, 8.62286, 8.26857], "texture": "#3"},
				"west": {"uv": [7.33714, 7.49714, 8.62286, 8.26857], "texture": "#3"},
				"up": {"uv": [7.33714, 7.49714, 8.62286, 8.26857], "texture": "#3"},
				"down": {"uv": [7.33714, 7.49714, 8.62286, 8.26857], "texture": "#3"}
			}
		},
		{
			"from": [7, 3, 6.25],
			"to": [11, 4, 9],
			"faces": {
				"north": {"uv": [7.41714, 7.49714, 8.53714, 8.26857], "texture": "#3"},
				"east": {"uv": [7.41714, 7.49714, 8.53714, 8.26857], "texture": "#3"},
				"south": {"uv": [7.41714, 7.49714, 8.53714, 8.26857], "texture": "#3"},
				"west": {"uv": [7.41714, 7.49714, 8.53714, 8.26857], "texture": "#3"},
				"up": {"uv": [7.41714, 7.49714, 8.53714, 8.26857], "texture": "#3"},
				"down": {"uv": [7.41714, 7.49714, 8.53714, 8.26857], "texture": "#3"}
			}
		},
		{
			"from": [7, 2, 7],
			"to": [10.9, 3, 8],
			"rotation": {"angle": -45, "axis": "x", "origin": [9.5, 2.5, 7.5]},
			"faces": {
				"north": {"uv": [7.6, 7.46286, 8.6, 8.46286], "rotation": 270, "texture": "#3"},
				"east": {"uv": [7.6, 7.46286, 8.6, 8.46286], "rotation": 270, "texture": "#3"},
				"south": {"uv": [7.6, 7.46286, 8.6, 8.46286], "rotation": 270, "texture": "#3"},
				"west": {"uv": [7.6, 7.46286, 8.6, 8.46286], "rotation": 270, "texture": "#3"},
				"up": {"uv": [7.6, 7.46286, 8.6, 8.46286], "rotation": 270, "texture": "#3"},
				"down": {"uv": [7.6, 7.46286, 8.6, 8.46286], "rotation": 270, "texture": "#3"}
			}
		},
		{
			"from": [7, 2, 6],
			"to": [10.9, 3, 7],
			"rotation": {"angle": -45, "axis": "x", "origin": [9.5, 2.5, 7.5]},
			"faces": {
				"north": {"uv": [7.32571, 7.45143, 8.89429, 8.49714], "texture": "#3"},
				"east": {"uv": [7.32571, 7.45143, 8.89429, 8.49714], "texture": "#3"},
				"south": {"uv": [7.32571, 7.45143, 8.89429, 8.49714], "texture": "#3"},
				"west": {"uv": [7.32571, 7.45143, 8.89429, 8.49714], "texture": "#3"},
				"up": {"uv": [7.32571, 7.45143, 8.89429, 8.49714], "texture": "#3"},
				"down": {"uv": [7.32571, 7.45143, 8.89429, 8.49714], "texture": "#3"}
			}
		},
		{
			"from": [7, 2, 5],
			"to": [10.9, 3, 6],
			"rotation": {"angle": -45, "axis": "x", "origin": [9.5, 2.5, 7.5]},
			"faces": {
				"north": {"uv": [7.55429, 7.37143, 8.55429, 8.37143], "rotation": 270, "texture": "#3"},
				"east": {"uv": [7.55429, 7.37143, 8.55429, 8.37143], "rotation": 270, "texture": "#3"},
				"south": {"uv": [7.55429, 7.37143, 8.55429, 8.37143], "rotation": 270, "texture": "#3"},
				"west": {"uv": [7.55429, 7.37143, 8.55429, 8.37143], "rotation": 270, "texture": "#3"},
				"up": {"uv": [7.55429, 7.37143, 8.55429, 8.37143], "rotation": 270, "texture": "#3"},
				"down": {"uv": [7.55429, 7.37143, 8.55429, 8.37143], "rotation": 270, "texture": "#3"}
			}
		},
		{
			"from": [7, 1.15147, 5.0201],
			"to": [10.9, 2.15147, 6.0201],
			"rotation": {"angle": -22.5, "axis": "x", "origin": [8.95, 1.65147, 5.5201]},
			"faces": {
				"north": {"uv": [7.41714, 7.6, 8.41714, 8.6], "rotation": 270, "texture": "#3"},
				"east": {"uv": [7.41714, 7.6, 8.41714, 8.6], "rotation": 270, "texture": "#3"},
				"south": {"uv": [7.41714, 7.6, 8.41714, 8.6], "rotation": 270, "texture": "#3"},
				"west": {"uv": [7.41714, 7.6, 8.41714, 8.6], "rotation": 270, "texture": "#3"},
				"up": {"uv": [7.41714, 7.6, 8.41714, 8.6], "rotation": 270, "texture": "#3"},
				"down": {"uv": [7.41714, 7.6, 8.41714, 8.6], "rotation": 270, "texture": "#3"}
			}
		},
		{
			"from": [7.35, 2.25, 7.1],
			"to": [10.65, 3.25, 8.7],
			"rotation": {"angle": 45, "axis": "x", "origin": [9.25, 2.75, 8.5]},
			"faces": {
				"north": {"uv": [7.01714, 7.72571, 8.89429, 8.86286], "texture": "#3"},
				"east": {"uv": [7.01714, 7.72571, 8.89429, 8.86286], "texture": "#3"},
				"south": {"uv": [7.01714, 7.72571, 8.89429, 8.86286], "texture": "#3"},
				"west": {"uv": [7.01714, 7.72571, 8.89429, 8.86286], "texture": "#3"},
				"up": {"uv": [7.01714, 7.72571, 8.89429, 8.86286], "texture": "#3"},
				"down": {"uv": [7.01714, 7.72571, 8.89429, 8.86286], "texture": "#3"}
			}
		},
		{
			"from": [6.6305, 8.69667, 9.25],
			"to": [7.9305, 8.99667, 10.05],
			"rotation": {"angle": 22.5, "axis": "z", "origin": [7.0555, 8.82167, 9.65]},
			"faces": {
				"north": {"uv": [2.83886, 9.02057, 3.104, 8.73657], "texture": "#0"},
				"east": {"uv": [2.83886, 9.02057, 3.104, 8.73657], "texture": "#0"},
				"south": {"uv": [3.33886, 9.77057, 3.854, 9.23657], "texture": "#4"},
				"west": {"uv": [2.83886, 9.02057, 3.104, 8.73657], "texture": "#0"},
				"up": {"uv": [2.83886, 9.02057, 3.104, 8.73657], "texture": "#0"},
				"down": {"uv": [2.83886, 9.02057, 3.104, 8.73657], "texture": "#0"}
			}
		},
		{
			"from": [6.4305, 8.69667, 9.25],
			"to": [7.0305, 8.89667, 10.05],
			"rotation": {"angle": 22.5, "axis": "z", "origin": [7.0555, 8.82167, 9.65]},
			"faces": {
				"north": {"uv": [2.83886, 9.02057, 3.104, 8.73657], "texture": "#0"},
				"east": {"uv": [2.83886, 9.02057, 3.104, 8.73657], "texture": "#0"},
				"south": {"uv": [3.33886, 9.52057, 3.604, 9.23657], "texture": "#4"},
				"west": {"uv": [2.83886, 9.02057, 3.104, 8.73657], "texture": "#0"},
				"up": {"uv": [2.83886, 9.02057, 3.104, 8.73657], "texture": "#0"},
				"down": {"uv": [2.83886, 9.02057, 3.104, 8.73657], "texture": "#0"}
			}
		},
		{
			"from": [9.9695, 9.49667, 9.25],
			"to": [11.2695, 9.79667, 10.05],
			"rotation": {"angle": -22.5, "axis": "z", "origin": [8.9445, 8.92167, 9.65]},
			"faces": {
				"north": {"uv": [3.604, 9.52057, 3.33886, 9.23657], "texture": "#4"},
				"east": {"uv": [3.604, 9.52057, 3.33886, 9.23657], "texture": "#4"},
				"south": {"uv": [3.604, 9.52057, 3.33886, 9.23657], "texture": "#4"},
				"west": {"uv": [3.604, 9.52057, 3.33886, 9.23657], "texture": "#4"},
				"up": {"uv": [3.604, 9.52057, 3.33886, 9.23657], "texture": "#4"},
				"down": {"uv": [3.604, 9.52057, 3.33886, 9.23657], "texture": "#4"}
			}
		},
		{
			"from": [10.8695, 9.59667, 9.25],
			"to": [11.4695, 9.79667, 10.05],
			"rotation": {"angle": -22.5, "axis": "z", "origin": [8.9445, 8.92167, 9.65]},
			"faces": {
				"north": {"uv": [3.604, 9.52057, 3.33886, 9.23657], "texture": "#4"},
				"east": {"uv": [3.604, 9.52057, 3.33886, 9.23657], "texture": "#4"},
				"south": {"uv": [3.604, 9.52057, 3.33886, 9.23657], "texture": "#4"},
				"west": {"uv": [3.604, 9.52057, 3.33886, 9.23657], "texture": "#4"},
				"up": {"uv": [3.604, 9.52057, 3.33886, 9.23657], "texture": "#4"},
				"down": {"uv": [3.604, 9.52057, 3.33886, 9.23657], "texture": "#4"}
			}
		},
		{
			"from": [7.69525, 7.53024, 9.25],
			"to": [10.29525, 7.83024, 10.05],
			"rotation": {"angle": 0, "axis": "z", "origin": [8.34525, 6.63024, 9.75]},
			"faces": {
				"north": {"uv": [2.82743, 8.56229, 3.13543, 8.99486], "texture": "#0"},
				"east": {"uv": [2.82743, 8.56229, 3.13543, 8.99486], "texture": "#0"},
				"south": {"uv": [3.32743, 9.31229, 3.63543, 9.74486], "texture": "#4"},
				"west": {"uv": [2.82743, 8.56229, 3.13543, 8.99486], "texture": "#0"},
				"up": {"uv": [2.82743, 8.56229, 3.13543, 8.99486], "texture": "#0"},
				"down": {"uv": [2.82743, 8.56229, 3.13543, 8.99486], "texture": "#0"}
			}
		},
		{
			"from": [7.79525, 7.23024, 9.25],
			"to": [10.19525, 7.53024, 10.05],
			"rotation": {"angle": 0, "axis": "z", "origin": [8.34525, 6.63024, 9.75]},
			"faces": {
				"north": {"uv": [2.82743, 8.56229, 3.13543, 8.99486], "texture": "#0"},
				"east": {"uv": [2.82743, 8.56229, 3.13543, 8.99486], "texture": "#0"},
				"south": {"uv": [3.32743, 9.31229, 3.63543, 9.74486], "texture": "#4"},
				"west": {"uv": [2.82743, 8.56229, 3.13543, 8.99486], "texture": "#0"},
				"up": {"uv": [2.82743, 8.56229, 3.13543, 8.99486], "texture": "#0"},
				"down": {"uv": [2.82743, 8.56229, 3.13543, 8.99486], "texture": "#0"}
			}
		},
		{
			"from": [7.89525, 6.88024, 9.25],
			"to": [10.09525, 7.38024, 10.05],
			"rotation": {"angle": 0, "axis": "z", "origin": [8.34525, 6.63024, 9.75]},
			"faces": {
				"north": {"uv": [2.82743, 8.56229, 3.13543, 8.99486], "texture": "#0"},
				"east": {"uv": [2.82743, 8.56229, 3.13543, 8.99486], "texture": "#0"},
				"south": {"uv": [3.32743, 9.31229, 3.63543, 9.74486], "texture": "#4"},
				"west": {"uv": [2.82743, 8.56229, 3.13543, 8.99486], "texture": "#0"},
				"up": {"uv": [2.82743, 8.56229, 3.13543, 8.99486], "texture": "#0"},
				"down": {"uv": [2.82743, 8.56229, 3.13543, 8.99486], "texture": "#0"}
			}
		},
		{
			"from": [8.19525, 6.38024, 9.25],
			"to": [9.79525, 6.88024, 10.05],
			"rotation": {"angle": 0, "axis": "z", "origin": [8.34525, 6.63024, 9.75]},
			"faces": {
				"north": {"uv": [2.82743, 8.56229, 3.13543, 8.99486], "texture": "#0"},
				"east": {"uv": [2.82743, 8.56229, 3.13543, 8.99486], "texture": "#0"},
				"south": {"uv": [3.32743, 9.31229, 3.63543, 9.74486], "texture": "#4"},
				"west": {"uv": [2.82743, 8.56229, 3.13543, 8.99486], "texture": "#0"},
				"up": {"uv": [2.82743, 8.56229, 3.13543, 8.99486], "texture": "#0"},
				"down": {"uv": [2.82743, 8.56229, 3.13543, 8.99486], "texture": "#0"}
			}
		},
		{
			"from": [7.99525, 6.58024, 9.25],
			"to": [9.99525, 7.08024, 10.05],
			"rotation": {"angle": 0, "axis": "z", "origin": [8.34525, 6.63024, 9.75]},
			"faces": {
				"north": {"uv": [3.12743, 9.36229, 3.63543, 9.99486], "texture": "#4"},
				"east": {"uv": [3.12743, 9.36229, 3.63543, 9.99486], "texture": "#4"},
				"south": {"uv": [3.12743, 9.36229, 3.63543, 9.99486], "texture": "#4"},
				"west": {"uv": [3.12743, 9.36229, 3.63543, 9.99486], "texture": "#4"},
				"up": {"uv": [3.12743, 9.36229, 3.63543, 9.99486], "texture": "#4"},
				"down": {"uv": [3.12743, 9.36229, 3.63543, 9.99486], "texture": "#4"}
			}
		}
	],
	"display": {
		"thirdperson_righthand": {
			"rotation": [-104.53, 3.32, 177.46],
			"translation": [1.25, 0, 0]
		},
		"thirdperson_lefthand": {
			"rotation": [-118.29, -5.21, 179.5],
			"translation": [3.75, 3, 16.25]
		},
		"firstperson_righthand": {
			"rotation": [180, -3.25, 180],
			"translation": [2, 0, -1.75]
		},
		"firstperson_lefthand": {
			"translation": [0, -8, 0]
		},
		"ground": {
			"translation": [0, 3.25, 0]
		},
		"gui": {
			"translation": [-1, 0.75, 0]
		},
		"head": {
			"rotation": [-180, 6, -180],
			"translation": [-16.5, 0, -2.75],
			"scale": [1.36719, 1.38867, 1.37695]
		},
		"fixed": {
			"rotation": [-180, 1.25, -180],
			"translation": [1.25, 0, 0]
		}
	}
}