{
	"credit": "Made with Blockbench",
	"textures": {
		"0": "block/glass",
		"1": "item/music_disc_pigstep",
		"particle": "block/glass"
	},
	"elements": [
		{
			"from": [7, 0, 8],
			"to": [8, 0.2, 9],
			"faces": {
				"north": {"uv": [0, 0, 16, 16], "texture": "#0"},
				"east": {"uv": [0, 0, 16, 16], "texture": "#0"},
				"south": {"uv": [0, 0, 16, 16], "texture": "#0"},
				"west": {"uv": [0, 0, 16, 16], "texture": "#0"},
				"up": {"uv": [0, 0, 16, 16], "texture": "#0"},
				"down": {"uv": [0, 0, 16, 16], "texture": "#0"}
			}
		},
		{
			"from": [7, 0, 9],
			"to": [8, 0.2, 9.2],
			"faces": {
				"north": {"uv": [0.3, 0, 15.7, 15.9], "texture": "#0"},
				"east": {"uv": [0.3, 0, 15.7, 15.9], "texture": "#0"},
				"south": {"uv": [0.3, 0, 15.7, 15.9], "texture": "#0"},
				"west": {"uv": [0.3, 0, 15.7, 15.9], "texture": "#0"},
				"up": {"uv": [0.3, 0, 15.7, 15.9], "texture": "#0"},
				"down": {"uv": [0.3, 0, 15.7, 15.9], "texture": "#0"}
			}
		},
		{
			"from": [7, 0.2, 9.2],
			"to": [8, 1.3, 9.3],
			"faces": {
				"north": {"uv": [1, 1.2, 14.9, 14.9], "texture": "#0"},
				"east": {"uv": [1, 1.2, 14.9, 14.9], "texture": "#0"},
				"south": {"uv": [1, 1.2, 14.9, 14.9], "texture": "#0"},
				"west": {"uv": [1, 1.2, 14.9, 14.9], "texture": "#0"},
				"up": {"uv": [1, 1.2, 14.9, 14.9], "texture": "#0"},
				"down": {"uv": [1, 1.2, 14.9, 14.9], "texture": "#0"}
			}
		},
		{
			"from": [7, 1.3, 9.3],
			"to": [8, 2.4, 9.4],
			"faces": {
				"north": {"uv": [1, 1.2, 14.9, 14.9], "texture": "#0"},
				"east": {"uv": [1, 1.2, 14.9, 14.9], "texture": "#0"},
				"south": {"uv": [1, 1.2, 14.9, 14.9], "texture": "#0"},
				"west": {"uv": [1, 1.2, 14.9, 14.9], "texture": "#0"},
				"up": {"uv": [1, 1.2, 14.9, 14.9], "texture": "#0"},
				"down": {"uv": [1, 1.2, 14.9, 14.9], "texture": "#0"}
			}
		},
		{
			"from": [7, 2.4, 9.4],
			"to": [8, 3.5, 9.5],
			"faces": {
				"north": {"uv": [1.3, 0, 14.9, 14.6], "texture": "#0"},
				"east": {"uv": [1.3, 0, 14.9, 14.6], "texture": "#0"},
				"south": {"uv": [1.3, 0, 14.9, 14.6], "texture": "#0"},
				"west": {"uv": [1.3, 0, 14.9, 14.6], "texture": "#0"},
				"up": {"uv": [1.3, 0, 14.9, 14.6], "texture": "#0"},
				"down": {"uv": [1.3, 0, 14.9, 14.6], "texture": "#0"}
			}
		},
		{
			"from": [7, 0.2, 7.7],
			"to": [8, 1.3, 7.8],
			"rotation": {"angle": 0, "axis": "y", "origin": [7.5, 1.85, 6.85]},
			"faces": {
				"north": {"uv": [1, 1.2, 14.9, 14.9], "texture": "#0"},
				"east": {"uv": [1, 1.2, 14.9, 14.9], "texture": "#0"},
				"south": {"uv": [1, 1.2, 14.9, 14.9], "texture": "#0"},
				"west": {"uv": [1, 1.2, 14.9, 14.9], "texture": "#0"},
				"up": {"uv": [1, 1.2, 14.9, 14.9], "texture": "#0"},
				"down": {"uv": [1, 1.2, 14.9, 14.9], "texture": "#0"}
			}
		},
		{
			"from": [7, 1.3, 7.6],
			"to": [8, 2.4, 7.7],
			"rotation": {"angle": 0, "axis": "y", "origin": [7.5, 1.85, 6.85]},
			"faces": {
				"north": {"uv": [1, 1.2, 14.9, 14.9], "texture": "#0"},
				"east": {"uv": [1, 1.2, 14.9, 14.9], "texture": "#0"},
				"south": {"uv": [1, 1.2, 14.9, 14.9], "texture": "#0"},
				"west": {"uv": [1, 1.2, 14.9, 14.9], "texture": "#0"},
				"up": {"uv": [1, 1.2, 14.9, 14.9], "texture": "#0"},
				"down": {"uv": [1, 1.2, 14.9, 14.9], "texture": "#0"}
			}
		},
		{
			"from": [7, 2.4, 7.5],
			"to": [8, 3.5, 7.6],
			"rotation": {"angle": 0, "axis": "y", "origin": [7.5, 1.85, 6.85]},
			"faces": {
				"north": {"uv": [1.3, 0, 14.9, 14.6], "texture": "#0"},
				"east": {"uv": [1.3, 0, 14.9, 14.6], "texture": "#0"},
				"south": {"uv": [1.3, 0, 14.9, 14.6], "texture": "#0"},
				"west": {"uv": [1.3, 0, 14.9, 14.6], "texture": "#0"},
				"up": {"uv": [1.3, 0, 14.9, 14.6], "texture": "#0"},
				"down": {"uv": [1.3, 0, 14.9, 14.6], "texture": "#0"}
			}
		},
		{
			"from": [8.15, 0.2, 8],
			"to": [8.25, 1.3, 9],
			"rotation": {"angle": 0, "axis": "y", "origin": [8.5, 1.85, 7.65]},
			"faces": {
				"north": {"uv": [1, 1.2, 14.9, 14.9], "texture": "#0"},
				"east": {"uv": [1, 1.2, 14.9, 14.9], "texture": "#0"},
				"south": {"uv": [1, 1.2, 14.9, 14.9], "texture": "#0"},
				"west": {"uv": [1, 1.2, 14.9, 14.9], "texture": "#0"},
				"up": {"uv": [1, 1.2, 14.9, 14.9], "texture": "#0"},
				"down": {"uv": [1, 1.2, 14.9, 14.9], "texture": "#0"}
			}
		},
		{
			"from": [8.25, 1.3, 8],
			"to": [8.35, 2.4, 9],
			"rotation": {"angle": 0, "axis": "y", "origin": [8.5, 1.85, 7.65]},
			"faces": {
				"north": {"uv": [1, 1.2, 14.9, 14.9], "texture": "#0"},
				"east": {"uv": [1, 1.2, 14.9, 14.9], "texture": "#0"},
				"south": {"uv": [1, 1.2, 14.9, 14.9], "texture": "#0"},
				"west": {"uv": [1, 1.2, 14.9, 14.9], "texture": "#0"},
				"up": {"uv": [1, 1.2, 14.9, 14.9], "texture": "#0"},
				"down": {"uv": [1, 1.2, 14.9, 14.9], "texture": "#0"}
			}
		},
		{
			"from": [8.35, 2.4, 8],
			"to": [8.45, 3.5, 9],
			"rotation": {"angle": 0, "axis": "y", "origin": [8.5, 1.85, 7.65]},
			"faces": {
				"north": {"uv": [1.3, 0, 14.9, 14.6], "texture": "#0"},
				"east": {"uv": [1.3, 0, 14.9, 14.6], "texture": "#0"},
				"south": {"uv": [1.3, 0, 14.9, 14.6], "texture": "#0"},
				"west": {"uv": [1.3, 0, 14.9, 14.6], "texture": "#0"},
				"up": {"uv": [1.3, 0, 14.9, 14.6], "texture": "#0"},
				"down": {"uv": [1.3, 0, 14.9, 14.6], "texture": "#0"}
			}
		},
		{
			"from": [6.75, 0.2, 8],
			"to": [6.85, 1.3, 9],
			"rotation": {"angle": 0, "axis": "y", "origin": [6.5, 1.85, 8.55]},
			"faces": {
				"north": {"uv": [1, 1.2, 14.9, 14.9], "texture": "#0"},
				"east": {"uv": [1, 1.2, 14.9, 14.9], "texture": "#0"},
				"south": {"uv": [1, 1.2, 14.9, 14.9], "texture": "#0"},
				"west": {"uv": [1, 1.2, 14.9, 14.9], "texture": "#0"},
				"up": {"uv": [1, 1.2, 14.9, 14.9], "texture": "#0"},
				"down": {"uv": [1, 1.2, 14.9, 14.9], "texture": "#0"}
			}
		},
		{
			"from": [6.85, 0.2, 7.8],
			"to": [7.05, 1.3, 8],
			"rotation": {"angle": 0, "axis": "y", "origin": [6.5, 1.85, 8.55]},
			"faces": {
				"north": {"uv": [1, 1.2, 14.9, 14.9], "texture": "#0"},
				"east": {"uv": [1, 1.2, 14.9, 14.9], "texture": "#0"},
				"south": {"uv": [1, 1.2, 14.9, 14.9], "texture": "#0"},
				"west": {"uv": [1, 1.2, 14.9, 14.9], "texture": "#0"},
				"up": {"uv": [1, 1.2, 14.9, 14.9], "texture": "#0"},
				"down": {"uv": [1, 1.2, 14.9, 14.9], "texture": "#0"}
			}
		},
		{
			"from": [7.95, 0.2, 7.8],
			"to": [8.15, 1.3, 8],
			"rotation": {"angle": 0, "axis": "y", "origin": [6.5, 1.85, 8.55]},
			"faces": {
				"north": {"uv": [1, 1.2, 14.9, 14.9], "texture": "#0"},
				"east": {"uv": [1, 1.2, 14.9, 14.9], "texture": "#0"},
				"south": {"uv": [1, 1.2, 14.9, 14.9], "texture": "#0"},
				"west": {"uv": [1, 1.2, 14.9, 14.9], "texture": "#0"},
				"up": {"uv": [1, 1.2, 14.9, 14.9], "texture": "#0"},
				"down": {"uv": [1, 1.2, 14.9, 14.9], "texture": "#0"}
			}
		},
		{
			"from": [6.85, 0.2, 9],
			"to": [7.05, 1.3, 9.2],
			"rotation": {"angle": 0, "axis": "y", "origin": [6.5, 1.85, 8.55]},
			"faces": {
				"north": {"uv": [1, 1.2, 14.9, 14.9], "texture": "#0"},
				"east": {"uv": [1, 1.2, 14.9, 14.9], "texture": "#0"},
				"south": {"uv": [1, 1.2, 14.9, 14.9], "texture": "#0"},
				"west": {"uv": [1, 1.2, 14.9, 14.9], "texture": "#0"},
				"up": {"uv": [1, 1.2, 14.9, 14.9], "texture": "#0"},
				"down": {"uv": [1, 1.2, 14.9, 14.9], "texture": "#0"}
			}
		},
		{
			"from": [7.95, 0.2, 9],
			"to": [8.15, 1.3, 9.2],
			"rotation": {"angle": 0, "axis": "y", "origin": [6.5, 1.85, 8.55]},
			"faces": {
				"north": {"uv": [1, 1.2, 14.9, 14.9], "texture": "#0"},
				"east": {"uv": [1, 1.2, 14.9, 14.9], "texture": "#0"},
				"south": {"uv": [1, 1.2, 14.9, 14.9], "texture": "#0"},
				"west": {"uv": [1, 1.2, 14.9, 14.9], "texture": "#0"},
				"up": {"uv": [1, 1.2, 14.9, 14.9], "texture": "#0"},
				"down": {"uv": [1, 1.2, 14.9, 14.9], "texture": "#0"}
			}
		},
		{
			"from": [6.75, 1.3, 7.7],
			"to": [6.85, 2.4, 8],
			"rotation": {"angle": 0, "axis": "y", "origin": [6.5, 1.85, 8.55]},
			"faces": {
				"north": {"uv": [1, 1.2, 14.9, 14.9], "texture": "#0"},
				"east": {"uv": [1, 1.2, 14.9, 14.9], "texture": "#0"},
				"south": {"uv": [1, 1.2, 14.9, 14.9], "texture": "#0"},
				"west": {"uv": [1, 1.2, 14.9, 14.9], "texture": "#0"},
				"up": {"uv": [1, 1.2, 14.9, 14.9], "texture": "#0"},
				"down": {"uv": [1, 1.2, 14.9, 14.9], "texture": "#0"}
			}
		},
		{
			"from": [6.85, 1.3, 7.7],
			"to": [7.05, 2.4, 7.8],
			"rotation": {"angle": 0, "axis": "y", "origin": [6.5, 1.85, 8.55]},
			"faces": {
				"north": {"uv": [1, 1.2, 14.9, 14.9], "texture": "#0"},
				"east": {"uv": [1, 1.2, 14.9, 14.9], "texture": "#0"},
				"south": {"uv": [1, 1.2, 14.9, 14.9], "texture": "#0"},
				"west": {"uv": [1, 1.2, 14.9, 14.9], "texture": "#0"},
				"up": {"uv": [1, 1.2, 14.9, 14.9], "texture": "#0"},
				"down": {"uv": [1, 1.2, 14.9, 14.9], "texture": "#0"}
			}
		},
		{
			"from": [7.95, 1.3, 7.7],
			"to": [8.15, 2.4, 7.8],
			"rotation": {"angle": 0, "axis": "z", "origin": [8.875, 1.85, 7.8]},
			"faces": {
				"north": {"uv": [1, 1.2, 14.9, 14.9], "rotation": 180, "texture": "#0"},
				"east": {"uv": [1, 1.2, 14.9, 14.9], "rotation": 180, "texture": "#0"},
				"south": {"uv": [1, 1.2, 14.9, 14.9], "rotation": 180, "texture": "#0"},
				"west": {"uv": [1, 1.2, 14.9, 14.9], "rotation": 180, "texture": "#0"},
				"up": {"uv": [1, 1.2, 14.9, 14.9], "rotation": 180, "texture": "#0"},
				"down": {"uv": [1, 1.2, 14.9, 14.9], "rotation": 180, "texture": "#0"}
			}
		},
		{
			"from": [8.15, 1.3, 7.7],
			"to": [8.25, 2.4, 8],
			"rotation": {"angle": 0, "axis": "z", "origin": [8.875, 1.85, 7.8]},
			"faces": {
				"north": {"uv": [1, 1.2, 14.9, 14.9], "rotation": 180, "texture": "#0"},
				"east": {"uv": [1, 1.2, 14.9, 14.9], "rotation": 180, "texture": "#0"},
				"south": {"uv": [1, 1.2, 14.9, 14.9], "rotation": 180, "texture": "#0"},
				"west": {"uv": [1, 1.2, 14.9, 14.9], "rotation": 180, "texture": "#0"},
				"up": {"uv": [1, 1.2, 14.9, 14.9], "rotation": 180, "texture": "#0"},
				"down": {"uv": [1, 1.2, 14.9, 14.9], "rotation": 180, "texture": "#0"}
			}
		},
		{
			"from": [7.95, 1.3, 9.2],
			"to": [8.15, 2.4, 9.3],
			"rotation": {"angle": 0, "axis": "x", "origin": [7.5, 4.05, 7.8]},
			"faces": {
				"north": {"uv": [1, 1.2, 14.9, 14.9], "texture": "#0"},
				"east": {"uv": [1, 1.2, 14.9, 14.9], "texture": "#0"},
				"south": {"uv": [1, 1.2, 14.9, 14.9], "texture": "#0"},
				"west": {"uv": [1, 1.2, 14.9, 14.9], "texture": "#0"},
				"up": {"uv": [1, 1.2, 14.9, 14.9], "texture": "#0"},
				"down": {"uv": [1, 1.2, 14.9, 14.9], "texture": "#0"}
			}
		},
		{
			"from": [8.15, 1.3, 9],
			"to": [8.25, 2.4, 9.3],
			"rotation": {"angle": 0, "axis": "x", "origin": [7.5, 4.05, 7.8]},
			"faces": {
				"north": {"uv": [1, 1.2, 14.9, 14.9], "texture": "#0"},
				"east": {"uv": [1, 1.2, 14.9, 14.9], "texture": "#0"},
				"south": {"uv": [1, 1.2, 14.9, 14.9], "texture": "#0"},
				"west": {"uv": [1, 1.2, 14.9, 14.9], "texture": "#0"},
				"up": {"uv": [1, 1.2, 14.9, 14.9], "texture": "#0"},
				"down": {"uv": [1, 1.2, 14.9, 14.9], "texture": "#0"}
			}
		},
		{
			"from": [6.75, 1.3, 9],
			"to": [6.85, 2.4, 9.3],
			"rotation": {"angle": 0, "axis": "x", "origin": [7.5, 4.05, 7.8]},
			"faces": {
				"north": {"uv": [1, 1.2, 14.9, 14.9], "rotation": 180, "texture": "#0"},
				"east": {"uv": [1, 1.2, 14.9, 14.9], "rotation": 180, "texture": "#0"},
				"south": {"uv": [1, 1.2, 14.9, 14.9], "rotation": 180, "texture": "#0"},
				"west": {"uv": [1, 1.2, 14.9, 14.9], "rotation": 180, "texture": "#0"},
				"up": {"uv": [1, 1.2, 14.9, 14.9], "rotation": 180, "texture": "#0"},
				"down": {"uv": [1, 1.2, 14.9, 14.9], "rotation": 180, "texture": "#0"}
			}
		},
		{
			"from": [6.85, 1.3, 9.2],
			"to": [7.05, 2.4, 9.3],
			"rotation": {"angle": 0, "axis": "x", "origin": [7.5, 4.05, 7.8]},
			"faces": {
				"north": {"uv": [1, 1.2, 14.9, 14.9], "rotation": 180, "texture": "#0"},
				"east": {"uv": [1, 1.2, 14.9, 14.9], "rotation": 180, "texture": "#0"},
				"south": {"uv": [1, 1.2, 14.9, 14.9], "rotation": 180, "texture": "#0"},
				"west": {"uv": [1, 1.2, 14.9, 14.9], "rotation": 180, "texture": "#0"},
				"up": {"uv": [1, 1.2, 14.9, 14.9], "rotation": 180, "texture": "#0"},
				"down": {"uv": [1, 1.2, 14.9, 14.9], "rotation": 180, "texture": "#0"}
			}
		},
		{
			"from": [6.65, 2.4, 8.9],
			"to": [6.75, 3.5, 9.4],
			"rotation": {"angle": 0, "axis": "y", "origin": [6.5, 1.85, 8.55]},
			"faces": {
				"north": {"uv": [1.3, 0, 14.9, 14.6], "texture": "#0"},
				"east": {"uv": [1.3, 0, 14.9, 14.6], "texture": "#0"},
				"south": {"uv": [1.3, 0, 14.9, 14.6], "texture": "#0"},
				"west": {"uv": [1.3, 0, 14.9, 14.6], "texture": "#0"},
				"up": {"uv": [1.3, 0, 14.9, 14.6], "texture": "#0"},
				"down": {"uv": [1.3, 0, 14.9, 14.6], "texture": "#0"}
			}
		},
		{
			"from": [6.75, 2.4, 9.3],
			"to": [7.05, 3.5, 9.4],
			"rotation": {"angle": 0, "axis": "y", "origin": [6.5, 1.85, 8.55]},
			"faces": {
				"north": {"uv": [1.3, 0, 14.9, 14.6], "texture": "#0"},
				"east": {"uv": [1.3, 0, 14.9, 14.6], "texture": "#0"},
				"south": {"uv": [1.3, 0, 14.9, 14.6], "texture": "#0"},
				"west": {"uv": [1.3, 0, 14.9, 14.6], "texture": "#0"},
				"up": {"uv": [1.3, 0, 14.9, 14.6], "texture": "#0"},
				"down": {"uv": [1.3, 0, 14.9, 14.6], "texture": "#0"}
			}
		},
		{
			"from": [6.65, 2.4, 7.6],
			"to": [6.75, 3.5, 8.1],
			"rotation": {"angle": 0, "axis": "x", "origin": [6.7, 2.95, 7.85]},
			"faces": {
				"north": {"uv": [1.3, 0, 14.9, 14.6], "texture": "#0"},
				"east": {"uv": [1.3, 0, 14.9, 14.6], "texture": "#0"},
				"south": {"uv": [1.3, 0, 14.9, 14.6], "texture": "#0"},
				"west": {"uv": [1.3, 0, 14.9, 14.6], "texture": "#0"},
				"up": {"uv": [1.3, 0, 14.9, 14.6], "rotation": 180, "texture": "#0"},
				"down": {"uv": [1.3, 0, 14.9, 14.6], "rotation": 180, "texture": "#0"}
			}
		},
		{
			"from": [6.75, 2.4, 7.6],
			"to": [7.05, 3.5, 7.7],
			"rotation": {"angle": 0, "axis": "x", "origin": [6.9, 2.95, 7.65]},
			"faces": {
				"north": {"uv": [1.3, 0, 14.9, 14.6], "texture": "#0"},
				"east": {"uv": [1.3, 0, 14.9, 14.6], "texture": "#0"},
				"south": {"uv": [1.3, 0, 14.9, 14.6], "texture": "#0"},
				"west": {"uv": [1.3, 0, 14.9, 14.6], "texture": "#0"},
				"up": {"uv": [1.3, 0, 14.9, 14.6], "rotation": 180, "texture": "#0"},
				"down": {"uv": [1.3, 0, 14.9, 14.6], "rotation": 180, "texture": "#0"}
			}
		},
		{
			"from": [8.25, 2.4, 7.6],
			"to": [8.35, 3.5, 8.1],
			"rotation": {"angle": 0, "axis": "z", "origin": [7.9, 2.95, 8.5]},
			"faces": {
				"north": {"uv": [1.3, 0, 14.9, 14.6], "texture": "#0"},
				"east": {"uv": [1.3, 0, 14.9, 14.6], "texture": "#0"},
				"south": {"uv": [1.3, 0, 14.9, 14.6], "texture": "#0"},
				"west": {"uv": [1.3, 0, 14.9, 14.6], "texture": "#0"},
				"up": {"uv": [1.3, 0, 14.9, 14.6], "texture": "#0"},
				"down": {"uv": [1.3, 0, 14.9, 14.6], "texture": "#0"}
			}
		},
		{
			"from": [7.95, 2.4, 7.6],
			"to": [8.25, 3.5, 7.7],
			"rotation": {"angle": 0, "axis": "z", "origin": [7.9, 2.95, 8.5]},
			"faces": {
				"north": {"uv": [1.3, 0, 14.9, 14.6], "texture": "#0"},
				"east": {"uv": [1.3, 0, 14.9, 14.6], "texture": "#0"},
				"south": {"uv": [1.3, 0, 14.9, 14.6], "texture": "#0"},
				"west": {"uv": [1.3, 0, 14.9, 14.6], "texture": "#0"},
				"up": {"uv": [1.3, 0, 14.9, 14.6], "texture": "#0"},
				"down": {"uv": [1.3, 0, 14.9, 14.6], "texture": "#0"}
			}
		},
		{
			"from": [8.25, 2.4, 8.9],
			"to": [8.35, 3.5, 9.4],
			"rotation": {"angle": 0, "axis": "x", "origin": [8.3, 2.95, 9.15]},
			"faces": {
				"north": {"uv": [1.3, 0, 14.9, 14.6], "texture": "#0"},
				"east": {"uv": [1.3, 0, 14.9, 14.6], "texture": "#0"},
				"south": {"uv": [1.3, 0, 14.9, 14.6], "texture": "#0"},
				"west": {"uv": [1.3, 0, 14.9, 14.6], "texture": "#0"},
				"up": {"uv": [1.3, 0, 14.9, 14.6], "rotation": 180, "texture": "#0"},
				"down": {"uv": [1.3, 0, 14.9, 14.6], "rotation": 180, "texture": "#0"}
			}
		},
		{
			"from": [7.95, 2.4, 9.3],
			"to": [8.25, 3.5, 9.4],
			"rotation": {"angle": 0, "axis": "z", "origin": [8.1, 2.95, 9.35]},
			"faces": {
				"north": {"uv": [1.3, 0, 14.9, 14.6], "texture": "#0"},
				"east": {"uv": [1.3, 0, 14.9, 14.6], "texture": "#0"},
				"south": {"uv": [1.3, 0, 14.9, 14.6], "texture": "#0"},
				"west": {"uv": [1.3, 0, 14.9, 14.6], "texture": "#0"},
				"up": {"uv": [1.3, 0, 14.9, 14.6], "texture": "#0"},
				"down": {"uv": [1.3, 0, 14.9, 14.6], "texture": "#0"}
			}
		},
		{
			"from": [6.65, 1.3, 8],
			"to": [6.75, 2.4, 9],
			"rotation": {"angle": 0, "axis": "y", "origin": [6.5, 1.85, 8.55]},
			"faces": {
				"north": {"uv": [1, 1.2, 14.9, 14.9], "texture": "#0"},
				"east": {"uv": [1, 1.2, 14.9, 14.9], "texture": "#0"},
				"south": {"uv": [1, 1.2, 14.9, 14.9], "texture": "#0"},
				"west": {"uv": [1, 1.2, 14.9, 14.9], "texture": "#0"},
				"up": {"uv": [1, 1.2, 14.9, 14.9], "texture": "#0"},
				"down": {"uv": [1, 1.2, 14.9, 14.9], "texture": "#0"}
			}
		},
		{
			"from": [6.55, 2.4, 8],
			"to": [6.65, 3.5, 9],
			"rotation": {"angle": 0, "axis": "y", "origin": [6.5, 1.85, 8.55]},
			"faces": {
				"north": {"uv": [1.3, 0, 14.9, 14.6], "texture": "#0"},
				"east": {"uv": [1.3, 0, 14.9, 14.6], "texture": "#0"},
				"south": {"uv": [1.3, 0, 14.9, 14.6], "texture": "#0"},
				"west": {"uv": [1.3, 0, 14.9, 14.6], "texture": "#0"},
				"up": {"uv": [1.3, 0, 14.9, 14.6], "texture": "#0"},
				"down": {"uv": [1.3, 0, 14.9, 14.6], "texture": "#0"}
			}
		},
		{
			"from": [7, 0, 7.8],
			"to": [8, 0.2, 8],
			"faces": {
				"north": {"uv": [0.2, 0, 16, 15.7], "texture": "#0"},
				"east": {"uv": [0.2, 0, 16, 15.7], "texture": "#0"},
				"south": {"uv": [0.2, 0, 16, 15.7], "texture": "#0"},
				"west": {"uv": [0.2, 0, 16, 15.7], "texture": "#0"},
				"up": {"uv": [0.2, 0, 16, 15.7], "texture": "#0"},
				"down": {"uv": [0.2, 0, 16, 15.7], "texture": "#0"}
			}
		},
		{
			"from": [7.95, 0, 8],
			"to": [8.15, 0.2, 9],
			"rotation": {"angle": 0, "axis": "y", "origin": [8.5, 0.1, 7.75]},
			"faces": {
				"north": {"uv": [0, 0, 16, 15.9], "rotation": 270, "texture": "#0"},
				"east": {"uv": [0, 0, 16, 15.9], "rotation": 270, "texture": "#0"},
				"south": {"uv": [0, 0, 16, 15.9], "rotation": 270, "texture": "#0"},
				"west": {"uv": [0, 0, 16, 15.9], "rotation": 270, "texture": "#0"},
				"up": {"uv": [0, 0, 16, 15.9], "rotation": 270, "texture": "#0"},
				"down": {"uv": [0, 0, 16, 15.9], "rotation": 270, "texture": "#0"}
			}
		},
		{
			"from": [6.85, 0, 8],
			"to": [7.05, 0.2, 9],
			"rotation": {"angle": 0, "axis": "y", "origin": [8.5, 0.1, 7.75]},
			"faces": {
				"north": {"uv": [0.3, 0, 15.7, 15.9], "rotation": 270, "texture": "#0"},
				"east": {"uv": [0.3, 0, 15.7, 15.9], "rotation": 270, "texture": "#0"},
				"south": {"uv": [0.3, 0, 15.7, 15.9], "rotation": 270, "texture": "#0"},
				"west": {"uv": [0.3, 0, 15.7, 15.9], "rotation": 270, "texture": "#0"},
				"up": {"uv": [0.3, 0, 15.7, 15.9], "rotation": 270, "texture": "#0"},
				"down": {"uv": [0.3, 0, 15.7, 15.9], "rotation": 270, "texture": "#0"}
			}
		},
		{
			"from": [7, 0.2, 8],
			"to": [8, 1.3, 9],
			"faces": {
				"north": {"uv": [6.2, 8.4, 6.8, 8.8], "texture": "#1"},
				"east": {"uv": [6.2, 8.4, 6.8, 8.8], "texture": "#1"},
				"south": {"uv": [6.2, 8.4, 6.8, 8.8], "texture": "#1"},
				"west": {"uv": [6.2, 8.4, 6.8, 8.8], "texture": "#1"},
				"up": {"uv": [6.2, 8.4, 6.8, 8.8], "texture": "#1"},
				"down": {"uv": [6.2, 8.4, 6.8, 8.8], "texture": "#1"}
			}
		},
		{
			"from": [7.95, 0.2, 8],
			"to": [8.15, 1.3, 9],
			"rotation": {"angle": 0, "axis": "y", "origin": [8.5, 0.1, 7.75]},
			"faces": {
				"north": {"uv": [6.2, 8.4, 6.8, 8.8], "rotation": 270, "texture": "#1"},
				"east": {"uv": [6.2, 8.4, 6.8, 8.8], "rotation": 270, "texture": "#1"},
				"south": {"uv": [6.2, 8.4, 6.8, 8.8], "rotation": 270, "texture": "#1"},
				"west": {"uv": [6.2, 8.4, 6.8, 8.8], "rotation": 270, "texture": "#1"},
				"up": {"uv": [6.2, 8.4, 6.8, 8.8], "rotation": 270, "texture": "#1"},
				"down": {"uv": [6.2, 8.4, 6.8, 8.8], "rotation": 270, "texture": "#1"}
			}
		},
		{
			"from": [7, 0.2, 9],
			"to": [8, 1.3, 9.2],
			"faces": {
				"north": {"uv": [6.5, 8.4, 6.8, 8.8], "texture": "#1"},
				"east": {"uv": [6.5, 8.4, 6.8, 8.8], "texture": "#1"},
				"south": {"uv": [6.5, 8.4, 6.8, 8.8], "texture": "#1"},
				"west": {"uv": [6.5, 8.4, 6.8, 8.8], "texture": "#1"},
				"up": {"uv": [6.5, 8.4, 6.8, 8.8], "texture": "#1"},
				"down": {"uv": [6.5, 8.4, 6.8, 8.8], "texture": "#1"}
			}
		},
		{
			"from": [6.85, 0.2, 8],
			"to": [7.05, 1.3, 9],
			"rotation": {"angle": 0, "axis": "y", "origin": [8.5, 0.1, 7.75]},
			"faces": {
				"north": {"uv": [6.5, 8.4, 6.8, 8.8], "rotation": 270, "texture": "#1"},
				"east": {"uv": [6.5, 8.4, 6.8, 8.8], "rotation": 270, "texture": "#1"},
				"south": {"uv": [6.5, 8.4, 6.8, 8.8], "rotation": 270, "texture": "#1"},
				"west": {"uv": [6.5, 8.4, 6.8, 8.8], "rotation": 270, "texture": "#1"},
				"up": {"uv": [6.5, 8.4, 6.8, 8.8], "rotation": 270, "texture": "#1"},
				"down": {"uv": [6.5, 8.4, 6.8, 8.8], "rotation": 270, "texture": "#1"}
			}
		},
		{
			"from": [7, 0.2, 7.8],
			"to": [8, 1.3, 8],
			"faces": {
				"north": {"uv": [6.4, 8.4, 6.8, 8.8], "texture": "#1"},
				"east": {"uv": [6.4, 8.4, 6.8, 8.8], "texture": "#1"},
				"south": {"uv": [6.4, 8.4, 6.8, 8.8], "texture": "#1"},
				"west": {"uv": [6.4, 8.4, 6.8, 8.8], "texture": "#1"},
				"up": {"uv": [6.4, 8.4, 6.8, 8.8], "texture": "#1"},
				"down": {"uv": [6.4, 8.4, 6.8, 8.8], "texture": "#1"}
			}
		},
		{
			"from": [7, 1.3, 7.7],
			"to": [8, 2.4, 8],
			"faces": {
				"north": {"uv": [6.4, 8.4, 6.8, 8.8], "texture": "#1"},
				"east": {"uv": [6.4, 8.4, 6.8, 8.8], "texture": "#1"},
				"south": {"uv": [6.4, 8.4, 6.8, 8.8], "texture": "#1"},
				"west": {"uv": [6.4, 8.4, 6.8, 8.8], "texture": "#1"},
				"up": {"uv": [6.4, 8.4, 6.8, 8.8], "texture": "#1"},
				"down": {"uv": [6.4, 8.4, 6.8, 8.8], "texture": "#1"}
			}
		},
		{
			"from": [6.75, 1.3, 8],
			"to": [7.05, 2.4, 9],
			"rotation": {"angle": 0, "axis": "y", "origin": [8.5, 0.1, 7.75]},
			"faces": {
				"north": {"uv": [6.5, 8.4, 6.8, 8.8], "rotation": 270, "texture": "#1"},
				"east": {"uv": [6.5, 8.4, 6.8, 8.8], "rotation": 270, "texture": "#1"},
				"south": {"uv": [6.5, 8.4, 6.8, 8.8], "rotation": 270, "texture": "#1"},
				"west": {"uv": [6.5, 8.4, 6.8, 8.8], "rotation": 270, "texture": "#1"},
				"up": {"uv": [6.5, 8.4, 6.8, 8.8], "rotation": 270, "texture": "#1"},
				"down": {"uv": [6.5, 8.4, 6.8, 8.8], "rotation": 270, "texture": "#1"}
			}
		},
		{
			"from": [7, 1.3, 9],
			"to": [8, 2.4, 9.3],
			"faces": {
				"north": {"uv": [6.5, 8.4, 6.8, 8.8], "texture": "#1"},
				"east": {"uv": [6.5, 8.4, 6.8, 8.8], "texture": "#1"},
				"south": {"uv": [6.5, 8.4, 6.8, 8.8], "texture": "#1"},
				"west": {"uv": [6.5, 8.4, 6.8, 8.8], "texture": "#1"},
				"up": {"uv": [6.5, 8.4, 6.8, 8.8], "texture": "#1"},
				"down": {"uv": [6.5, 8.4, 6.8, 8.8], "texture": "#1"}
			}
		},
		{
			"from": [7.95, 1.3, 8],
			"to": [8.25, 2.4, 9],
			"rotation": {"angle": 0, "axis": "y", "origin": [8.5, 0.1, 7.75]},
			"faces": {
				"north": {"uv": [6.2, 8.4, 6.8, 8.8], "rotation": 270, "texture": "#1"},
				"east": {"uv": [6.2, 8.4, 6.8, 8.8], "rotation": 270, "texture": "#1"},
				"south": {"uv": [6.2, 8.4, 6.8, 8.8], "rotation": 270, "texture": "#1"},
				"west": {"uv": [6.2, 8.4, 6.8, 8.8], "rotation": 270, "texture": "#1"},
				"up": {"uv": [6.2, 8.4, 6.8, 8.8], "rotation": 270, "texture": "#1"},
				"down": {"uv": [6.2, 8.4, 6.8, 8.8], "rotation": 270, "texture": "#1"}
			}
		},
		{
			"from": [7, 1.3, 8],
			"to": [8, 2.4, 9],
			"faces": {
				"north": {"uv": [6.2, 8.4, 6.8, 8.8], "texture": "#1"},
				"east": {"uv": [6.2, 8.4, 6.8, 8.8], "texture": "#1"},
				"south": {"uv": [6.2, 8.4, 6.8, 8.8], "texture": "#1"},
				"west": {"uv": [6.2, 8.4, 6.8, 8.8], "texture": "#1"},
				"up": {"uv": [6.2, 8.4, 6.8, 8.8], "texture": "#1"},
				"down": {"uv": [6.2, 8.4, 6.8, 8.8], "texture": "#1"}
			}
		},
		{
			"from": [7, 2.4, 9],
			"to": [8, 3.1, 9.4],
			"faces": {
				"north": {"uv": [6.5, 8.4, 6.8, 8.8], "texture": "#1"},
				"east": {"uv": [6.5, 8.4, 6.8, 8.8], "texture": "#1"},
				"south": {"uv": [6.5, 8.4, 6.8, 8.8], "texture": "#1"},
				"west": {"uv": [6.5, 8.4, 6.8, 8.8], "texture": "#1"},
				"up": {"uv": [6.5, 8.4, 6.8, 8.8], "texture": "#1"},
				"down": {"uv": [6.5, 8.4, 6.8, 8.8], "texture": "#1"}
			}
		},
		{
			"from": [8, 2.4, 9],
			"to": [8.3, 3.1, 9.3],
			"faces": {
				"north": {"uv": [6.5, 8.4, 6.8, 8.8], "texture": "#1"},
				"east": {"uv": [6.5, 8.4, 6.8, 8.8], "texture": "#1"},
				"south": {"uv": [6.5, 8.4, 6.8, 8.8], "texture": "#1"},
				"west": {"uv": [6.5, 8.4, 6.8, 8.8], "texture": "#1"},
				"up": {"uv": [6.5, 8.4, 6.8, 8.8], "texture": "#1"},
				"down": {"uv": [6.5, 8.4, 6.8, 8.8], "texture": "#1"}
			}
		},
		{
			"from": [8, 2.4, 7.7],
			"to": [8.3, 3.1, 8],
			"faces": {
				"north": {"uv": [6.5, 8.4, 6.8, 8.8], "texture": "#1"},
				"east": {"uv": [6.5, 8.4, 6.8, 8.8], "texture": "#1"},
				"south": {"uv": [6.5, 8.4, 6.8, 8.8], "texture": "#1"},
				"west": {"uv": [6.5, 8.4, 6.8, 8.8], "texture": "#1"},
				"up": {"uv": [6.5, 8.4, 6.8, 8.8], "texture": "#1"},
				"down": {"uv": [6.5, 8.4, 6.8, 8.8], "texture": "#1"}
			}
		},
		{
			"from": [6.7, 2.4, 9],
			"to": [7, 3.1, 9.3],
			"faces": {
				"north": {"uv": [6.5, 8.4, 6.8, 8.8], "texture": "#1"},
				"east": {"uv": [6.5, 8.4, 6.8, 8.8], "texture": "#1"},
				"south": {"uv": [6.5, 8.4, 6.8, 8.8], "texture": "#1"},
				"west": {"uv": [6.5, 8.4, 6.8, 8.8], "texture": "#1"},
				"up": {"uv": [6.5, 8.4, 6.8, 8.8], "texture": "#1"},
				"down": {"uv": [6.5, 8.4, 6.8, 8.8], "texture": "#1"}
			}
		},
		{
			"from": [6.7, 2.4, 7.7],
			"to": [7, 3.1, 8],
			"faces": {
				"north": {"uv": [6.5, 8.4, 6.8, 8.8], "texture": "#1"},
				"east": {"uv": [6.5, 8.4, 6.8, 8.8], "texture": "#1"},
				"south": {"uv": [6.5, 8.4, 6.8, 8.8], "texture": "#1"},
				"west": {"uv": [6.5, 8.4, 6.8, 8.8], "texture": "#1"},
				"up": {"uv": [6.5, 8.4, 6.8, 8.8], "texture": "#1"},
				"down": {"uv": [6.5, 8.4, 6.8, 8.8], "texture": "#1"}
			}
		},
		{
			"from": [6.8, 1.3, 7.8],
			"to": [7, 2.4, 8],
			"faces": {
				"north": {"uv": [6.5, 8.4, 6.8, 8.8], "texture": "#1"},
				"east": {"uv": [6.5, 8.4, 6.8, 8.8], "texture": "#1"},
				"south": {"uv": [6.5, 8.4, 6.8, 8.8], "texture": "#1"},
				"west": {"uv": [6.5, 8.4, 6.8, 8.8], "texture": "#1"},
				"up": {"uv": [6.5, 8.4, 6.8, 8.8], "texture": "#1"},
				"down": {"uv": [6.5, 8.4, 6.8, 8.8], "texture": "#1"}
			}
		},
		{
			"from": [8, 1.3, 7.8],
			"to": [8.2, 2.4, 8],
			"faces": {
				"north": {"uv": [6.5, 8.4, 6.8, 8.8], "texture": "#1"},
				"east": {"uv": [6.5, 8.4, 6.8, 8.8], "texture": "#1"},
				"south": {"uv": [6.5, 8.4, 6.8, 8.8], "texture": "#1"},
				"west": {"uv": [6.5, 8.4, 6.8, 8.8], "texture": "#1"},
				"up": {"uv": [6.5, 8.4, 6.8, 8.8], "texture": "#1"},
				"down": {"uv": [6.5, 8.4, 6.8, 8.8], "texture": "#1"}
			}
		},
		{
			"from": [8, 1.3, 9],
			"to": [8.2, 2.4, 9.2],
			"faces": {
				"north": {"uv": [6.5, 8.4, 6.8, 8.8], "texture": "#1"},
				"east": {"uv": [6.5, 8.4, 6.8, 8.8], "texture": "#1"},
				"south": {"uv": [6.5, 8.4, 6.8, 8.8], "texture": "#1"},
				"west": {"uv": [6.5, 8.4, 6.8, 8.8], "texture": "#1"},
				"up": {"uv": [6.5, 8.4, 6.8, 8.8], "texture": "#1"},
				"down": {"uv": [6.5, 8.4, 6.8, 8.8], "texture": "#1"}
			}
		},
		{
			"from": [6.8, 1.3, 9],
			"to": [7, 2.4, 9.2],
			"faces": {
				"north": {"uv": [6.5, 8.4, 6.8, 8.8], "texture": "#1"},
				"east": {"uv": [6.5, 8.4, 6.8, 8.8], "texture": "#1"},
				"south": {"uv": [6.5, 8.4, 6.8, 8.8], "texture": "#1"},
				"west": {"uv": [6.5, 8.4, 6.8, 8.8], "texture": "#1"},
				"up": {"uv": [6.5, 8.4, 6.8, 8.8], "texture": "#1"},
				"down": {"uv": [6.5, 8.4, 6.8, 8.8], "texture": "#1"}
			}
		},
		{
			"from": [7, 2.4, 8],
			"to": [8, 3.1, 9],
			"faces": {
				"north": {"uv": [6.2, 8.4, 6.8, 8.8], "texture": "#1"},
				"east": {"uv": [6.2, 8.4, 6.8, 8.8], "texture": "#1"},
				"south": {"uv": [6.2, 8.4, 6.8, 8.8], "texture": "#1"},
				"west": {"uv": [6.2, 8.4, 6.8, 8.8], "texture": "#1"},
				"up": {"uv": [6.2, 8.4, 6.8, 8.8], "texture": "#1"},
				"down": {"uv": [6.2, 8.4, 6.8, 8.8], "texture": "#1"}
			}
		},
		{
			"from": [7.95, 2.4, 8],
			"to": [8.35, 3.1, 9],
			"rotation": {"angle": 0, "axis": "y", "origin": [8.5, 0.1, 7.75]},
			"faces": {
				"north": {"uv": [6.2, 8.2, 6.8, 8.8], "rotation": 270, "texture": "#1"},
				"east": {"uv": [6.2, 8.2, 6.8, 8.8], "rotation": 270, "texture": "#1"},
				"south": {"uv": [6.2, 8.2, 6.8, 8.8], "rotation": 270, "texture": "#1"},
				"west": {"uv": [6.2, 8.2, 6.8, 8.8], "rotation": 270, "texture": "#1"},
				"up": {"uv": [6.2, 8.2, 6.8, 8.8], "rotation": 270, "texture": "#1"},
				"down": {"uv": [6.2, 8.2, 6.8, 8.8], "rotation": 270, "texture": "#1"}
			}
		},
		{
			"from": [7, 2.4, 7.6],
			"to": [8, 3.1, 8],
			"faces": {
				"north": {"uv": [6.4, 8.4, 6.8, 8.8], "texture": "#1"},
				"east": {"uv": [6.4, 8.4, 6.8, 8.8], "texture": "#1"},
				"south": {"uv": [6.4, 8.4, 6.8, 8.8], "texture": "#1"},
				"west": {"uv": [6.4, 8.4, 6.8, 8.8], "texture": "#1"},
				"up": {"uv": [6.4, 8.4, 6.8, 8.8], "texture": "#1"},
				"down": {"uv": [6.4, 8.4, 6.8, 8.8], "texture": "#1"}
			}
		},
		{
			"from": [6.65, 2.4, 8],
			"to": [7.05, 3.1, 9],
			"rotation": {"angle": 0, "axis": "y", "origin": [8.5, 0.1, 7.75]},
			"faces": {
				"north": {"uv": [6.5, 8.4, 6.8, 8.8], "rotation": 270, "texture": "#1"},
				"east": {"uv": [6.5, 8.4, 6.8, 8.8], "rotation": 270, "texture": "#1"},
				"south": {"uv": [6.5, 8.4, 6.8, 8.8], "rotation": 270, "texture": "#1"},
				"west": {"uv": [6.5, 8.4, 6.8, 8.8], "rotation": 270, "texture": "#1"},
				"up": {"uv": [6.5, 8.4, 6.8, 8.8], "rotation": 270, "texture": "#1"},
				"down": {"uv": [6.5, 8.4, 6.8, 8.8], "rotation": 270, "texture": "#1"}
			}
		}
	],
	"display": {
		"thirdperson_righthand": {
			"rotation": [54.75, 0, 0],
			"translation": [1, 6.25, 7],
			"scale": [1.5, 1.5, 1.5]
		},
		"thirdperson_lefthand": {
			"rotation": [54.5, 0, 0],
			"translation": [-0.75, 6.25, 7],
			"scale": [1.5, 1.5, 1.5]
		},
		"firstperson_righthand": {
			"translation": [1, 10.5, 0.5],
			"scale": [1.5, 1.5, 1.5]
		},
		"firstperson_lefthand": {
			"rotation": [0, -15, 0],
			"translation": [0, 10.75, -0.25],
			"scale": [1.5, 1.5, 1.5]
		},
		"ground": {
			"translation": [0.25, 12, 0],
			"scale": [2, 2, 2]
		},
		"gui": {
			"translation": [1, 18, 0],
			"scale": [3, 3, 3]
		},
		"fixed": {
			"translation": [1.25, 18.5, -4.5],
			"scale": [3, 3, 3]
		}
	}
}