{
	"credit": "Made with Blockbench",
	"textures": {
		"3": "block/polished_blackstone",
		"6": "block/polished_andesite",
		"7": "block/andesite",
		"11": "item/iron_ingot",
		"12": "block/wool_colored_white",
		"13": "block/concrete_black",
		"particle": "block/stripped_oak_log"
	},
	"elements": [
		{
			"name": "HAND",
			"from": [7.7, 16.22363, 7.8],
			"to": [8.3, 16.82363, 8.2],
			"rotation": {"angle": 0, "axis": "y", "origin": [8, 15.92363, 8]},
			"faces": {
				"north": {"uv": [0, 0, 16, 16], "texture": "#12"},
				"east": {"uv": [0, 0, 16, 16], "texture": "#12"},
				"south": {"uv": [0, 0, 16, 16], "texture": "#12"},
				"west": {"uv": [0, 0, 16, 16], "texture": "#12"},
				"up": {"uv": [0, 0, 16, 16], "texture": "#12"},
				"down": {"uv": [0, 0, 16, 16], "texture": "#12"}
			}
		},
		{
			"name": "HAND",
			"from": [7.7, 15.62363, 7.8],
			"to": [8.3, 16.22363, 8.2],
			"rotation": {"angle": 0, "axis": "y", "origin": [8, 15.92363, 8]},
			"faces": {
				"north": {"uv": [0, 0, 16, 16], "texture": "#12"},
				"east": {"uv": [0, 0, 16, 16], "texture": "#12"},
				"south": {"uv": [0, 0, 16, 16], "texture": "#12"},
				"west": {"uv": [0, 0, 16, 16], "texture": "#12"},
				"up": {"uv": [0, 0, 16, 16], "texture": "#12"},
				"down": {"uv": [0, 0, 16, 16], "texture": "#12"}
			}
		},
		{
			"name": "HAND",
			"from": [7.7, 15.02363, 7.8],
			"to": [8.3, 15.62363, 8.2],
			"rotation": {"angle": 0, "axis": "y", "origin": [8, 15.92363, 8]},
			"faces": {
				"north": {"uv": [0, 0, 16, 16], "texture": "#12"},
				"east": {"uv": [0, 0, 16, 16], "texture": "#12"},
				"south": {"uv": [0, 0, 16, 16], "texture": "#12"},
				"west": {"uv": [0, 0, 16, 16], "texture": "#12"},
				"up": {"uv": [0, 0, 16, 16], "texture": "#12"},
				"down": {"uv": [0, 0, 16, 16], "texture": "#12"}
			}
		},
		{
			"name": "HAND",
			"from": [7.7, 14.42363, 7.8],
			"to": [8.3, 15.02363, 8.2],
			"rotation": {"angle": 0, "axis": "y", "origin": [8, 15.92363, 8]},
			"faces": {
				"north": {"uv": [0, 0, 16, 16], "texture": "#12"},
				"east": {"uv": [0, 0, 16, 16], "texture": "#12"},
				"south": {"uv": [0, 0, 16, 16], "texture": "#12"},
				"west": {"uv": [0, 0, 16, 16], "texture": "#12"},
				"up": {"uv": [0, 0, 16, 16], "texture": "#12"},
				"down": {"uv": [0, 0, 16, 16], "texture": "#12"}
			}
		},
		{
			"name": "HAND",
			"from": [7.7, 13.82363, 7.8],
			"to": [8.3, 14.42363, 8.2],
			"rotation": {"angle": 0, "axis": "y", "origin": [8, 15.92363, 8]},
			"faces": {
				"north": {"uv": [0, 0, 16, 16], "texture": "#12"},
				"east": {"uv": [0, 0, 16, 16], "texture": "#12"},
				"south": {"uv": [0, 0, 16, 16], "texture": "#12"},
				"west": {"uv": [0, 0, 16, 16], "texture": "#12"},
				"up": {"uv": [0, 0, 16, 16], "texture": "#12"},
				"down": {"uv": [0, 0, 16, 16], "texture": "#12"}
			}
		},
		{
			"name": "HAND",
			"from": [7.7, 13.22363, 7.8],
			"to": [8.3, 13.82363, 8.2],
			"rotation": {"angle": 0, "axis": "y", "origin": [8, 15.92363, 8]},
			"faces": {
				"north": {"uv": [0, 0, 16, 16], "texture": "#12"},
				"east": {"uv": [0, 0, 16, 16], "texture": "#12"},
				"south": {"uv": [0, 0, 16, 16], "texture": "#12"},
				"west": {"uv": [0, 0, 16, 16], "texture": "#12"},
				"up": {"uv": [0, 0, 16, 16], "texture": "#12"},
				"down": {"uv": [0, 0, 16, 16], "texture": "#12"}
			}
		},
		{
			"from": [7.5, 16.8, 7.8],
			"to": [8.5, 17.2, 8.2],
			"rotation": {"angle": -45, "axis": "z", "origin": [8, 17.35, 8]},
			"faces": {
				"north": {"uv": [0, 0, 16, 16], "texture": "#3"},
				"east": {"uv": [0, 0, 16, 16], "texture": "#3"},
				"south": {"uv": [0, 0, 16, 16], "texture": "#3"},
				"west": {"uv": [0, 0, 16, 16], "texture": "#3"},
				"up": {"uv": [0, 0, 16, 16], "texture": "#3"},
				"down": {"uv": [0, 0, 16, 16], "texture": "#3"}
			}
		},
		{
			"from": [7.5, 17.5, 7.8],
			"to": [8.5, 17.9, 8.2],
			"rotation": {"angle": -45, "axis": "z", "origin": [8, 17.35, 8]},
			"faces": {
				"north": {"uv": [0, 0, 16, 16], "texture": "#3"},
				"east": {"uv": [0, 0, 16, 16], "texture": "#3"},
				"south": {"uv": [0, 0, 16, 16], "texture": "#3"},
				"west": {"uv": [0, 0, 16, 16], "texture": "#3"},
				"up": {"uv": [0, 0, 16, 16], "texture": "#3"},
				"down": {"uv": [0, 0, 16, 16], "texture": "#3"}
			}
		},
		{
			"from": [8.15, 16.85, 7.8],
			"to": [8.55, 17.85, 8.2],
			"rotation": {"angle": -45, "axis": "z", "origin": [8, 17.35, 8]},
			"faces": {
				"north": {"uv": [0, 0, 16, 16], "rotation": 90, "texture": "#3"},
				"east": {"uv": [0, 0, 16, 16], "rotation": 90, "texture": "#3"},
				"south": {"uv": [0, 0, 16, 16], "rotation": 90, "texture": "#3"},
				"west": {"uv": [0, 0, 16, 16], "rotation": 90, "texture": "#3"},
				"up": {"uv": [0, 0, 16, 16], "rotation": 90, "texture": "#3"},
				"down": {"uv": [0, 0, 16, 16], "rotation": 90, "texture": "#3"}
			}
		},
		{
			"from": [7.55546, 16.71048, 7.6],
			"to": [8.45546, 16.96048, 8.4],
			"rotation": {"angle": 0, "axis": "y", "origin": [7.95546, 17.41048, 8]},
			"faces": {
				"north": {"uv": [0, 0, 16, 16], "rotation": 180, "texture": "#6"},
				"east": {"uv": [0, 0, 16, 16], "rotation": 180, "texture": "#6"},
				"south": {"uv": [0, 0, 16, 16], "rotation": 180, "texture": "#6"},
				"west": {"uv": [0, 0, 16, 16], "rotation": 180, "texture": "#6"},
				"up": {"uv": [0, 0, 16, 16], "rotation": 180, "texture": "#6"},
				"down": {"uv": [0, 0, 16, 16], "rotation": 180, "texture": "#6"}
			}
		},
		{
			"from": [7.45, 16.85, 7.8],
			"to": [7.85, 17.85, 8.2],
			"rotation": {"angle": -45, "axis": "z", "origin": [8, 17.35, 8]},
			"faces": {
				"north": {"uv": [0, 0, 16, 16], "rotation": 90, "texture": "#3"},
				"east": {"uv": [0, 0, 16, 16], "rotation": 90, "texture": "#3"},
				"south": {"uv": [0, 0, 16, 16], "rotation": 90, "texture": "#3"},
				"west": {"uv": [0, 0, 16, 16], "rotation": 90, "texture": "#3"},
				"up": {"uv": [0, 0, 16, 16], "rotation": 90, "texture": "#3"},
				"down": {"uv": [0, 0, 16, 16], "rotation": 90, "texture": "#3"}
			}
		},
		{
			"from": [7.66673, 17.7117, 7.8],
			"to": [8.26673, 19.1117, 8.2],
			"rotation": {"angle": 0, "axis": "y", "origin": [9.16673, 19.0117, 8]},
			"faces": {
				"north": {"uv": [12, 10, 13, 11], "rotation": 270, "texture": "#3"},
				"east": {"uv": [12, 10, 13, 11], "rotation": 270, "texture": "#3"},
				"south": {"uv": [12, 10, 13, 11], "rotation": 270, "texture": "#3"},
				"west": {"uv": [12, 10, 13, 11], "rotation": 270, "texture": "#3"},
				"up": {"uv": [12, 10, 13, 11], "rotation": 270, "texture": "#3"},
				"down": {"uv": [12, 10, 13, 11], "rotation": 270, "texture": "#3"}
			}
		},
		{
			"from": [7.76673, 19.1117, 7.8],
			"to": [8.16673, 20.5117, 8.2],
			"rotation": {"angle": 0, "axis": "y", "origin": [9.16673, 19.0117, 8]},
			"faces": {
				"north": {"uv": [12, 10, 13, 11], "rotation": 270, "texture": "#3"},
				"east": {"uv": [12, 10, 13, 11], "rotation": 270, "texture": "#3"},
				"south": {"uv": [12, 10, 13, 11], "rotation": 270, "texture": "#3"},
				"west": {"uv": [12, 10, 13, 11], "rotation": 270, "texture": "#3"},
				"up": {"uv": [12, 10, 13, 11], "rotation": 270, "texture": "#3"},
				"down": {"uv": [12, 10, 13, 11], "rotation": 270, "texture": "#3"}
			}
		},
		{
			"from": [7.86673, 20.5117, 7.8],
			"to": [8.06673, 21.9117, 8.2],
			"rotation": {"angle": 0, "axis": "y", "origin": [9.16673, 19.0117, 8]},
			"faces": {
				"north": {"uv": [12, 10, 13, 11], "rotation": 270, "texture": "#3"},
				"east": {"uv": [12, 10, 13, 11], "rotation": 270, "texture": "#3"},
				"south": {"uv": [12, 10, 13, 11], "rotation": 270, "texture": "#3"},
				"west": {"uv": [12, 10, 13, 11], "rotation": 270, "texture": "#3"},
				"up": {"uv": [12, 10, 13, 11], "rotation": 270, "texture": "#3"},
				"down": {"uv": [12, 10, 13, 11], "rotation": 270, "texture": "#3"}
			}
		},
		{
			"from": [7.4, 17.5, 7.95],
			"to": [8.5, 19.6, 8.05],
			"rotation": {"angle": 0, "axis": "y", "origin": [8, 17.5, 8]},
			"faces": {
				"north": {"uv": [11, 8, 12, 9], "texture": "#11"},
				"east": {"uv": [11, 8, 12, 9], "texture": "#11"},
				"south": {"uv": [11, 8, 12, 9], "texture": "#11"},
				"west": {"uv": [11, 8, 12, 9], "texture": "#11"},
				"up": {"uv": [11, 8, 12, 9], "texture": "#11"},
				"down": {"uv": [11, 8, 12, 9], "texture": "#11"}
			}
		},
		{
			"from": [7.6, 19.6, 7.95],
			"to": [8.4, 21.1, 8.05],
			"rotation": {"angle": 0, "axis": "y", "origin": [8, 17.5, 8]},
			"faces": {
				"north": {"uv": [11, 8, 12, 9], "texture": "#11"},
				"east": {"uv": [11, 8, 12, 9], "texture": "#11"},
				"south": {"uv": [11, 8, 12, 9], "texture": "#11"},
				"west": {"uv": [11, 8, 12, 9], "texture": "#11"},
				"up": {"uv": [11, 8, 12, 9], "texture": "#11"},
				"down": {"uv": [11, 8, 12, 9], "texture": "#11"}
			}
		},
		{
			"from": [7.7, 21.1, 7.95],
			"to": [8.3, 22.1, 8.05],
			"rotation": {"angle": 0, "axis": "y", "origin": [8, 17.5, 8]},
			"faces": {
				"north": {"uv": [11, 8, 12, 9], "texture": "#11"},
				"east": {"uv": [11, 8, 12, 9], "texture": "#11"},
				"south": {"uv": [11, 8, 12, 9], "texture": "#11"},
				"west": {"uv": [11, 8, 12, 9], "texture": "#11"},
				"up": {"uv": [11, 8, 12, 9], "texture": "#11"},
				"down": {"uv": [11, 8, 12, 9], "texture": "#11"}
			}
		},
		{
			"from": [7.8, 22.1, 7.95],
			"to": [8.2, 22.6, 8.05],
			"rotation": {"angle": 0, "axis": "y", "origin": [8, 18.1, 8]},
			"faces": {
				"north": {"uv": [11, 8, 12, 9], "texture": "#11"},
				"east": {"uv": [11, 8, 12, 9], "texture": "#11"},
				"south": {"uv": [11, 8, 12, 9], "texture": "#11"},
				"west": {"uv": [11, 8, 12, 9], "texture": "#11"},
				"up": {"uv": [11, 8, 12, 9], "texture": "#11"},
				"down": {"uv": [11, 8, 12, 9], "texture": "#11"}
			}
		},
		{
			"from": [7.9, 22.6, 7.95],
			"to": [8.1, 23.1, 8.05],
			"rotation": {"angle": 0, "axis": "y", "origin": [8, 18.4, 8]},
			"faces": {
				"north": {"uv": [11, 8, 12, 9], "texture": "#11"},
				"east": {"uv": [11, 8, 12, 9], "texture": "#11"},
				"south": {"uv": [11, 8, 12, 9], "texture": "#11"},
				"west": {"uv": [11, 8, 12, 9], "texture": "#11"},
				"up": {"uv": [11, 8, 12, 9], "texture": "#11"},
				"down": {"uv": [11, 8, 12, 9], "texture": "#11"}
			}
		},
		{
			"from": [7.6, 16.6, 7.7],
			"to": [8.4, 16.8, 8.3],
			"rotation": {"angle": 0, "axis": "y", "origin": [8, 8, 8]},
			"faces": {
				"north": {"uv": [0, 0, 16, 16], "texture": "#7"},
				"east": {"uv": [0, 0, 16, 16], "texture": "#7"},
				"south": {"uv": [0, 0, 16, 16], "texture": "#7"},
				"west": {"uv": [0, 0, 16, 16], "texture": "#7"},
				"up": {"uv": [0, 0, 16, 16], "texture": "#7"},
				"down": {"uv": [0, 0, 16, 16], "texture": "#7"}
			}
		},
		{
			"from": [7.6, 12.5, 7.7],
			"to": [8.4, 13.3, 8.3],
			"rotation": {"angle": 0, "axis": "y", "origin": [8, 8, 8]},
			"faces": {
				"north": {"uv": [0, 0, 16, 16], "texture": "#13"},
				"east": {"uv": [0, 0, 16, 16], "texture": "#13"},
				"south": {"uv": [0, 0, 16, 16], "texture": "#13"},
				"west": {"uv": [0, 0, 16, 16], "texture": "#13"},
				"up": {"uv": [0, 0, 16, 16], "texture": "#13"},
				"down": {"uv": [0, 0, 16, 16], "texture": "#13"}
			}
		}
	],
	"display": {
		"thirdperson_righthand": {
			"rotation": [0, 90, 0],
			"translation": [0, -12.5, 1],
			"scale": [1.5, 1.5, -1]
		},
		"thirdperson_lefthand": {
			"rotation": [-119, -100, 355.25],
			"translation": [-1.5, -1.5, 10]
		},
		"firstperson_righthand": {
			"rotation": [-32, 90, -94],
			"translation": [4, 8.75, 8.25]
		},
		"firstperson_lefthand": {
			"rotation": [85.5, 0, 0],
			"translation": [-80, 0, 0]
		},
		"ground": {
			"rotation": [-92, -5, -4.5],
			"translation": [0, 0, 11.5]
		},
		"gui": {
			"rotation": [-4, 0, -47],
			"translation": [-15.5, -13.75, 4.5],
			"scale": [-2, 2, -4]
		},
		"head": {
			"translation": [0, -11, 0]
		},
		"fixed": {
			"rotation": [0, 0, 42.75],
			"translation": [8, -8.5, 0]
		}
	}
}