{
	"credit": "Made with Blockbench",
	"textures": {
		"2": "block/iron_bars",
		"5": "block/gold_block",
		"7": "block/obsidian",
		"8": "block/polished_diorite",
		"particle": "block/texture20"
	},
	"elements": [
		{
			"name": "MID",
			"from": [7.8, 6.9, 7.5],
			"to": [8.2, 7.7, 8.8],
			"rotation": {"angle": 0, "axis": "y", "origin": [8, 6.3, 8]},
			"faces": {
				"north": {"uv": [0, 0, 16, 16], "rotation": 90, "texture": "#5"},
				"east": {"uv": [0, 0, 16, 16], "rotation": 90, "texture": "#5"},
				"south": {"uv": [0, 0, 16, 16], "rotation": 90, "texture": "#5"},
				"west": {"uv": [0, 0, 16, 16], "rotation": 90, "texture": "#5"},
				"up": {"uv": [0, 0, 16, 16], "rotation": 180, "texture": "#5"},
				"down": {"uv": [0, 0, 16, 16], "texture": "#5"}
			}
		},
		{
			"name": "MID",
			"from": [7.8, -2.3, 7.5],
			"to": [8.2, -1.8, 8.8],
			"rotation": {"angle": 0, "axis": "y", "origin": [8, 6.3, 8]},
			"faces": {
				"north": {"uv": [0, 0, 16, 16], "rotation": 90, "texture": "#5"},
				"east": {"uv": [0, 0, 16, 16], "rotation": 90, "texture": "#5"},
				"south": {"uv": [0, 0, 16, 16], "rotation": 90, "texture": "#5"},
				"west": {"uv": [0, 0, 16, 16], "rotation": 90, "texture": "#5"},
				"up": {"uv": [0, 0, 16, 16], "rotation": 180, "texture": "#5"},
				"down": {"uv": [0, 0, 16, 16], "texture": "#5"}
			}
		},
		{
			"name": "MID",
			"from": [7.6, 5, 8.5],
			"to": [8.4, 5.7, 9.2],
			"rotation": {"angle": -45, "axis": "x", "origin": [8.05, 4.65, 8.15]},
			"faces": {
				"north": {"uv": [0, 0, 16, 16], "rotation": 90, "texture": "#5"},
				"east": {"uv": [0, 0, 16, 16], "rotation": 90, "texture": "#5"},
				"south": {"uv": [0, 0, 16, 16], "rotation": 90, "texture": "#5"},
				"west": {"uv": [0, 0, 16, 16], "rotation": 90, "texture": "#5"},
				"up": {"uv": [0, 0, 16, 16], "rotation": 180, "texture": "#5"},
				"down": {"uv": [0, 0, 16, 16], "texture": "#5"}
			}
		},
		{
			"name": "MID",
			"from": [7.6, 3.7, 7.2],
			"to": [8.4, 4.4, 7.9],
			"rotation": {"angle": -45, "axis": "x", "origin": [8.05, 4.65, 8.15]},
			"faces": {
				"north": {"uv": [0, 0, 16, 16], "rotation": 90, "texture": "#5"},
				"east": {"uv": [0, 0, 16, 16], "rotation": 90, "texture": "#5"},
				"south": {"uv": [0, 0, 16, 16], "rotation": 90, "texture": "#5"},
				"west": {"uv": [0, 0, 16, 16], "rotation": 90, "texture": "#5"},
				"up": {"uv": [0, 0, 16, 16], "rotation": 180, "texture": "#5"},
				"down": {"uv": [0, 0, 16, 16], "texture": "#5"}
			}
		},
		{
			"name": "MID",
			"from": [7.6, 2.5, 6],
			"to": [8.4, 3.2, 6.7],
			"rotation": {"angle": -45, "axis": "x", "origin": [8.05, 4.65, 8.15]},
			"faces": {
				"north": {"uv": [0, 0, 16, 16], "rotation": 90, "texture": "#5"},
				"east": {"uv": [0, 0, 16, 16], "rotation": 90, "texture": "#5"},
				"south": {"uv": [0, 0, 16, 16], "rotation": 90, "texture": "#5"},
				"west": {"uv": [0, 0, 16, 16], "rotation": 90, "texture": "#5"},
				"up": {"uv": [0, 0, 16, 16], "rotation": 180, "texture": "#5"},
				"down": {"uv": [0, 0, 16, 16], "texture": "#5"}
			}
		},
		{
			"name": "MID",
			"from": [7.6, 1.4, 4.9],
			"to": [8.4, 2.1, 5.6],
			"rotation": {"angle": -45, "axis": "x", "origin": [8.05, 4.65, 8.15]},
			"faces": {
				"north": {"uv": [0, 0, 16, 16], "rotation": 90, "texture": "#5"},
				"east": {"uv": [0, 0, 16, 16], "rotation": 90, "texture": "#5"},
				"south": {"uv": [0, 0, 16, 16], "rotation": 90, "texture": "#5"},
				"west": {"uv": [0, 0, 16, 16], "rotation": 90, "texture": "#5"},
				"up": {"uv": [0, 0, 16, 16], "rotation": 180, "texture": "#5"},
				"down": {"uv": [0, 0, 16, 16], "texture": "#5"}
			}
		},
		{
			"name": "MID",
			"from": [7.6, 0.3, 3.8],
			"to": [8.4, 1, 4.5],
			"rotation": {"angle": -45, "axis": "x", "origin": [8.05, 4.65, 8.15]},
			"faces": {
				"north": {"uv": [0, 0, 16, 16], "rotation": 90, "texture": "#5"},
				"east": {"uv": [0, 0, 16, 16], "rotation": 90, "texture": "#5"},
				"south": {"uv": [0, 0, 16, 16], "rotation": 90, "texture": "#5"},
				"west": {"uv": [0, 0, 16, 16], "rotation": 90, "texture": "#5"},
				"up": {"uv": [0, 0, 16, 16], "rotation": 180, "texture": "#5"},
				"down": {"uv": [0, 0, 16, 16], "texture": "#5"}
			}
		},
		{
			"name": "MID",
			"from": [7.7, -1.9, 7.5],
			"to": [8.3, 6.9, 8.8],
			"rotation": {"angle": 0, "axis": "y", "origin": [8, 6.3, 8]},
			"faces": {
				"north": {"uv": [0, 0, 1, 1], "rotation": 90, "texture": "#7"},
				"east": {"uv": [0, 0, 1, 1], "rotation": 90, "texture": "#7"},
				"south": {"uv": [0, 0, 1, 1], "rotation": 90, "texture": "#7"},
				"west": {"uv": [0, 0, 1, 1], "rotation": 90, "texture": "#7"},
				"up": {"uv": [0, 0, 1, 1], "rotation": 90, "texture": "#7"},
				"down": {"uv": [0, 0, 1, 1], "rotation": 90, "texture": "#7"}
			}
		},
		{
			"from": [7.7, 6.45, 6.85],
			"to": [8.2, 6.55, 7.05],
			"rotation": {"angle": 0, "axis": "y", "origin": [6.85, 4.3, 8.15]},
			"faces": {
				"north": {"uv": [0, 0, 15, 15], "rotation": 90, "texture": "#8"},
				"east": {"uv": [0, 0, 15, 15], "rotation": 90, "texture": "#8"},
				"south": {"uv": [0, 0, 15, 15], "rotation": 90, "texture": "#8"},
				"west": {"uv": [0, 0, 15, 15], "rotation": 90, "texture": "#8"},
				"up": {"uv": [0, 0, 15, 15], "rotation": 90, "texture": "#8"},
				"down": {"uv": [0, 0, 15, 15], "rotation": 90, "texture": "#8"}
			}
		},
		{
			"from": [7.9, 6.45, 6.95],
			"to": [8, 6.55, 9.45],
			"rotation": {"angle": 0, "axis": "y", "origin": [6.85, 4.3, 8.15]},
			"faces": {
				"north": {"uv": [0, 0, 15, 15], "rotation": 90, "texture": "#8"},
				"east": {"uv": [0, 0, 15, 15], "rotation": 90, "texture": "#8"},
				"south": {"uv": [0, 0, 15, 15], "rotation": 90, "texture": "#8"},
				"west": {"uv": [0, 0, 15, 15], "rotation": 90, "texture": "#8"},
				"up": {"uv": [0, 0, 15, 15], "rotation": 90, "texture": "#8"},
				"down": {"uv": [0, 0, 15, 15], "rotation": 90, "texture": "#8"}
			}
		},
		{
			"from": [7, 6.45, 7.15],
			"to": [7.5, 6.55, 7.35],
			"rotation": {"angle": 22.5, "axis": "y", "origin": [6.85, 6.5, 6.35]},
			"faces": {
				"north": {"uv": [0, 0, 15, 15], "rotation": 90, "texture": "#8"},
				"east": {"uv": [0, 0, 15, 15], "rotation": 90, "texture": "#8"},
				"south": {"uv": [0, 0, 15, 15], "rotation": 90, "texture": "#8"},
				"west": {"uv": [0, 0, 15, 15], "rotation": 90, "texture": "#8"},
				"up": {"uv": [0, 0, 15, 15], "rotation": 90, "texture": "#8"},
				"down": {"uv": [0, 0, 15, 15], "rotation": 90, "texture": "#8"}
			}
		},
		{
			"from": [7.2, 6.45, 7.35],
			"to": [7.3, 6.55, 9.75],
			"rotation": {"angle": 22.5, "axis": "y", "origin": [6.85, 6.5, 6.35]},
			"faces": {
				"north": {"uv": [0, 0, 15, 15], "rotation": 90, "texture": "#8"},
				"east": {"uv": [0, 0, 15, 15], "rotation": 90, "texture": "#8"},
				"south": {"uv": [0, 0, 15, 15], "rotation": 90, "texture": "#8"},
				"west": {"uv": [0, 0, 15, 15], "rotation": 90, "texture": "#8"},
				"up": {"uv": [0, 0, 15, 15], "rotation": 90, "texture": "#8"},
				"down": {"uv": [0, 0, 15, 15], "rotation": 90, "texture": "#8"}
			}
		},
		{
			"from": [7.35, 6.45, 6.7],
			"to": [7.55, 6.55, 7.2],
			"rotation": {"angle": -45, "axis": "y", "origin": [6.85, 6.5, 6.8]},
			"faces": {
				"north": {"uv": [0, 0, 15, 15], "texture": "#8"},
				"east": {"uv": [0, 0, 15, 15], "texture": "#8"},
				"south": {"uv": [0, 0, 15, 15], "texture": "#8"},
				"west": {"uv": [0, 0, 15, 15], "texture": "#8"},
				"up": {"uv": [0, 0, 15, 15], "texture": "#8"},
				"down": {"uv": [0, 0, 15, 15], "texture": "#8"}
			}
		},
		{
			"from": [7.45, 6.45, 6.9],
			"to": [9.85, 6.55, 7],
			"rotation": {"angle": -45, "axis": "y", "origin": [6.85, 6.5, 6.8]},
			"faces": {
				"north": {"uv": [0, 0, 15, 15], "texture": "#8"},
				"east": {"uv": [0, 0, 15, 15], "texture": "#8"},
				"south": {"uv": [0, 0, 15, 15], "texture": "#8"},
				"west": {"uv": [0, 0, 15, 15], "texture": "#8"},
				"up": {"uv": [0, 0, 15, 15], "texture": "#8"},
				"down": {"uv": [0, 0, 15, 15], "texture": "#8"}
			}
		},
		{
			"from": [6.85, 6.45, 7.4],
			"to": [7.05, 6.55, 7.9],
			"rotation": {"angle": -22.5, "axis": "y", "origin": [6.85, 6.5, 7.6]},
			"faces": {
				"north": {"uv": [0, 0, 15, 15], "texture": "#8"},
				"east": {"uv": [0, 0, 15, 15], "texture": "#8"},
				"south": {"uv": [0, 0, 15, 15], "texture": "#8"},
				"west": {"uv": [0, 0, 15, 15], "texture": "#8"},
				"up": {"uv": [0, 0, 15, 15], "texture": "#8"},
				"down": {"uv": [0, 0, 15, 15], "texture": "#8"}
			}
		},
		{
			"from": [6.95, 6.45, 7.6],
			"to": [9.35, 6.55, 7.7],
			"rotation": {"angle": -22.5, "axis": "y", "origin": [6.85, 6.5, 7.6]},
			"faces": {
				"north": {"uv": [0, 0, 15, 15], "texture": "#8"},
				"east": {"uv": [0, 0, 15, 15], "texture": "#8"},
				"south": {"uv": [0, 0, 15, 15], "texture": "#8"},
				"west": {"uv": [0, 0, 15, 15], "texture": "#8"},
				"up": {"uv": [0, 0, 15, 15], "texture": "#8"},
				"down": {"uv": [0, 0, 15, 15], "texture": "#8"}
			}
		},
		{
			"from": [7, 6.45, 8.95],
			"to": [7.5, 6.55, 9.15],
			"rotation": {"angle": -22.5, "axis": "y", "origin": [6.85, 6.5, 9.95]},
			"faces": {
				"north": {"uv": [0, 0, 15, 15], "rotation": 90, "texture": "#8"},
				"east": {"uv": [0, 0, 15, 15], "rotation": 90, "texture": "#8"},
				"south": {"uv": [0, 0, 15, 15], "rotation": 90, "texture": "#8"},
				"west": {"uv": [0, 0, 15, 15], "rotation": 90, "texture": "#8"},
				"up": {"uv": [0, 0, 15, 15], "rotation": 90, "texture": "#8"},
				"down": {"uv": [0, 0, 15, 15], "rotation": 90, "texture": "#8"}
			}
		},
		{
			"from": [7.35, 6.45, 9.1],
			"to": [7.55, 6.55, 9.6],
			"rotation": {"angle": 45, "axis": "y", "origin": [6.85, 6.5, 9.5]},
			"faces": {
				"north": {"uv": [0, 0, 15, 15], "texture": "#8"},
				"east": {"uv": [0, 0, 15, 15], "texture": "#8"},
				"south": {"uv": [0, 0, 15, 15], "texture": "#8"},
				"west": {"uv": [0, 0, 15, 15], "texture": "#8"},
				"up": {"uv": [0, 0, 15, 15], "texture": "#8"},
				"down": {"uv": [0, 0, 15, 15], "texture": "#8"}
			}
		},
		{
			"from": [7.55, 6.45, 9.3],
			"to": [9.85, 6.55, 9.4],
			"rotation": {"angle": 45, "axis": "y", "origin": [6.85, 6.5, 9.5]},
			"faces": {
				"north": {"uv": [0, 0, 15, 15], "texture": "#8"},
				"east": {"uv": [0, 0, 15, 15], "texture": "#8"},
				"south": {"uv": [0, 0, 15, 15], "texture": "#8"},
				"west": {"uv": [0, 0, 15, 15], "texture": "#8"},
				"up": {"uv": [0, 0, 15, 15], "texture": "#8"},
				"down": {"uv": [0, 0, 15, 15], "texture": "#8"}
			}
		},
		{
			"from": [6.85, 6.45, 8.4],
			"to": [7.05, 6.55, 8.9],
			"rotation": {"angle": 22.5, "axis": "y", "origin": [6.85, 6.5, 8.7]},
			"faces": {
				"north": {"uv": [0, 0, 15, 15], "texture": "#8"},
				"east": {"uv": [0, 0, 15, 15], "texture": "#8"},
				"south": {"uv": [0, 0, 15, 15], "texture": "#8"},
				"west": {"uv": [0, 0, 15, 15], "texture": "#8"},
				"up": {"uv": [0, 0, 15, 15], "texture": "#8"},
				"down": {"uv": [0, 0, 15, 15], "texture": "#8"}
			}
		},
		{
			"from": [7.05, 6.45, 8.6],
			"to": [9.35, 6.55, 8.7],
			"rotation": {"angle": 22.5, "axis": "y", "origin": [6.85, 6.5, 8.7]},
			"faces": {
				"north": {"uv": [0, 0, 15, 15], "texture": "#8"},
				"east": {"uv": [0, 0, 15, 15], "texture": "#8"},
				"south": {"uv": [0, 0, 15, 15], "texture": "#8"},
				"west": {"uv": [0, 0, 15, 15], "texture": "#8"},
				"up": {"uv": [0, 0, 15, 15], "texture": "#8"},
				"down": {"uv": [0, 0, 15, 15], "texture": "#8"}
			}
		},
		{
			"from": [6.75, 6.45, 7.9],
			"to": [6.95, 6.55, 8.4],
			"rotation": {"angle": 0, "axis": "y", "origin": [8, 6.3, 8.1]},
			"faces": {
				"north": {"uv": [0, 0, 15, 15], "texture": "#8"},
				"east": {"uv": [0, 0, 15, 15], "texture": "#8"},
				"south": {"uv": [0, 0, 15, 15], "texture": "#8"},
				"west": {"uv": [0, 0, 15, 15], "texture": "#8"},
				"up": {"uv": [0, 0, 15, 15], "texture": "#8"},
				"down": {"uv": [0, 0, 15, 15], "texture": "#8"}
			}
		},
		{
			"from": [7.8, 6.45, 9.25],
			"to": [8.3, 6.55, 9.45],
			"rotation": {"angle": 0, "axis": "y", "origin": [9.15, 4.3, 8.15]},
			"faces": {
				"north": {"uv": [0, 0, 15, 15], "rotation": 90, "texture": "#8"},
				"east": {"uv": [0, 0, 15, 15], "rotation": 90, "texture": "#8"},
				"south": {"uv": [0, 0, 15, 15], "rotation": 90, "texture": "#8"},
				"west": {"uv": [0, 0, 15, 15], "rotation": 90, "texture": "#8"},
				"up": {"uv": [0, 0, 15, 15], "rotation": 90, "texture": "#8"},
				"down": {"uv": [0, 0, 15, 15], "rotation": 90, "texture": "#8"}
			}
		},
		{
			"from": [8.5, 6.45, 8.95],
			"to": [9, 6.55, 9.15],
			"rotation": {"angle": 22.5, "axis": "y", "origin": [9.15, 6.5, 9.95]},
			"faces": {
				"north": {"uv": [0, 0, 15, 15], "rotation": 90, "texture": "#8"},
				"east": {"uv": [0, 0, 15, 15], "rotation": 90, "texture": "#8"},
				"south": {"uv": [0, 0, 15, 15], "rotation": 90, "texture": "#8"},
				"west": {"uv": [0, 0, 15, 15], "rotation": 90, "texture": "#8"},
				"up": {"uv": [0, 0, 15, 15], "rotation": 90, "texture": "#8"},
				"down": {"uv": [0, 0, 15, 15], "rotation": 90, "texture": "#8"}
			}
		},
		{
			"from": [8.45, 6.45, 9.1],
			"to": [8.65, 6.55, 9.6],
			"rotation": {"angle": -45, "axis": "y", "origin": [9.15, 6.5, 9.5]},
			"faces": {
				"north": {"uv": [0, 0, 15, 15], "texture": "#8"},
				"east": {"uv": [0, 0, 15, 15], "texture": "#8"},
				"south": {"uv": [0, 0, 15, 15], "texture": "#8"},
				"west": {"uv": [0, 0, 15, 15], "texture": "#8"},
				"up": {"uv": [0, 0, 15, 15], "texture": "#8"},
				"down": {"uv": [0, 0, 15, 15], "texture": "#8"}
			}
		},
		{
			"from": [8.95, 6.45, 8.4],
			"to": [9.15, 6.55, 8.9],
			"rotation": {"angle": -22.5, "axis": "y", "origin": [9.15, 6.5, 8.7]},
			"faces": {
				"north": {"uv": [0, 0, 15, 15], "texture": "#8"},
				"east": {"uv": [0, 0, 15, 15], "texture": "#8"},
				"south": {"uv": [0, 0, 15, 15], "texture": "#8"},
				"west": {"uv": [0, 0, 15, 15], "texture": "#8"},
				"up": {"uv": [0, 0, 15, 15], "texture": "#8"},
				"down": {"uv": [0, 0, 15, 15], "texture": "#8"}
			}
		},
		{
			"from": [6.75, 6.45, 8.1],
			"to": [9.05, 6.55, 8.2],
			"rotation": {"angle": 0, "axis": "y", "origin": [8, 6.3, 8.2]},
			"faces": {
				"north": {"uv": [0, 0, 15, 15], "texture": "#8"},
				"east": {"uv": [0, 0, 15, 15], "texture": "#8"},
				"south": {"uv": [0, 0, 15, 15], "texture": "#8"},
				"west": {"uv": [0, 0, 15, 15], "texture": "#8"},
				"up": {"uv": [0, 0, 15, 15], "texture": "#8"},
				"down": {"uv": [0, 0, 15, 15], "texture": "#8"}
			}
		},
		{
			"from": [9.05, 6.45, 7.9],
			"to": [9.25, 6.55, 8.4],
			"rotation": {"angle": 0, "axis": "y", "origin": [8, 6.3, 8.2]},
			"faces": {
				"north": {"uv": [0, 0, 15, 15], "texture": "#8"},
				"east": {"uv": [0, 0, 15, 15], "texture": "#8"},
				"south": {"uv": [0, 0, 15, 15], "texture": "#8"},
				"west": {"uv": [0, 0, 15, 15], "texture": "#8"},
				"up": {"uv": [0, 0, 15, 15], "texture": "#8"},
				"down": {"uv": [0, 0, 15, 15], "texture": "#8"}
			}
		},
		{
			"from": [8.95, 6.45, 7.4],
			"to": [9.15, 6.55, 7.9],
			"rotation": {"angle": 22.5, "axis": "y", "origin": [9.15, 6.5, 7.6]},
			"faces": {
				"north": {"uv": [0, 0, 15, 15], "texture": "#8"},
				"east": {"uv": [0, 0, 15, 15], "texture": "#8"},
				"south": {"uv": [0, 0, 15, 15], "texture": "#8"},
				"west": {"uv": [0, 0, 15, 15], "texture": "#8"},
				"up": {"uv": [0, 0, 15, 15], "texture": "#8"},
				"down": {"uv": [0, 0, 15, 15], "texture": "#8"}
			}
		},
		{
			"from": [8.45, 6.45, 6.7],
			"to": [8.65, 6.55, 7.2],
			"rotation": {"angle": 45, "axis": "y", "origin": [9.15, 6.5, 6.8]},
			"faces": {
				"north": {"uv": [0, 0, 15, 15], "texture": "#8"},
				"east": {"uv": [0, 0, 15, 15], "texture": "#8"},
				"south": {"uv": [0, 0, 15, 15], "texture": "#8"},
				"west": {"uv": [0, 0, 15, 15], "texture": "#8"},
				"up": {"uv": [0, 0, 15, 15], "texture": "#8"},
				"down": {"uv": [0, 0, 15, 15], "texture": "#8"}
			}
		},
		{
			"from": [8.5, 6.45, 7.15],
			"to": [9, 6.55, 7.35],
			"rotation": {"angle": -22.5, "axis": "y", "origin": [9.15, 6.5, 6.35]},
			"faces": {
				"north": {"uv": [0, 0, 15, 15], "rotation": 90, "texture": "#8"},
				"east": {"uv": [0, 0, 15, 15], "rotation": 90, "texture": "#8"},
				"south": {"uv": [0, 0, 15, 15], "rotation": 90, "texture": "#8"},
				"west": {"uv": [0, 0, 15, 15], "rotation": 90, "texture": "#8"},
				"up": {"uv": [0, 0, 15, 15], "rotation": 90, "texture": "#8"},
				"down": {"uv": [0, 0, 15, 15], "rotation": 90, "texture": "#8"}
			}
		},
		{
			"from": [8.7, 6.45, 7.35],
			"to": [8.8, 6.55, 9.65],
			"rotation": {"angle": -22.5, "axis": "y", "origin": [9.15, 6.5, 6.35]},
			"faces": {
				"north": {"uv": [0, 0, 15, 15], "rotation": 90, "texture": "#8"},
				"east": {"uv": [0, 0, 15, 15], "rotation": 90, "texture": "#8"},
				"south": {"uv": [0, 0, 15, 15], "rotation": 90, "texture": "#8"},
				"west": {"uv": [0, 0, 15, 15], "rotation": 90, "texture": "#8"},
				"up": {"uv": [0, 0, 15, 15], "rotation": 90, "texture": "#8"},
				"down": {"uv": [0, 0, 15, 15], "rotation": 90, "texture": "#8"}
			}
		},
		{
			"name": "Knife",
			"from": [7.85, 6.46333, 7.5675],
			"to": [8.15, 13.86333, 8.1675],
			"rotation": {"angle": 0, "axis": "y", "origin": [7.9, -8, 8]},
			"faces": {
				"north": {"uv": [12, 4, 14, 6], "texture": "#2"},
				"east": {"uv": [12, 4, 14, 6], "texture": "#2"},
				"south": {"uv": [12, 4, 14, 6], "texture": "#2"},
				"west": {"uv": [12, 4, 13, 6], "texture": "#2"},
				"up": {"uv": [12, 4, 14, 6], "texture": "#2"},
				"down": {"uv": [12, 4, 14, 6], "texture": "#2"}
			}
		},
		{
			"name": "Knife",
			"from": [7.85, 6.46333, 8.1675],
			"to": [8.15, 13.86333, 8.7675],
			"rotation": {"angle": 0, "axis": "y", "origin": [7.9, -8, 8]},
			"faces": {
				"north": {"uv": [13, 3, 14, 7], "texture": "#2"},
				"east": {"uv": [13, 3, 14, 7], "texture": "#2"},
				"south": {"uv": [13, 3, 14, 7], "texture": "#2"},
				"west": {"uv": [13, 3, 14, 7], "texture": "#2"},
				"up": {"uv": [13, 3, 14, 7], "texture": "#2"},
				"down": {"uv": [13, 3, 14, 7], "texture": "#2"}
			}
		},
		{
			"name": "Knife",
			"from": [7.85, 13.46333, 8.0675],
			"to": [8.15, 19.86333, 8.6675],
			"rotation": {"angle": 0, "axis": "y", "origin": [7.9, -8, 8]},
			"faces": {
				"north": {"uv": [13, 3, 14, 7], "texture": "#2"},
				"east": {"uv": [13, 3, 14, 7], "texture": "#2"},
				"south": {"uv": [13, 3, 14, 7], "texture": "#2"},
				"west": {"uv": [13, 3, 14, 7], "texture": "#2"},
				"up": {"uv": [13, 3, 14, 7], "texture": "#2"},
				"down": {"uv": [13, 3, 14, 7], "texture": "#2"}
			}
		},
		{
			"name": "Knife",
			"from": [7.85, 13.46333, 7.4675],
			"to": [8.15, 19.86333, 8.0675],
			"rotation": {"angle": 0, "axis": "y", "origin": [7.9, -8, 8]},
			"faces": {
				"north": {"uv": [12, 4, 14, 6], "texture": "#2"},
				"east": {"uv": [12, 4, 14, 6], "texture": "#2"},
				"south": {"uv": [12, 4, 14, 6], "texture": "#2"},
				"west": {"uv": [12, 4, 13, 6], "texture": "#2"},
				"up": {"uv": [12, 4, 14, 6], "texture": "#2"},
				"down": {"uv": [12, 4, 14, 6], "texture": "#2"}
			}
		},
		{
			"name": "Knife",
			"from": [7.85, 18.36333, 7.3675],
			"to": [8.15, 23.76333, 7.9675],
			"rotation": {"angle": 0, "axis": "y", "origin": [7.9, -8, 8]},
			"faces": {
				"north": {"uv": [12, 4, 14, 6], "texture": "#2"},
				"east": {"uv": [12, 4, 14, 6], "texture": "#2"},
				"south": {"uv": [12, 4, 14, 6], "texture": "#2"},
				"west": {"uv": [12, 4, 13, 6], "texture": "#2"},
				"up": {"uv": [12, 4, 14, 6], "texture": "#2"},
				"down": {"uv": [12, 4, 14, 6], "texture": "#2"}
			}
		},
		{
			"name": "Knife",
			"from": [7.85, 18.36333, 7.9675],
			"to": [8.15, 23.76333, 8.5675],
			"rotation": {"angle": 0, "axis": "y", "origin": [7.9, -8, 8]},
			"faces": {
				"north": {"uv": [13, 3, 14, 7], "texture": "#2"},
				"east": {"uv": [13, 3, 14, 7], "texture": "#2"},
				"south": {"uv": [13, 3, 14, 7], "texture": "#2"},
				"west": {"uv": [13, 3, 14, 7], "texture": "#2"},
				"up": {"uv": [13, 3, 14, 7], "texture": "#2"},
				"down": {"uv": [13, 3, 14, 7], "texture": "#2"}
			}
		},
		{
			"name": "Knife",
			"from": [7.85, 23.16333, 7.1675],
			"to": [8.15, 27.06333, 7.7675],
			"rotation": {"angle": 0, "axis": "y", "origin": [7.9, -8, 8]},
			"faces": {
				"north": {"uv": [12, 4, 14, 6], "texture": "#2"},
				"east": {"uv": [12, 4, 14, 6], "texture": "#2"},
				"south": {"uv": [12, 4, 14, 6], "texture": "#2"},
				"west": {"uv": [12, 4, 13, 6], "texture": "#2"},
				"up": {"uv": [12, 4, 14, 6], "texture": "#2"},
				"down": {"uv": [12, 4, 14, 6], "texture": "#2"}
			}
		},
		{
			"name": "Knife",
			"from": [7.85, 23.16333, 7.7675],
			"to": [8.15, 27.06333, 8.3675],
			"rotation": {"angle": 0, "axis": "y", "origin": [7.9, -8, 8]},
			"faces": {
				"north": {"uv": [13, 3, 14, 7], "texture": "#2"},
				"east": {"uv": [13, 3, 14, 7], "texture": "#2"},
				"south": {"uv": [13, 3, 14, 7], "texture": "#2"},
				"west": {"uv": [13, 3, 14, 7], "texture": "#2"},
				"up": {"uv": [13, 3, 14, 7], "texture": "#2"},
				"down": {"uv": [13, 3, 14, 7], "texture": "#2"}
			}
		},
		{
			"name": "Knife",
			"from": [7.85, 26.36333, 7.0675],
			"to": [8.15, 28.76333, 7.7675],
			"rotation": {"angle": 0, "axis": "y", "origin": [7.9, -8, 8]},
			"faces": {
				"north": {"uv": [12, 4, 14, 6], "texture": "#2"},
				"east": {"uv": [12, 4, 14, 6], "texture": "#2"},
				"south": {"uv": [12, 4, 14, 6], "texture": "#2"},
				"west": {"uv": [12, 4, 13, 6], "texture": "#2"},
				"up": {"uv": [12, 4, 14, 6], "texture": "#2"},
				"down": {"uv": [12, 4, 14, 6], "texture": "#2"}
			}
		},
		{
			"name": "Knife",
			"from": [7.85, 26.36333, 7.7675],
			"to": [8.15, 28.76333, 8.2675],
			"rotation": {"angle": 0, "axis": "y", "origin": [7.9, -8, 8]},
			"faces": {
				"north": {"uv": [13, 3, 14, 7], "texture": "#2"},
				"east": {"uv": [13, 3, 14, 7], "texture": "#2"},
				"south": {"uv": [13, 3, 14, 7], "texture": "#2"},
				"west": {"uv": [13, 3, 14, 7], "texture": "#2"},
				"up": {"uv": [13, 3, 14, 7], "texture": "#2"},
				"down": {"uv": [13, 3, 14, 7], "texture": "#2"}
			}
		},
		{
			"name": "Knife",
			"from": [7.85, 28.16333, 6.9675],
			"to": [8.15, 29.56333, 7.5675],
			"rotation": {"angle": 0, "axis": "y", "origin": [7.9, -8, 8]},
			"faces": {
				"north": {"uv": [12, 4, 14, 6], "texture": "#2"},
				"east": {"uv": [12, 4, 14, 6], "texture": "#2"},
				"south": {"uv": [12, 4, 14, 6], "texture": "#2"},
				"west": {"uv": [12, 4, 13, 6], "texture": "#2"},
				"up": {"uv": [12, 4, 14, 6], "texture": "#2"},
				"down": {"uv": [12, 4, 14, 6], "texture": "#2"}
			}
		},
		{
			"name": "Knife",
			"from": [7.85, 28.16333, 7.4675],
			"to": [8.15, 29.56333, 8.0675],
			"rotation": {"angle": 0, "axis": "y", "origin": [7.9, -8, 8]},
			"faces": {
				"north": {"uv": [13, 3, 14, 7], "texture": "#2"},
				"east": {"uv": [13, 3, 14, 7], "texture": "#2"},
				"south": {"uv": [13, 3, 14, 7], "texture": "#2"},
				"west": {"uv": [13, 3, 14, 7], "texture": "#2"},
				"up": {"uv": [13, 3, 14, 7], "texture": "#2"},
				"down": {"uv": [13, 3, 14, 7], "texture": "#2"}
			}
		},
		{
			"name": "Knife",
			"from": [7.85, 29.16333, 6.9675],
			"to": [8.15, 30.46333, 7.4675],
			"rotation": {"angle": 0, "axis": "y", "origin": [7.9, -8, 8]},
			"faces": {
				"north": {"uv": [12, 4, 14, 6], "texture": "#2"},
				"east": {"uv": [12, 4, 14, 6], "texture": "#2"},
				"south": {"uv": [12, 4, 14, 6], "texture": "#2"},
				"west": {"uv": [12, 4, 13, 6], "texture": "#2"},
				"up": {"uv": [12, 4, 14, 6], "texture": "#2"},
				"down": {"uv": [12, 4, 14, 6], "texture": "#2"}
			}
		},
		{
			"name": "Knife",
			"from": [7.85, 29.16333, 7.4675],
			"to": [8.15, 30.46333, 7.9675],
			"rotation": {"angle": 0, "axis": "y", "origin": [7.9, -8, 8]},
			"faces": {
				"north": {"uv": [13, 3, 14, 7], "texture": "#2"},
				"east": {"uv": [13, 3, 14, 7], "texture": "#2"},
				"south": {"uv": [13, 3, 14, 7], "texture": "#2"},
				"west": {"uv": [13, 3, 14, 7], "texture": "#2"},
				"up": {"uv": [13, 3, 14, 7], "texture": "#2"},
				"down": {"uv": [13, 3, 14, 7], "texture": "#2"}
			}
		},
		{
			"name": "Knife",
			"from": [7.85, 29.66333, 7.5675],
			"to": [8.15, 30.66333, 7.7675],
			"rotation": {"angle": 0, "axis": "y", "origin": [7.9, -8, 8]},
			"faces": {
				"north": {"uv": [13, 3, 14, 7], "texture": "#2"},
				"east": {"uv": [13, 3, 14, 7], "texture": "#2"},
				"south": {"uv": [13, 3, 14, 7], "texture": "#2"},
				"west": {"uv": [13, 3, 14, 7], "texture": "#2"},
				"up": {"uv": [13, 3, 14, 7], "texture": "#2"},
				"down": {"uv": [13, 3, 14, 7], "texture": "#2"}
			}
		},
		{
			"name": "Knife",
			"from": [7.85, 29.66333, 6.8675],
			"to": [8.15, 30.66333, 6.9675],
			"rotation": {"angle": 0, "axis": "y", "origin": [7.9, -8, 8]},
			"faces": {
				"north": {"uv": [12, 4, 14, 6], "texture": "#2"},
				"east": {"uv": [12, 4, 14, 6], "texture": "#2"},
				"south": {"uv": [12, 4, 14, 6], "texture": "#2"},
				"west": {"uv": [12, 4, 13, 6], "texture": "#2"},
				"up": {"uv": [12, 4, 14, 6], "texture": "#2"},
				"down": {"uv": [12, 4, 14, 6], "texture": "#2"}
			}
		},
		{
			"name": "Knife",
			"from": [7.85, 29.96333, 6.8675],
			"to": [8.15, 30.96333, 7.6675],
			"rotation": {"angle": 0, "axis": "y", "origin": [7.9, -8, 8]},
			"faces": {
				"north": {"uv": [12, 4, 14, 6], "texture": "#2"},
				"east": {"uv": [12, 4, 14, 6], "texture": "#2"},
				"south": {"uv": [12, 4, 14, 6], "texture": "#2"},
				"west": {"uv": [12, 4, 14, 6], "texture": "#2"},
				"up": {"uv": [12, 4, 14, 6], "texture": "#2"},
				"down": {"uv": [12, 4, 14, 6], "texture": "#2"}
			}
		},
		{
			"name": "Knife",
			"from": [7.85, 30.46333, 6.7675],
			"to": [8.15, 31.26333, 7.5675],
			"rotation": {"angle": 0, "axis": "y", "origin": [7.9, -8, 8]},
			"faces": {
				"north": {"uv": [12, 4, 14, 6], "texture": "#2"},
				"east": {"uv": [12, 4, 14, 6], "texture": "#2"},
				"south": {"uv": [12, 4, 14, 6], "texture": "#2"},
				"west": {"uv": [12, 4, 14, 6], "texture": "#2"},
				"up": {"uv": [12, 4, 14, 6], "texture": "#2"},
				"down": {"uv": [12, 4, 14, 6], "texture": "#2"}
			}
		},
		{
			"name": "Knife",
			"from": [7.85, 30.76333, 6.7675],
			"to": [8.15, 31.56333, 7.4675],
			"rotation": {"angle": 0, "axis": "y", "origin": [7.9, -8, 8]},
			"faces": {
				"north": {"uv": [12, 4, 14, 6], "texture": "#2"},
				"east": {"uv": [12, 4, 14, 6], "texture": "#2"},
				"south": {"uv": [12, 4, 14, 6], "texture": "#2"},
				"west": {"uv": [12, 4, 14, 6], "texture": "#2"},
				"up": {"uv": [12, 4, 14, 6], "texture": "#2"},
				"down": {"uv": [12, 4, 14, 6], "texture": "#2"}
			}
		},
		{
			"name": "Knife",
			"from": [7.85, 30.96333, 6.6675],
			"to": [8.15, 31.76333, 7.3475],
			"rotation": {"angle": 0, "axis": "y", "origin": [7.9, -8, 8]},
			"faces": {
				"north": {"uv": [12, 4, 14, 6], "texture": "#2"},
				"east": {"uv": [12, 4, 14, 6], "texture": "#2"},
				"south": {"uv": [12, 4, 14, 6], "texture": "#2"},
				"west": {"uv": [12, 4, 14, 6], "texture": "#2"},
				"up": {"uv": [12, 4, 14, 6], "texture": "#2"},
				"down": {"uv": [12, 4, 14, 6], "texture": "#2"}
			}
		},
		{
			"name": "Knife",
			"from": [7.85, 31.16333, 6.5675],
			"to": [8.15, 31.96333, 7.2675],
			"rotation": {"angle": 0, "axis": "y", "origin": [7.9, -8, 8]},
			"faces": {
				"north": {"uv": [12, 4, 14, 6], "texture": "#2"},
				"east": {"uv": [12, 4, 14, 6], "texture": "#2"},
				"south": {"uv": [12, 4, 14, 6], "texture": "#2"},
				"west": {"uv": [12, 4, 14, 6], "texture": "#2"},
				"up": {"uv": [12, 4, 14, 6], "texture": "#2"},
				"down": {"uv": [12, 4, 14, 6], "texture": "#2"}
			}
		}
	],
	"display": {
		"thirdperson_righthand": {
			"rotation": [3, -176.75, 1.75],
			"translation": [0, 2.75, 0.25]
		},
		"thirdperson_lefthand": {
			"rotation": [-180, -180, 0],
			"translation": [-1.75, -5, 0.5],
			"scale": [1, 1.19, 0.95]
		},
		"firstperson_righthand": {
			"rotation": [-22.25, 167.75, -10],
			"translation": [0, 2.5, 0.25],
			"scale": [0.74414, 0.91016, 1]
		},
		"firstperson_lefthand": {
			"rotation": [127.5, 11, 0],
			"translation": [1.25, 0.75, 1.5],
			"scale": [1, 0.7, 1]
		},
		"ground": {
			"rotation": [0, -8.25, -179.75],
			"translation": [-4.25, 0, 0]
		},
		"gui": {
			"rotation": [72.5, -48.75, 114],
			"translation": [2.75, -3.25, 0],
			"scale": [0.5, 0.75, 1]
		},
		"head": {
			"translation": [0, -23, 0]
		},
		"fixed": {
			"rotation": [0, 179, -35.75],
			"translation": [2.75, -3, 0],
			"scale": [0.75, 0.75, 1]
		}
	},
	"groups": [
		{
			"name": "group",
			"origin": [8, 8, 8],
			"color": 0,
			"children": [0, 1, 2, 3, 4, 5, 6, 7, 8, 9, 10, 11, 12, 13, 14, 15, 16, 17, 18, 19, 20, 21, 22, 23, 24, 25, 26, 27, 28, 29, 30, 31]
		},
		{
			"name": "group",
			"origin": [8.14293, 22.90707, 8],
			"color": 0,
			"children": [32, 33, 34, 35, 36, 37, 38, 39, 40, 41, 42, 43, 44, 45, 46, 47, 48, 49, 50, 51, 52]
		}
	]
}