{
	"credit": "Made with Blockbench",
	"texture_size": [224, 224],
	"textures": {
		"12": "block/obsidian",
		"22": "block/log_acacia",
		"29": "block/slime",
		"30": "item/ender_eye",
		"31": "block/glazed_terracotta_green",
		"particle": "block/quartz_block_side"
	},
	"elements": [
		{
			"from": [25.1, 3.2, 11],
			"to": [26.1, 8.2, 12],
			"rotation": {"angle": 45, "axis": "z", "origin": [25.6, 5.7, 11.5]},
			"faces": {
				"north": {"uv": [0, 0, 16, 16], "texture": "#22"},
				"east": {"uv": [0, 0, 16, 16], "texture": "#22"},
				"south": {"uv": [0, 0, 16, 16], "texture": "#22"},
				"west": {"uv": [0, 0, 16, 16], "texture": "#22"},
				"up": {"uv": [0, 0, 16, 16], "texture": "#22"},
				"down": {"uv": [0, 0, 16, 16], "texture": "#22"}
			}
		},
		{
			"from": [28, -0.2, 11],
			"to": [29, 4.8, 12],
			"rotation": {"angle": 45, "axis": "z", "origin": [28.5, 2.5, 11.5]},
			"faces": {
				"north": {"uv": [0, 0, 16, 16], "texture": "#22"},
				"east": {"uv": [0, 0, 16, 16], "texture": "#22"},
				"south": {"uv": [0, 0, 16, 16], "texture": "#22"},
				"west": {"uv": [0, 0, 16, 16], "texture": "#22"},
				"up": {"uv": [0, 0, 16, 16], "texture": "#22"},
				"down": {"uv": [0, 0, 16, 16], "texture": "#22"}
			}
		},
		{
			"from": [30, 0, 11],
			"to": [31, 5, 12],
			"rotation": {"angle": -22.5, "axis": "z", "origin": [28.5, 2.5, 11.5]},
			"faces": {
				"north": {"uv": [0, 0, 16, 16], "texture": "#22"},
				"east": {"uv": [0, 0, 16, 16], "texture": "#22"},
				"south": {"uv": [0, 0, 16, 16], "texture": "#22"},
				"west": {"uv": [0, 0, 16, 16], "texture": "#22"},
				"up": {"uv": [0, 0, 16, 16], "texture": "#22"},
				"down": {"uv": [0, 0, 16, 16], "texture": "#22"}
			}
		},
		{
			"from": [30.9, -1.2, 11],
			"to": [31.9, 3.8, 12],
			"rotation": {"angle": 45, "axis": "z", "origin": [28.5, 2.5, 11.5]},
			"faces": {
				"north": {"uv": [0, 0, 16, 16], "texture": "#22"},
				"east": {"uv": [0, 0, 16, 16], "texture": "#22"},
				"south": {"uv": [0, 0, 16, 16], "texture": "#22"},
				"west": {"uv": [0, 0, 16, 16], "texture": "#22"},
				"up": {"uv": [0, 0, 16, 16], "texture": "#22"},
				"down": {"uv": [0, 0, 16, 16], "texture": "#22"}
			}
		},
		{
			"from": [18.1, 5.8, 11],
			"to": [23.1, 6.8, 12],
			"rotation": {"angle": -45, "axis": "z", "origin": [25.6, 5.7, 11.5]},
			"faces": {
				"north": {"uv": [0, 0, 16, 16], "rotation": 270, "texture": "#22"},
				"east": {"uv": [0, 0, 16, 16], "rotation": 270, "texture": "#22"},
				"south": {"uv": [0, 0, 16, 16], "rotation": 270, "texture": "#22"},
				"west": {"uv": [0, 0, 16, 16], "rotation": 270, "texture": "#22"},
				"up": {"uv": [0, 0, 16, 16], "rotation": 270, "texture": "#22"},
				"down": {"uv": [0, 0, 16, 16], "rotation": 270, "texture": "#22"}
			}
		},
		{
			"from": [26.2, 13.2, 11],
			"to": [27.2, 18.2, 12],
			"rotation": {"angle": 45, "axis": "z", "origin": [25.6, 5.7, 11.5]},
			"faces": {
				"north": {"uv": [0, 0, 16, 16], "texture": "#22"},
				"east": {"uv": [0, 0, 16, 16], "texture": "#22"},
				"south": {"uv": [0, 0, 16, 16], "texture": "#22"},
				"west": {"uv": [0, 0, 16, 16], "texture": "#22"},
				"up": {"uv": [0, 0, 16, 16], "texture": "#22"},
				"down": {"uv": [0, 0, 16, 16], "texture": "#22"}
			}
		},
		{
			"from": [26.1, 13.2, 10.9],
			"to": [27.3, 18.2, 12.1],
			"rotation": {"angle": 45, "axis": "z", "origin": [25.6, 5.7, 11.5]},
			"faces": {
				"north": {"uv": [9, 9, 10, 10], "texture": "#31"},
				"east": {"uv": [9, 9, 10, 10], "texture": "#31"},
				"south": {"uv": [9, 9, 10, 10], "texture": "#31"},
				"west": {"uv": [9, 9, 10, 10], "texture": "#31"},
				"up": {"uv": [9, 9, 10, 10], "texture": "#31"},
				"down": {"uv": [9, 9, 10, 10], "texture": "#31"}
			}
		},
		{
			"from": [27.6, 13.2, 10.9],
			"to": [28.8, 18.2, 11.2],
			"rotation": {"angle": 45, "axis": "z", "origin": [25.6, 5.7, 11.5]},
			"faces": {
				"north": {"uv": [9, 9, 10, 10], "texture": "#31"},
				"east": {"uv": [9, 9, 10, 10], "texture": "#31"},
				"south": {"uv": [9, 9, 10, 10], "texture": "#31"},
				"west": {"uv": [9, 9, 10, 10], "texture": "#31"},
				"up": {"uv": [9, 9, 10, 10], "texture": "#31"},
				"down": {"uv": [9, 9, 10, 10], "texture": "#31"}
			}
		},
		{
			"from": [26.6, 18.1, 11],
			"to": [27.6, 23.1, 12],
			"rotation": {"angle": 45, "axis": "z", "origin": [25.6, 5.7, 11.5]},
			"faces": {
				"north": {"uv": [0, 0, 16, 16], "texture": "#22"},
				"east": {"uv": [0, 0, 16, 16], "texture": "#22"},
				"south": {"uv": [0, 0, 16, 16], "texture": "#22"},
				"west": {"uv": [0, 0, 16, 16], "texture": "#22"},
				"up": {"uv": [0, 0, 16, 16], "texture": "#22"},
				"down": {"uv": [0, 0, 16, 16], "texture": "#22"}
			}
		},
		{
			"from": [13.57312, 18.0982, 11],
			"to": [14.57312, 20.5982, 12],
			"rotation": {"angle": 22.5, "axis": "z", "origin": [13.47312, 19.9482, 11.5]},
			"faces": {
				"north": {"uv": [0, 0, 16, 16], "texture": "#22"},
				"east": {"uv": [0, 0, 16, 16], "texture": "#22"},
				"south": {"uv": [0, 0, 16, 16], "texture": "#22"},
				"west": {"uv": [0, 0, 16, 16], "texture": "#22"},
				"up": {"uv": [0, 0, 16, 16], "texture": "#22"},
				"down": {"uv": [0, 0, 16, 16], "texture": "#22"}
			}
		},
		{
			"from": [13.47312, 20.2982, 10.8],
			"to": [14.67312, 20.5982, 12.1],
			"rotation": {"angle": 22.5, "axis": "z", "origin": [13.47312, 19.9482, 11.5]},
			"faces": {
				"north": {"uv": [7, 6, 14, 13], "texture": "#31"},
				"east": {"uv": [7, 6, 14, 13], "texture": "#31"},
				"south": {"uv": [7, 6, 14, 13], "texture": "#31"},
				"west": {"uv": [7, 6, 14, 13], "texture": "#31"},
				"up": {"uv": [7, 6, 14, 13], "texture": "#31"},
				"down": {"uv": [7, 6, 14, 13], "texture": "#31"}
			}
		},
		{
			"from": [12.93324, 20.11098, 11],
			"to": [14.43324, 24.01098, 12],
			"rotation": {"angle": 45, "axis": "z", "origin": [12.88324, 21.11098, 11.5]},
			"faces": {
				"north": {"uv": [1, 0, 5, 3], "rotation": 270, "texture": "#29"},
				"east": {"uv": [1, 0, 5, 3], "rotation": 270, "texture": "#29"},
				"south": {"uv": [1, 0, 5, 3], "rotation": 270, "texture": "#29"},
				"west": {"uv": [1, 0, 5, 3], "rotation": 270, "texture": "#29"},
				"up": {"uv": [1, 0, 5, 3], "rotation": 270, "texture": "#29"},
				"down": {"uv": [1, 0, 5, 3], "rotation": 270, "texture": "#29"}
			}
		},
		{
			"from": [11.93324, 22.11098, 11],
			"to": [13.03324, 24.01098, 12],
			"rotation": {"angle": 45, "axis": "z", "origin": [12.88324, 21.11098, 11.5]},
			"faces": {
				"north": {"uv": [1, 0, 5, 3], "rotation": 270, "texture": "#29"},
				"east": {"uv": [1, 0, 5, 3], "rotation": 270, "texture": "#29"},
				"south": {"uv": [1, 0, 5, 3], "rotation": 270, "texture": "#29"},
				"west": {"uv": [1, 0, 5, 3], "rotation": 270, "texture": "#29"},
				"up": {"uv": [1, 0, 5, 3], "rotation": 270, "texture": "#29"},
				"down": {"uv": [1, 0, 5, 3], "rotation": 270, "texture": "#29"}
			}
		},
		{
			"from": [11.43324, 20.81098, 11],
			"to": [11.93324, 23.71098, 12],
			"rotation": {"angle": 45, "axis": "z", "origin": [12.88324, 21.11098, 11.5]},
			"faces": {
				"north": {"uv": [1, 0, 5, 3], "rotation": 270, "texture": "#29"},
				"east": {"uv": [1, 0, 5, 3], "rotation": 270, "texture": "#29"},
				"south": {"uv": [1, 0, 5, 3], "rotation": 270, "texture": "#29"},
				"west": {"uv": [1, 0, 5, 3], "rotation": 270, "texture": "#29"},
				"up": {"uv": [1, 0, 5, 3], "rotation": 270, "texture": "#29"},
				"down": {"uv": [1, 0, 5, 3], "rotation": 270, "texture": "#29"}
			}
		},
		{
			"from": [14.33324, 21.41098, 11],
			"to": [14.83324, 23.71098, 12],
			"rotation": {"angle": 45, "axis": "z", "origin": [12.88324, 21.11098, 11.5]},
			"faces": {
				"north": {"uv": [1, 0, 5, 3], "rotation": 270, "texture": "#29"},
				"east": {"uv": [1, 0, 5, 3], "rotation": 270, "texture": "#29"},
				"south": {"uv": [1, 0, 5, 3], "rotation": 270, "texture": "#29"},
				"west": {"uv": [1, 0, 5, 3], "rotation": 270, "texture": "#29"},
				"up": {"uv": [1, 0, 5, 3], "rotation": 270, "texture": "#29"},
				"down": {"uv": [1, 0, 5, 3], "rotation": 270, "texture": "#29"}
			}
		},
		{
			"from": [14.83324, 20.41098, 11],
			"to": [15.33324, 21.81098, 12],
			"rotation": {"angle": 45, "axis": "z", "origin": [12.88324, 21.11098, 11.5]},
			"faces": {
				"north": {"uv": [0, 0, 16, 16], "rotation": 270, "texture": "#12"},
				"east": {"uv": [0, 0, 16, 16], "rotation": 270, "texture": "#12"},
				"south": {"uv": [0, 0, 16, 16], "rotation": 270, "texture": "#12"},
				"west": {"uv": [0, 0, 16, 16], "rotation": 270, "texture": "#12"},
				"up": {"uv": [0, 0, 16, 16], "rotation": 270, "texture": "#12"},
				"down": {"uv": [0, 0, 16, 16], "rotation": 270, "texture": "#12"}
			}
		},
		{
			"from": [14.83324, 22.81098, 11],
			"to": [15.33324, 24.21098, 12],
			"rotation": {"angle": 45, "axis": "z", "origin": [12.88324, 21.11098, 11.5]},
			"faces": {
				"north": {"uv": [0, 0, 16, 16], "rotation": 270, "texture": "#12"},
				"east": {"uv": [0, 0, 16, 16], "rotation": 270, "texture": "#12"},
				"south": {"uv": [0, 0, 16, 16], "rotation": 270, "texture": "#12"},
				"west": {"uv": [0, 0, 16, 16], "rotation": 270, "texture": "#12"},
				"up": {"uv": [0, 0, 16, 16], "rotation": 270, "texture": "#12"},
				"down": {"uv": [0, 0, 16, 16], "rotation": 270, "texture": "#12"}
			}
		},
		{
			"from": [9.83324, 22.01098, 11],
			"to": [10.33324, 23.41098, 12],
			"rotation": {"angle": -45, "axis": "z", "origin": [12.88324, 21.11098, 11.5]},
			"faces": {
				"north": {"uv": [0, 0, 16, 16], "rotation": 270, "texture": "#12"},
				"east": {"uv": [0, 0, 16, 16], "rotation": 270, "texture": "#12"},
				"south": {"uv": [0, 0, 16, 16], "rotation": 270, "texture": "#12"},
				"west": {"uv": [0, 0, 16, 16], "rotation": 270, "texture": "#12"},
				"up": {"uv": [0, 0, 16, 16], "rotation": 270, "texture": "#12"},
				"down": {"uv": [0, 0, 16, 16], "rotation": 270, "texture": "#12"}
			}
		},
		{
			"from": [9.83324, 20.61098, 10.9],
			"to": [10.33324, 22.01098, 12.1],
			"rotation": {"angle": -45, "axis": "z", "origin": [12.88324, 21.11098, 11.5]},
			"faces": {
				"north": {"uv": [0, 0, 16, 16], "rotation": 270, "texture": "#12"},
				"east": {"uv": [0, 0, 16, 16], "rotation": 270, "texture": "#12"},
				"south": {"uv": [0, 0, 16, 16], "rotation": 270, "texture": "#12"},
				"west": {"uv": [0, 0, 16, 16], "rotation": 270, "texture": "#12"},
				"up": {"uv": [0, 0, 16, 16], "rotation": 270, "texture": "#12"},
				"down": {"uv": [0, 0, 16, 16], "rotation": 270, "texture": "#12"}
			}
		},
		{
			"from": [9.93324, 20.11098, 10.9],
			"to": [10.33324, 20.61098, 12.1],
			"rotation": {"angle": -45, "axis": "z", "origin": [12.88324, 21.11098, 11.5]},
			"faces": {
				"north": {"uv": [0, 0, 16, 16], "rotation": 270, "texture": "#12"},
				"east": {"uv": [0, 0, 16, 16], "rotation": 270, "texture": "#12"},
				"south": {"uv": [0, 0, 16, 16], "rotation": 270, "texture": "#12"},
				"west": {"uv": [0, 0, 16, 16], "rotation": 270, "texture": "#12"},
				"up": {"uv": [0, 0, 16, 16], "rotation": 270, "texture": "#12"},
				"down": {"uv": [0, 0, 16, 16], "rotation": 270, "texture": "#12"}
			}
		},
		{
			"from": [10.13324, 19.61098, 10.9],
			"to": [10.53324, 20.11098, 12.1],
			"rotation": {"angle": -45, "axis": "z", "origin": [12.88324, 21.11098, 11.5]},
			"faces": {
				"north": {"uv": [0, 0, 16, 16], "rotation": 270, "texture": "#12"},
				"east": {"uv": [0, 0, 16, 16], "rotation": 270, "texture": "#12"},
				"south": {"uv": [0, 0, 16, 16], "rotation": 270, "texture": "#12"},
				"west": {"uv": [0, 0, 16, 16], "rotation": 270, "texture": "#12"},
				"up": {"uv": [0, 0, 16, 16], "rotation": 270, "texture": "#12"},
				"down": {"uv": [0, 0, 16, 16], "rotation": 270, "texture": "#12"}
			}
		},
		{
			"from": [10.33324, 19.11098, 10.9],
			"to": [10.73324, 19.61098, 12.1],
			"rotation": {"angle": -45, "axis": "z", "origin": [12.88324, 21.11098, 11.5]},
			"faces": {
				"north": {"uv": [0, 0, 16, 16], "rotation": 270, "texture": "#12"},
				"east": {"uv": [0, 0, 16, 16], "rotation": 270, "texture": "#12"},
				"south": {"uv": [0, 0, 16, 16], "rotation": 270, "texture": "#12"},
				"west": {"uv": [0, 0, 16, 16], "rotation": 270, "texture": "#12"},
				"up": {"uv": [0, 0, 16, 16], "rotation": 270, "texture": "#12"},
				"down": {"uv": [0, 0, 16, 16], "rotation": 270, "texture": "#12"}
			}
		},
		{
			"from": [10.43324, 18.61098, 10.9],
			"to": [10.83324, 19.11098, 12.1],
			"rotation": {"angle": -45, "axis": "z", "origin": [12.88324, 21.11098, 11.5]},
			"faces": {
				"north": {"uv": [0, 0, 16, 16], "rotation": 270, "texture": "#12"},
				"east": {"uv": [0, 0, 16, 16], "rotation": 270, "texture": "#12"},
				"south": {"uv": [0, 0, 16, 16], "rotation": 270, "texture": "#12"},
				"west": {"uv": [0, 0, 16, 16], "rotation": 270, "texture": "#12"},
				"up": {"uv": [0, 0, 16, 16], "rotation": 270, "texture": "#12"},
				"down": {"uv": [0, 0, 16, 16], "rotation": 270, "texture": "#12"}
			}
		},
		{
			"from": [9.73324, 19.21098, 10.9],
			"to": [10.13324, 19.71098, 12.1],
			"rotation": {"angle": -22.5, "axis": "z", "origin": [12.88324, 21.11098, 11.5]},
			"faces": {
				"north": {"uv": [0, 0, 16, 16], "rotation": 270, "texture": "#12"},
				"east": {"uv": [0, 0, 16, 16], "rotation": 270, "texture": "#12"},
				"south": {"uv": [0, 0, 16, 16], "rotation": 270, "texture": "#12"},
				"west": {"uv": [0, 0, 16, 16], "rotation": 270, "texture": "#12"},
				"up": {"uv": [0, 0, 16, 16], "rotation": 270, "texture": "#12"},
				"down": {"uv": [0, 0, 16, 16], "rotation": 270, "texture": "#12"}
			}
		},
		{
			"from": [11.72783, 19.7701, 10.9],
			"to": [12.12783, 20.2701, 12.1],
			"rotation": {"angle": 22.5, "axis": "z", "origin": [11.72783, 20.0201, 11.55]},
			"faces": {
				"north": {"uv": [0, 0, 16, 16], "rotation": 270, "texture": "#12"},
				"east": {"uv": [0, 0, 16, 16], "rotation": 270, "texture": "#12"},
				"south": {"uv": [0, 0, 16, 16], "rotation": 270, "texture": "#12"},
				"west": {"uv": [0, 0, 16, 16], "rotation": 270, "texture": "#12"},
				"up": {"uv": [0, 0, 16, 16], "rotation": 270, "texture": "#12"},
				"down": {"uv": [0, 0, 16, 16], "rotation": 270, "texture": "#12"}
			}
		},
		{
			"from": [11.32783, 19.7701, 10.9],
			"to": [11.72783, 20.2701, 12.1],
			"rotation": {"angle": 22.5, "axis": "z", "origin": [11.72783, 20.0201, 11.55]},
			"faces": {
				"north": {"uv": [0, 0, 16, 16], "rotation": 270, "texture": "#12"},
				"east": {"uv": [0, 0, 16, 16], "rotation": 270, "texture": "#12"},
				"south": {"uv": [0, 0, 16, 16], "rotation": 270, "texture": "#12"},
				"west": {"uv": [0, 0, 16, 16], "rotation": 270, "texture": "#12"},
				"up": {"uv": [0, 0, 16, 16], "rotation": 270, "texture": "#12"},
				"down": {"uv": [0, 0, 16, 16], "rotation": 270, "texture": "#12"}
			}
		},
		{
			"from": [10.92783, 19.5701, 10.9],
			"to": [11.32783, 20.0701, 12.1],
			"rotation": {"angle": 22.5, "axis": "z", "origin": [11.72783, 20.0201, 11.55]},
			"faces": {
				"north": {"uv": [0, 0, 16, 16], "rotation": 270, "texture": "#12"},
				"east": {"uv": [0, 0, 16, 16], "rotation": 270, "texture": "#12"},
				"south": {"uv": [0, 0, 16, 16], "rotation": 270, "texture": "#12"},
				"west": {"uv": [0, 0, 16, 16], "rotation": 270, "texture": "#12"},
				"up": {"uv": [0, 0, 16, 16], "rotation": 270, "texture": "#12"},
				"down": {"uv": [0, 0, 16, 16], "rotation": 270, "texture": "#12"}
			}
		},
		{
			"from": [10.52783, 19.5701, 10.9],
			"to": [10.92783, 20.0701, 12.1],
			"rotation": {"angle": 22.5, "axis": "z", "origin": [11.72783, 20.0201, 11.55]},
			"faces": {
				"north": {"uv": [0, 0, 16, 16], "rotation": 270, "texture": "#12"},
				"east": {"uv": [0, 0, 16, 16], "rotation": 270, "texture": "#12"},
				"south": {"uv": [0, 0, 16, 16], "rotation": 270, "texture": "#12"},
				"west": {"uv": [0, 0, 16, 16], "rotation": 270, "texture": "#12"},
				"up": {"uv": [0, 0, 16, 16], "rotation": 270, "texture": "#12"},
				"down": {"uv": [0, 0, 16, 16], "rotation": 270, "texture": "#12"}
			}
		},
		{
			"from": [10.22783, 19.5701, 10.9],
			"to": [10.62783, 20.0701, 12.1],
			"rotation": {"angle": 22.5, "axis": "z", "origin": [11.72783, 20.0201, 11.55]},
			"faces": {
				"north": {"uv": [0, 0, 16, 16], "rotation": 270, "texture": "#12"},
				"east": {"uv": [0, 0, 16, 16], "rotation": 270, "texture": "#12"},
				"south": {"uv": [0, 0, 16, 16], "rotation": 270, "texture": "#12"},
				"west": {"uv": [0, 0, 16, 16], "rotation": 270, "texture": "#12"},
				"up": {"uv": [0, 0, 16, 16], "rotation": 270, "texture": "#12"},
				"down": {"uv": [0, 0, 16, 16], "rotation": 270, "texture": "#12"}
			}
		},
		{
			"from": [9.82783, 19.6701, 10.9],
			"to": [10.22783, 20.1701, 12.1],
			"rotation": {"angle": 22.5, "axis": "z", "origin": [11.72783, 20.0201, 11.55]},
			"faces": {
				"north": {"uv": [0, 0, 16, 16], "rotation": 270, "texture": "#12"},
				"east": {"uv": [0, 0, 16, 16], "rotation": 270, "texture": "#12"},
				"south": {"uv": [0, 0, 16, 16], "rotation": 270, "texture": "#12"},
				"west": {"uv": [0, 0, 16, 16], "rotation": 270, "texture": "#12"},
				"up": {"uv": [0, 0, 16, 16], "rotation": 270, "texture": "#12"},
				"down": {"uv": [0, 0, 16, 16], "rotation": 270, "texture": "#12"}
			}
		},
		{
			"from": [9.42783, 19.7701, 10.9],
			"to": [9.82783, 20.2701, 12.1],
			"rotation": {"angle": 22.5, "axis": "z", "origin": [11.72783, 20.0201, 11.55]},
			"faces": {
				"north": {"uv": [0, 0, 16, 16], "rotation": 270, "texture": "#12"},
				"east": {"uv": [0, 0, 16, 16], "rotation": 270, "texture": "#12"},
				"south": {"uv": [0, 0, 16, 16], "rotation": 270, "texture": "#12"},
				"west": {"uv": [0, 0, 16, 16], "rotation": 270, "texture": "#12"},
				"up": {"uv": [0, 0, 16, 16], "rotation": 270, "texture": "#12"},
				"down": {"uv": [0, 0, 16, 16], "rotation": 270, "texture": "#12"}
			}
		},
		{
			"from": [9.02783, 19.8701, 10.9],
			"to": [9.42783, 20.3701, 12.1],
			"rotation": {"angle": 22.5, "axis": "z", "origin": [11.72783, 20.0201, 11.55]},
			"faces": {
				"north": {"uv": [0, 0, 16, 16], "rotation": 270, "texture": "#12"},
				"east": {"uv": [0, 0, 16, 16], "rotation": 270, "texture": "#12"},
				"south": {"uv": [0, 0, 16, 16], "rotation": 270, "texture": "#12"},
				"west": {"uv": [0, 0, 16, 16], "rotation": 270, "texture": "#12"},
				"up": {"uv": [0, 0, 16, 16], "rotation": 270, "texture": "#12"},
				"down": {"uv": [0, 0, 16, 16], "rotation": 270, "texture": "#12"}
			}
		},
		{
			"from": [8.72783, 20.0701, 10.9],
			"to": [9.12783, 20.5701, 12.1],
			"rotation": {"angle": 22.5, "axis": "z", "origin": [11.72783, 20.0201, 11.55]},
			"faces": {
				"north": {"uv": [0, 0, 16, 16], "rotation": 270, "texture": "#12"},
				"east": {"uv": [0, 0, 16, 16], "rotation": 270, "texture": "#12"},
				"south": {"uv": [0, 0, 16, 16], "rotation": 270, "texture": "#12"},
				"west": {"uv": [0, 0, 16, 16], "rotation": 270, "texture": "#12"},
				"up": {"uv": [0, 0, 16, 16], "rotation": 270, "texture": "#12"},
				"down": {"uv": [0, 0, 16, 16], "rotation": 270, "texture": "#12"}
			}
		},
		{
			"from": [12.93324, 19.71098, 10.9],
			"to": [13.43324, 21.41098, 12.1],
			"rotation": {"angle": -45, "axis": "z", "origin": [12.88324, 21.11098, 11.5]},
			"faces": {
				"north": {"uv": [0, 0, 16, 16], "rotation": 270, "texture": "#12"},
				"east": {"uv": [0, 0, 16, 16], "rotation": 270, "texture": "#12"},
				"south": {"uv": [0, 0, 16, 16], "rotation": 270, "texture": "#12"},
				"west": {"uv": [0, 0, 16, 16], "rotation": 270, "texture": "#12"},
				"up": {"uv": [0, 0, 16, 16], "rotation": 270, "texture": "#12"},
				"down": {"uv": [0, 0, 16, 16], "rotation": 270, "texture": "#12"}
			}
		},
		{
			"from": [13.13324, 20.91098, 10.9],
			"to": [13.63324, 22.61098, 12.1],
			"rotation": {"angle": -22.5, "axis": "z", "origin": [12.88324, 21.11098, 11.5]},
			"faces": {
				"north": {"uv": [0, 0, 16, 16], "rotation": 90, "texture": "#12"},
				"east": {"uv": [0, 0, 16, 16], "rotation": 90, "texture": "#12"},
				"south": {"uv": [0, 0, 16, 16], "rotation": 90, "texture": "#12"},
				"west": {"uv": [0, 0, 16, 16], "rotation": 90, "texture": "#12"},
				"up": {"uv": [0, 0, 16, 16], "rotation": 90, "texture": "#12"},
				"down": {"uv": [0, 0, 16, 16], "rotation": 90, "texture": "#12"}
			}
		},
		{
			"from": [13.93324, 21.71098, 10.9],
			"to": [14.43324, 23.41098, 12.1],
			"rotation": {"angle": 22.5, "axis": "z", "origin": [12.88324, 21.11098, 11.5]},
			"faces": {
				"north": {"uv": [0, 0, 16, 16], "rotation": 90, "texture": "#12"},
				"east": {"uv": [0, 0, 16, 16], "rotation": 90, "texture": "#12"},
				"south": {"uv": [0, 0, 16, 16], "rotation": 90, "texture": "#12"},
				"west": {"uv": [0, 0, 16, 16], "rotation": 90, "texture": "#12"},
				"up": {"uv": [0, 0, 16, 16], "rotation": 90, "texture": "#12"},
				"down": {"uv": [0, 0, 16, 16], "rotation": 90, "texture": "#12"}
			}
		},
		{
			"from": [11.28324, 23.36098, 10.9],
			"to": [13.38324, 23.86098, 12.1],
			"rotation": {"angle": 0, "axis": "z", "origin": [12.88324, 21.11098, 11.5]},
			"faces": {
				"north": {"uv": [0, 0, 16, 16], "rotation": 180, "texture": "#12"},
				"east": {"uv": [0, 0, 16, 16], "rotation": 180, "texture": "#12"},
				"south": {"uv": [0, 0, 16, 16], "rotation": 180, "texture": "#12"},
				"west": {"uv": [0, 0, 16, 16], "rotation": 180, "texture": "#12"},
				"up": {"uv": [0, 0, 16, 16], "rotation": 180, "texture": "#12"},
				"down": {"uv": [0, 0, 16, 16], "rotation": 180, "texture": "#12"}
			}
		},
		{
			"from": [12.33324, 20.51098, 11],
			"to": [12.83324, 20.91098, 12],
			"rotation": {"angle": -45, "axis": "z", "origin": [12.88324, 21.11098, 11.5]},
			"faces": {
				"north": {"uv": [5, 4, 12, 12], "rotation": 270, "texture": "#30"},
				"east": {"uv": [9, 5, 10, 6], "rotation": 270, "texture": "#30"},
				"south": {"uv": [5, 4, 12, 12], "rotation": 270, "texture": "#30"},
				"west": {"uv": [9, 5, 10, 6], "rotation": 270, "texture": "#30"},
				"up": {"uv": [9, 5, 10, 6], "rotation": 270, "texture": "#30"},
				"down": {"uv": [9, 5, 10, 6], "rotation": 270, "texture": "#30"}
			}
		},
		{
			"from": [15.33324, 23.11098, 11],
			"to": [15.83324, 24.51098, 12],
			"rotation": {"angle": 45, "axis": "z", "origin": [12.88324, 21.11098, 11.5]},
			"faces": {
				"north": {"uv": [0, 0, 16, 16], "rotation": 270, "texture": "#12"},
				"east": {"uv": [0, 0, 16, 16], "rotation": 270, "texture": "#12"},
				"south": {"uv": [0, 0, 16, 16], "rotation": 270, "texture": "#12"},
				"west": {"uv": [0, 0, 16, 16], "rotation": 270, "texture": "#12"},
				"up": {"uv": [0, 0, 16, 16], "rotation": 270, "texture": "#12"},
				"down": {"uv": [0, 0, 16, 16], "rotation": 270, "texture": "#12"}
			}
		},
		{
			"from": [15.83324, 23.11098, 11],
			"to": [16.33324, 24.51098, 12],
			"rotation": {"angle": 45, "axis": "z", "origin": [12.88324, 21.11098, 11.5]},
			"faces": {
				"north": {"uv": [0, 0, 16, 16], "rotation": 270, "texture": "#12"},
				"east": {"uv": [0, 0, 16, 16], "rotation": 270, "texture": "#12"},
				"south": {"uv": [0, 0, 16, 16], "rotation": 270, "texture": "#12"},
				"west": {"uv": [0, 0, 16, 16], "rotation": 270, "texture": "#12"},
				"up": {"uv": [0, 0, 16, 16], "rotation": 270, "texture": "#12"},
				"down": {"uv": [0, 0, 16, 16], "rotation": 270, "texture": "#12"}
			}
		},
		{
			"from": [16.23324, 22.81098, 11],
			"to": [16.73324, 24.21098, 12],
			"rotation": {"angle": 45, "axis": "z", "origin": [12.88324, 21.11098, 11.5]},
			"faces": {
				"north": {"uv": [0, 0, 16, 16], "rotation": 270, "texture": "#12"},
				"east": {"uv": [0, 0, 16, 16], "rotation": 270, "texture": "#12"},
				"south": {"uv": [0, 0, 16, 16], "rotation": 270, "texture": "#12"},
				"west": {"uv": [0, 0, 16, 16], "rotation": 270, "texture": "#12"},
				"up": {"uv": [0, 0, 16, 16], "rotation": 270, "texture": "#12"},
				"down": {"uv": [0, 0, 16, 16], "rotation": 270, "texture": "#12"}
			}
		},
		{
			"from": [16.73324, 22.51098, 11],
			"to": [17.23324, 23.91098, 12],
			"rotation": {"angle": 45, "axis": "z", "origin": [12.88324, 21.11098, 11.5]},
			"faces": {
				"north": {"uv": [0, 0, 16, 16], "rotation": 270, "texture": "#12"},
				"east": {"uv": [0, 0, 16, 16], "rotation": 270, "texture": "#12"},
				"south": {"uv": [0, 0, 16, 16], "rotation": 270, "texture": "#12"},
				"west": {"uv": [0, 0, 16, 16], "rotation": 270, "texture": "#12"},
				"up": {"uv": [0, 0, 16, 16], "rotation": 270, "texture": "#12"},
				"down": {"uv": [0, 0, 16, 16], "rotation": 270, "texture": "#12"}
			}
		},
		{
			"from": [14.55101, 25.09859, 11],
			"to": [15.95101, 25.59859, 12],
			"rotation": {"angle": 0, "axis": "z", "origin": [14.65101, 25.84859, 11.5]},
			"faces": {
				"north": {"uv": [0, 0, 16, 16], "rotation": 180, "texture": "#12"},
				"east": {"uv": [0, 0, 16, 16], "rotation": 180, "texture": "#12"},
				"south": {"uv": [0, 0, 16, 16], "rotation": 180, "texture": "#12"},
				"west": {"uv": [0, 0, 16, 16], "rotation": 180, "texture": "#12"},
				"up": {"uv": [0, 0, 16, 16], "rotation": 180, "texture": "#12"},
				"down": {"uv": [0, 0, 16, 16], "rotation": 180, "texture": "#12"}
			}
		},
		{
			"from": [15.33324, 19.91098, 11],
			"to": [15.83324, 21.31098, 12],
			"rotation": {"angle": 45, "axis": "z", "origin": [12.88324, 21.11098, 11.5]},
			"faces": {
				"north": {"uv": [0, 0, 16, 16], "rotation": 270, "texture": "#12"},
				"east": {"uv": [0, 0, 16, 16], "rotation": 270, "texture": "#12"},
				"south": {"uv": [0, 0, 16, 16], "rotation": 270, "texture": "#12"},
				"west": {"uv": [0, 0, 16, 16], "rotation": 270, "texture": "#12"},
				"up": {"uv": [0, 0, 16, 16], "rotation": 270, "texture": "#12"},
				"down": {"uv": [0, 0, 16, 16], "rotation": 270, "texture": "#12"}
			}
		},
		{
			"from": [15.83324, 19.41098, 11],
			"to": [16.33324, 20.81098, 12],
			"rotation": {"angle": 45, "axis": "z", "origin": [12.88324, 21.11098, 11.5]},
			"faces": {
				"north": {"uv": [0, 0, 16, 16], "rotation": 270, "texture": "#12"},
				"east": {"uv": [0, 0, 16, 16], "rotation": 270, "texture": "#12"},
				"south": {"uv": [0, 0, 16, 16], "rotation": 270, "texture": "#12"},
				"west": {"uv": [0, 0, 16, 16], "rotation": 270, "texture": "#12"},
				"up": {"uv": [0, 0, 16, 16], "rotation": 270, "texture": "#12"},
				"down": {"uv": [0, 0, 16, 16], "rotation": 270, "texture": "#12"}
			}
		},
		{
			"from": [10.93324, 20.81098, 11],
			"to": [11.43324, 23.61098, 12],
			"rotation": {"angle": 45, "axis": "z", "origin": [12.88324, 21.11098, 11.5]},
			"faces": {
				"north": {"uv": [1, 0, 5, 3], "rotation": 270, "texture": "#29"},
				"east": {"uv": [1, 0, 5, 3], "rotation": 270, "texture": "#29"},
				"south": {"uv": [1, 0, 5, 3], "rotation": 270, "texture": "#29"},
				"west": {"uv": [1, 0, 5, 3], "rotation": 270, "texture": "#29"},
				"up": {"uv": [1, 0, 5, 3], "rotation": 270, "texture": "#29"},
				"down": {"uv": [1, 0, 5, 3], "rotation": 270, "texture": "#29"}
			}
		},
		{
			"from": [10.43324, 20.91098, 11],
			"to": [10.93324, 23.51098, 12],
			"rotation": {"angle": 45, "axis": "z", "origin": [12.88324, 21.11098, 11.5]},
			"faces": {
				"north": {"uv": [1, 0, 5, 3], "rotation": 270, "texture": "#29"},
				"east": {"uv": [1, 0, 5, 3], "rotation": 270, "texture": "#29"},
				"south": {"uv": [1, 0, 5, 3], "rotation": 270, "texture": "#29"},
				"west": {"uv": [1, 0, 5, 3], "rotation": 270, "texture": "#29"},
				"up": {"uv": [1, 0, 5, 3], "rotation": 270, "texture": "#29"},
				"down": {"uv": [1, 0, 5, 3], "rotation": 270, "texture": "#29"}
			}
		},
		{
			"from": [9.93324, 21.11098, 11],
			"to": [10.43324, 23.31098, 12],
			"rotation": {"angle": 45, "axis": "z", "origin": [12.88324, 21.11098, 11.5]},
			"faces": {
				"north": {"uv": [1, 0, 5, 3], "rotation": 270, "texture": "#29"},
				"east": {"uv": [1, 0, 5, 3], "rotation": 270, "texture": "#29"},
				"south": {"uv": [1, 0, 5, 3], "rotation": 270, "texture": "#29"},
				"west": {"uv": [1, 0, 5, 3], "rotation": 270, "texture": "#29"},
				"up": {"uv": [1, 0, 5, 3], "rotation": 270, "texture": "#29"},
				"down": {"uv": [1, 0, 5, 3], "rotation": 270, "texture": "#29"}
			}
		},
		{
			"from": [9.43324, 21.11098, 11],
			"to": [9.93324, 23.01098, 12],
			"rotation": {"angle": 45, "axis": "z", "origin": [12.88324, 21.11098, 11.5]},
			"faces": {
				"north": {"uv": [1, 0, 5, 3], "rotation": 270, "texture": "#29"},
				"east": {"uv": [1, 0, 5, 3], "rotation": 270, "texture": "#29"},
				"south": {"uv": [1, 0, 5, 3], "rotation": 270, "texture": "#29"},
				"west": {"uv": [1, 0, 5, 3], "rotation": 270, "texture": "#29"},
				"up": {"uv": [1, 0, 5, 3], "rotation": 270, "texture": "#29"},
				"down": {"uv": [1, 0, 5, 3], "rotation": 270, "texture": "#29"}
			}
		},
		{
			"from": [8.93324, 20.91098, 11],
			"to": [9.43324, 22.91098, 12],
			"rotation": {"angle": 45, "axis": "z", "origin": [12.88324, 21.11098, 11.5]},
			"faces": {
				"north": {"uv": [1, 0, 5, 3], "rotation": 270, "texture": "#29"},
				"east": {"uv": [1, 0, 5, 3], "rotation": 270, "texture": "#29"},
				"south": {"uv": [1, 0, 5, 3], "rotation": 270, "texture": "#29"},
				"west": {"uv": [1, 0, 5, 3], "rotation": 270, "texture": "#29"},
				"up": {"uv": [1, 0, 5, 3], "rotation": 270, "texture": "#29"},
				"down": {"uv": [1, 0, 5, 3], "rotation": 270, "texture": "#29"}
			}
		},
		{
			"from": [8.43324, 20.61098, 11],
			"to": [8.93324, 22.61098, 12],
			"rotation": {"angle": 45, "axis": "z", "origin": [12.88324, 21.11098, 11.5]},
			"faces": {
				"north": {"uv": [1, 0, 5, 3], "rotation": 270, "texture": "#29"},
				"east": {"uv": [1, 0, 5, 3], "rotation": 270, "texture": "#29"},
				"south": {"uv": [1, 0, 5, 3], "rotation": 270, "texture": "#29"},
				"west": {"uv": [1, 0, 5, 3], "rotation": 270, "texture": "#29"},
				"up": {"uv": [1, 0, 5, 3], "rotation": 270, "texture": "#29"},
				"down": {"uv": [1, 0, 5, 3], "rotation": 270, "texture": "#29"}
			}
		},
		{
			"from": [7.93324, 20.31098, 11],
			"to": [8.43324, 22.41098, 12],
			"rotation": {"angle": 45, "axis": "z", "origin": [12.88324, 21.11098, 11.5]},
			"faces": {
				"north": {"uv": [1, 0, 5, 3], "rotation": 270, "texture": "#29"},
				"east": {"uv": [1, 0, 5, 3], "rotation": 270, "texture": "#29"},
				"south": {"uv": [1, 0, 5, 3], "rotation": 270, "texture": "#29"},
				"west": {"uv": [1, 0, 5, 3], "rotation": 270, "texture": "#29"},
				"up": {"uv": [1, 0, 5, 3], "rotation": 270, "texture": "#29"},
				"down": {"uv": [1, 0, 5, 3], "rotation": 270, "texture": "#29"}
			}
		},
		{
			"from": [7.53324, 20.01098, 11],
			"to": [8.03324, 22.11098, 12],
			"rotation": {"angle": 45, "axis": "z", "origin": [12.88324, 21.11098, 11.5]},
			"faces": {
				"north": {"uv": [1, 0, 5, 3], "rotation": 270, "texture": "#29"},
				"east": {"uv": [1, 0, 5, 3], "rotation": 270, "texture": "#29"},
				"south": {"uv": [1, 0, 5, 3], "rotation": 270, "texture": "#29"},
				"west": {"uv": [1, 0, 5, 3], "rotation": 270, "texture": "#29"},
				"up": {"uv": [1, 0, 5, 3], "rotation": 270, "texture": "#29"},
				"down": {"uv": [1, 0, 5, 3], "rotation": 270, "texture": "#29"}
			}
		},
		{
			"from": [7.03324, 20.01098, 11],
			"to": [7.53324, 21.81098, 12],
			"rotation": {"angle": 45, "axis": "z", "origin": [12.88324, 21.11098, 11.5]},
			"faces": {
				"north": {"uv": [1, 0, 5, 3], "rotation": 270, "texture": "#29"},
				"east": {"uv": [1, 0, 5, 3], "rotation": 270, "texture": "#29"},
				"south": {"uv": [1, 0, 5, 3], "rotation": 270, "texture": "#29"},
				"west": {"uv": [1, 0, 5, 3], "rotation": 270, "texture": "#29"},
				"up": {"uv": [1, 0, 5, 3], "rotation": 270, "texture": "#29"},
				"down": {"uv": [1, 0, 5, 3], "rotation": 270, "texture": "#29"}
			}
		},
		{
			"from": [6.53324, 19.81098, 11],
			"to": [7.03324, 21.51098, 12],
			"rotation": {"angle": 45, "axis": "z", "origin": [12.88324, 21.11098, 11.5]},
			"faces": {
				"north": {"uv": [1, 0, 5, 3], "rotation": 270, "texture": "#29"},
				"east": {"uv": [1, 0, 5, 3], "rotation": 270, "texture": "#29"},
				"south": {"uv": [1, 0, 5, 3], "rotation": 270, "texture": "#29"},
				"west": {"uv": [1, 0, 5, 3], "rotation": 270, "texture": "#29"},
				"up": {"uv": [1, 0, 5, 3], "rotation": 270, "texture": "#29"},
				"down": {"uv": [1, 0, 5, 3], "rotation": 270, "texture": "#29"}
			}
		},
		{
			"from": [6.13324, 19.61098, 11],
			"to": [6.63324, 21.31098, 12],
			"rotation": {"angle": 45, "axis": "z", "origin": [12.88324, 21.11098, 11.5]},
			"faces": {
				"north": {"uv": [1, 0, 5, 3], "rotation": 270, "texture": "#29"},
				"east": {"uv": [1, 0, 5, 3], "rotation": 270, "texture": "#29"},
				"south": {"uv": [1, 0, 5, 3], "rotation": 270, "texture": "#29"},
				"west": {"uv": [1, 0, 5, 3], "rotation": 270, "texture": "#29"},
				"up": {"uv": [1, 0, 5, 3], "rotation": 270, "texture": "#29"},
				"down": {"uv": [1, 0, 5, 3], "rotation": 270, "texture": "#29"}
			}
		},
		{
			"from": [5.63324, 19.41098, 11],
			"to": [6.13324, 21.01098, 12],
			"rotation": {"angle": 45, "axis": "z", "origin": [12.88324, 21.11098, 11.5]},
			"faces": {
				"north": {"uv": [1, 0, 5, 3], "rotation": 270, "texture": "#29"},
				"east": {"uv": [1, 0, 5, 3], "rotation": 270, "texture": "#29"},
				"south": {"uv": [1, 0, 5, 3], "rotation": 270, "texture": "#29"},
				"west": {"uv": [1, 0, 5, 3], "rotation": 270, "texture": "#29"},
				"up": {"uv": [1, 0, 5, 3], "rotation": 270, "texture": "#29"},
				"down": {"uv": [1, 0, 5, 3], "rotation": 270, "texture": "#29"}
			}
		},
		{
			"from": [5.13324, 19.11098, 11],
			"to": [5.63324, 20.91098, 12],
			"rotation": {"angle": 45, "axis": "z", "origin": [12.88324, 21.11098, 11.5]},
			"faces": {
				"north": {"uv": [1, 0, 5, 3], "rotation": 270, "texture": "#29"},
				"east": {"uv": [1, 0, 5, 3], "rotation": 270, "texture": "#29"},
				"south": {"uv": [1, 0, 5, 3], "rotation": 270, "texture": "#29"},
				"west": {"uv": [1, 0, 5, 3], "rotation": 270, "texture": "#29"},
				"up": {"uv": [1, 0, 5, 3], "rotation": 270, "texture": "#29"},
				"down": {"uv": [1, 0, 5, 3], "rotation": 270, "texture": "#29"}
			}
		},
		{
			"from": [4.63324, 18.91098, 11],
			"to": [5.13324, 20.61098, 12],
			"rotation": {"angle": 45, "axis": "z", "origin": [12.88324, 21.11098, 11.5]},
			"faces": {
				"north": {"uv": [1, 0, 5, 3], "rotation": 270, "texture": "#29"},
				"east": {"uv": [1, 0, 5, 3], "rotation": 270, "texture": "#29"},
				"south": {"uv": [1, 0, 5, 3], "rotation": 270, "texture": "#29"},
				"west": {"uv": [1, 0, 5, 3], "rotation": 270, "texture": "#29"},
				"up": {"uv": [1, 0, 5, 3], "rotation": 270, "texture": "#29"},
				"down": {"uv": [1, 0, 5, 3], "rotation": 270, "texture": "#29"}
			}
		},
		{
			"from": [4.13324, 18.61098, 11],
			"to": [4.63324, 20.21098, 12],
			"rotation": {"angle": 45, "axis": "z", "origin": [12.88324, 21.11098, 11.5]},
			"faces": {
				"north": {"uv": [1, 0, 5, 3], "rotation": 270, "texture": "#29"},
				"east": {"uv": [1, 0, 5, 3], "rotation": 270, "texture": "#29"},
				"south": {"uv": [1, 0, 5, 3], "rotation": 270, "texture": "#29"},
				"west": {"uv": [1, 0, 5, 3], "rotation": 270, "texture": "#29"},
				"up": {"uv": [1, 0, 5, 3], "rotation": 270, "texture": "#29"},
				"down": {"uv": [1, 0, 5, 3], "rotation": 270, "texture": "#29"}
			}
		},
		{
			"from": [3.73324, 18.31098, 11],
			"to": [4.23324, 20.01098, 12],
			"rotation": {"angle": 45, "axis": "z", "origin": [12.88324, 21.11098, 11.5]},
			"faces": {
				"north": {"uv": [1, 0, 5, 3], "rotation": 270, "texture": "#29"},
				"east": {"uv": [1, 0, 5, 3], "rotation": 270, "texture": "#29"},
				"south": {"uv": [1, 0, 5, 3], "rotation": 270, "texture": "#29"},
				"west": {"uv": [1, 0, 5, 3], "rotation": 270, "texture": "#29"},
				"up": {"uv": [1, 0, 5, 3], "rotation": 270, "texture": "#29"},
				"down": {"uv": [1, 0, 5, 3], "rotation": 270, "texture": "#29"}
			}
		},
		{
			"from": [3.23324, 18.01098, 11],
			"to": [3.73324, 19.71098, 12],
			"rotation": {"angle": 45, "axis": "z", "origin": [12.88324, 21.11098, 11.5]},
			"faces": {
				"north": {"uv": [1, 0, 5, 3], "rotation": 270, "texture": "#29"},
				"east": {"uv": [1, 0, 5, 3], "rotation": 270, "texture": "#29"},
				"south": {"uv": [1, 0, 5, 3], "rotation": 270, "texture": "#29"},
				"west": {"uv": [1, 0, 5, 3], "rotation": 270, "texture": "#29"},
				"up": {"uv": [1, 0, 5, 3], "rotation": 270, "texture": "#29"},
				"down": {"uv": [1, 0, 5, 3], "rotation": 270, "texture": "#29"}
			}
		},
		{
			"from": [2.63324, 17.71098, 11],
			"to": [3.13324, 19.21098, 12],
			"rotation": {"angle": 45, "axis": "z", "origin": [12.88324, 21.11098, 11.5]},
			"faces": {
				"north": {"uv": [1, 0, 5, 3], "rotation": 270, "texture": "#29"},
				"east": {"uv": [1, 0, 5, 3], "rotation": 270, "texture": "#29"},
				"south": {"uv": [1, 0, 5, 3], "rotation": 270, "texture": "#29"},
				"west": {"uv": [1, 0, 5, 3], "rotation": 270, "texture": "#29"},
				"up": {"uv": [1, 0, 5, 3], "rotation": 270, "texture": "#29"},
				"down": {"uv": [1, 0, 5, 3], "rotation": 270, "texture": "#29"}
			}
		},
		{
			"from": [2.13324, 17.51098, 11],
			"to": [2.63324, 18.91098, 12],
			"rotation": {"angle": 45, "axis": "z", "origin": [12.88324, 21.11098, 11.5]},
			"faces": {
				"north": {"uv": [1, 0, 5, 3], "rotation": 270, "texture": "#29"},
				"east": {"uv": [1, 0, 5, 3], "rotation": 270, "texture": "#29"},
				"south": {"uv": [1, 0, 5, 3], "rotation": 270, "texture": "#29"},
				"west": {"uv": [1, 0, 5, 3], "rotation": 270, "texture": "#29"},
				"up": {"uv": [1, 0, 5, 3], "rotation": 270, "texture": "#29"},
				"down": {"uv": [1, 0, 5, 3], "rotation": 270, "texture": "#29"}
			}
		},
		{
			"from": [1.83324, 17.21098, 11],
			"to": [2.33324, 18.61098, 12],
			"rotation": {"angle": 45, "axis": "z", "origin": [12.88324, 21.11098, 11.5]},
			"faces": {
				"north": {"uv": [1, 0, 5, 3], "rotation": 270, "texture": "#29"},
				"east": {"uv": [1, 0, 5, 3], "rotation": 270, "texture": "#29"},
				"south": {"uv": [1, 0, 5, 3], "rotation": 270, "texture": "#29"},
				"west": {"uv": [1, 0, 5, 3], "rotation": 270, "texture": "#29"},
				"up": {"uv": [1, 0, 5, 3], "rotation": 270, "texture": "#29"},
				"down": {"uv": [1, 0, 5, 3], "rotation": 270, "texture": "#29"}
			}
		},
		{
			"from": [1.53324, 17.41098, 11],
			"to": [1.83324, 17.71098, 12],
			"rotation": {"angle": 45, "axis": "z", "origin": [12.88324, 21.11098, 11.5]},
			"faces": {
				"north": {"uv": [1, 0, 5, 3], "rotation": 270, "texture": "#29"},
				"east": {"uv": [1, 0, 5, 3], "rotation": 270, "texture": "#29"},
				"south": {"uv": [1, 0, 5, 3], "rotation": 270, "texture": "#29"},
				"west": {"uv": [1, 0, 5, 3], "rotation": 270, "texture": "#29"},
				"up": {"uv": [1, 0, 5, 3], "rotation": 270, "texture": "#29"},
				"down": {"uv": [1, 0, 5, 3], "rotation": 270, "texture": "#29"}
			}
		},
		{
			"from": [1.63324, 17.11098, 11],
			"to": [1.93324, 17.41098, 12],
			"rotation": {"angle": 45, "axis": "z", "origin": [12.88324, 21.11098, 11.5]},
			"faces": {
				"north": {"uv": [1, 0, 5, 3], "rotation": 270, "texture": "#29"},
				"east": {"uv": [1, 0, 5, 3], "rotation": 270, "texture": "#29"},
				"south": {"uv": [1, 0, 5, 3], "rotation": 270, "texture": "#29"},
				"west": {"uv": [1, 0, 5, 3], "rotation": 270, "texture": "#29"},
				"up": {"uv": [1, 0, 5, 3], "rotation": 270, "texture": "#29"},
				"down": {"uv": [1, 0, 5, 3], "rotation": 270, "texture": "#29"}
			}
		},
		{
			"from": [1.83324, 16.81098, 11],
			"to": [2.13324, 17.11098, 12],
			"rotation": {"angle": 45, "axis": "z", "origin": [12.88324, 21.11098, 11.5]},
			"faces": {
				"north": {"uv": [1, 0, 5, 3], "rotation": 270, "texture": "#29"},
				"east": {"uv": [1, 0, 5, 3], "rotation": 270, "texture": "#29"},
				"south": {"uv": [1, 0, 5, 3], "rotation": 270, "texture": "#29"},
				"west": {"uv": [1, 0, 5, 3], "rotation": 270, "texture": "#29"},
				"up": {"uv": [1, 0, 5, 3], "rotation": 270, "texture": "#29"},
				"down": {"uv": [1, 0, 5, 3], "rotation": 270, "texture": "#29"}
			}
		},
		{
			"from": [2.03324, 16.61098, 11],
			"to": [2.33324, 16.91098, 12],
			"rotation": {"angle": 45, "axis": "z", "origin": [12.88324, 21.11098, 11.5]},
			"faces": {
				"north": {"uv": [1, 0, 5, 3], "rotation": 270, "texture": "#29"},
				"east": {"uv": [1, 0, 5, 3], "rotation": 270, "texture": "#29"},
				"south": {"uv": [1, 0, 5, 3], "rotation": 270, "texture": "#29"},
				"west": {"uv": [1, 0, 5, 3], "rotation": 270, "texture": "#29"},
				"up": {"uv": [1, 0, 5, 3], "rotation": 270, "texture": "#29"},
				"down": {"uv": [1, 0, 5, 3], "rotation": 270, "texture": "#29"}
			}
		},
		{
			"from": [2.03324, 16.91098, 11],
			"to": [2.33324, 17.21098, 12],
			"rotation": {"angle": 45, "axis": "z", "origin": [12.88324, 21.11098, 11.5]},
			"faces": {
				"north": {"uv": [1, 0, 5, 3], "rotation": 270, "texture": "#29"},
				"east": {"uv": [1, 0, 5, 3], "rotation": 270, "texture": "#29"},
				"south": {"uv": [1, 0, 5, 3], "rotation": 270, "texture": "#29"},
				"west": {"uv": [1, 0, 5, 3], "rotation": 270, "texture": "#29"},
				"up": {"uv": [1, 0, 5, 3], "rotation": 270, "texture": "#29"},
				"down": {"uv": [1, 0, 5, 3], "rotation": 270, "texture": "#29"}
			}
		},
		{
			"from": [2.23324, 16.71098, 11],
			"to": [2.53324, 17.01098, 12],
			"rotation": {"angle": 45, "axis": "z", "origin": [12.88324, 21.11098, 11.5]},
			"color": 7,
			"faces": {
				"north": {"uv": [0, 0, 0.02143, 0.02143], "rotation": 90, "texture": "#missing"},
				"east": {"uv": [0, 0, 0.02143, 0.07143], "rotation": 270, "texture": "#missing"},
				"south": {"uv": [0, 0, 0.02143, 0.02143], "rotation": 270, "texture": "#missing"},
				"west": {"uv": [0, 0, 0.02143, 0.07143], "rotation": 270, "texture": "#missing"},
				"up": {"uv": [0, 0, 0.07143, 0.02143], "rotation": 270, "texture": "#missing"},
				"down": {"uv": [0, 0, 0.07143, 0.02143], "rotation": 270, "texture": "#missing"}
			}
		},
		{
			"from": [2.23324, 16.91098, 11],
			"to": [2.53324, 17.21098, 12],
			"rotation": {"angle": 45, "axis": "z", "origin": [12.88324, 21.11098, 11.5]},
			"faces": {
				"north": {"uv": [1, 0, 5, 3], "rotation": 270, "texture": "#29"},
				"east": {"uv": [1, 0, 5, 3], "rotation": 270, "texture": "#29"},
				"south": {"uv": [1, 0, 5, 3], "rotation": 270, "texture": "#29"},
				"west": {"uv": [1, 0, 5, 3], "rotation": 270, "texture": "#29"},
				"up": {"uv": [1, 0, 5, 3], "rotation": 270, "texture": "#29"},
				"down": {"uv": [1, 0, 5, 3], "rotation": 270, "texture": "#29"}
			}
		},
		{
			"from": [2.43324, 16.71098, 11],
			"to": [2.73324, 17.01098, 12],
			"rotation": {"angle": 45, "axis": "z", "origin": [12.88324, 21.11098, 11.5]},
			"faces": {
				"north": {"uv": [1, 0, 5, 3], "rotation": 270, "texture": "#29"},
				"east": {"uv": [1, 0, 5, 3], "rotation": 270, "texture": "#29"},
				"south": {"uv": [1, 0, 5, 3], "rotation": 270, "texture": "#29"},
				"west": {"uv": [1, 0, 5, 3], "rotation": 270, "texture": "#29"},
				"up": {"uv": [1, 0, 5, 3], "rotation": 270, "texture": "#29"},
				"down": {"uv": [1, 0, 5, 3], "rotation": 270, "texture": "#29"}
			}
		},
		{
			"from": [1.63324, 17.71098, 11],
			"to": [1.93324, 18.01098, 12],
			"rotation": {"angle": 45, "axis": "z", "origin": [12.88324, 21.11098, 11.5]},
			"faces": {
				"north": {"uv": [1, 0, 5, 3], "rotation": 270, "texture": "#29"},
				"east": {"uv": [1, 0, 5, 3], "rotation": 270, "texture": "#29"},
				"south": {"uv": [1, 0, 5, 3], "rotation": 270, "texture": "#29"},
				"west": {"uv": [1, 0, 5, 3], "rotation": 270, "texture": "#29"},
				"up": {"uv": [1, 0, 5, 3], "rotation": 270, "texture": "#29"},
				"down": {"uv": [1, 0, 5, 3], "rotation": 270, "texture": "#29"}
			}
		},
		{
			"from": [1.73324, 18.01098, 11],
			"to": [2.03324, 18.31098, 12],
			"rotation": {"angle": 45, "axis": "z", "origin": [12.88324, 21.11098, 11.5]},
			"faces": {
				"north": {"uv": [1, 0, 5, 3], "rotation": 270, "texture": "#29"},
				"east": {"uv": [1, 0, 5, 3], "rotation": 270, "texture": "#29"},
				"south": {"uv": [1, 0, 5, 3], "rotation": 270, "texture": "#29"},
				"west": {"uv": [1, 0, 5, 3], "rotation": 270, "texture": "#29"},
				"up": {"uv": [1, 0, 5, 3], "rotation": 270, "texture": "#29"},
				"down": {"uv": [1, 0, 5, 3], "rotation": 270, "texture": "#29"}
			}
		}
	],
	"display": {
		"thirdperson_righthand": {
			"rotation": [-132.25, -91.5, 170.5],
			"translation": [3.5, 10.75, -8.25]
		},
		"thirdperson_lefthand": {
			"rotation": [0, -270.25, 0],
			"translation": [-3.25, 2, -1.75]
		},
		"firstperson_righthand": {
			"rotation": [24.5, -93.25, 0],
			"translation": [3.5, 2.25, -8]
		},
		"firstperson_lefthand": {
			"rotation": [-36, -76.5, -8.5],
			"translation": [7.5, 1.75, 0]
		},
		"ground": {
			"translation": [-4.25, 0, -4.75]
		},
		"gui": {
			"rotation": [-7.25, 33.75, 38.75],
			"translation": [1.25, -7.75, 0]
		},
		"fixed": {
			"rotation": [2, 174.75, 1.25],
			"translation": [0.75, -4.75, 2.25]
		}
	},
	"groups": [
		{
			"name": "group",
			"origin": [8, 8, 8],
			"color": 0,
			"children": []
		},
		{
			"name": "group",
			"origin": [8, 8, 8],
			"color": 0,
			"children": []
		},
		{
			"name": "銀製弩3",
			"origin": [8, 8, 8],
			"color": 0,
			"children": [
				{
					"name": "group",
					"origin": [8, 8, 8],
					"color": 0,
					"children": []
				},
				{
					"name": "group",
					"origin": [8, 8, 8],
					"color": 0,
					"children": []
				}
			]
		},
		{
			"name": "銀製弩3",
			"origin": [8, 8, 8],
			"color": 0,
			"children": [
				{
					"name": "group",
					"origin": [8, 8, 8],
					"color": 0,
					"children": []
				},
				{
					"name": "group",
					"origin": [8, 8, 8],
					"color": 0,
					"children": []
				}
			]
		},
		{
			"name": "黃金弩1",
			"origin": [8, 8, 8],
			"color": 0,
			"children": [
				{
					"name": "group",
					"origin": [8, 8, 8],
					"color": 0,
					"children": []
				},
				{
					"name": "group",
					"origin": [8, 8, 8],
					"color": 0,
					"children": []
				}
			]
		}, 0, 1, 2, 3, 4, 5, 6, 7, 8, 9, 10, 11, 12, 13, 14, 15, 16, 17, 18, 19, 20, 21, 22, 23, 24, 25, 26, 27, 28, 29, 30, 31, 32, 33, 34, 35, 36, 37, 38, 39, 40, 41, 42, 43, 44, 45, 46, 47, 48, 49, 50, 51, 52, 53, 54, 55, 56, 57, 58, 59, 60, 61, 62, 63, 64, 65, 66, 67, 68, 69, 70, 71, 72, 73, 74]
}